num__product_variation_count,num__total_items_sold,num__total_orders,num__year,num__month,num__day_of_week,num__avg_items_per_order,cat__Country_Austria,cat__Country_Belgium,cat__Country_Canada,cat__Country_Channel Islands,cat__Country_Cyprus,cat__Country_Denmark,cat__Country_EIRE,cat__Country_Finland,cat__Country_France,cat__Country_Germany,cat__Country_Hong Kong,cat__Country_Iceland,cat__Country_Israel,cat__Country_Italy,cat__Country_Japan,cat__Country_Netherlands,cat__Country_Norway,cat__Country_Other,cat__Country_Poland,cat__Country_Portugal,cat__Country_Singapore,cat__Country_Spain,cat__Country_Sweden,cat__Country_Switzerland,cat__Country_United Kingdom,cat__Country_Unspecified,target
-0.6153473571173798,-0.6695345178860281,-0.7172609266350096,0.24978623339432163,0.5928701515604371,-0.8176963349223229,-0.40046986082474967,0.0,0.0,0.0,0.0,0.0,0.0,0.0,0.0,0.0,1.0,0.0,0.0,0.0,0.0,0.0,0.0,0.0,0.0,0.0,0.0,0.0,0.0,0.0,0.0,0.0,0.0,6.035959786994534
-0.6434054178608329,-0.6827313935973407,-0.7172609266350096,0.24978623339432163,0.884149834718391,2.053480343915099,-0.5219325428662794,0.0,0.0,0.0,0.0,0.0,0.0,1.0,0.0,0.0,0.0,0.0,0.0,0.0,0.0,0.0,0.0,0.0,0.0,0.0,0.0,0.0,0.0,0.0,0.0,0.0,0.0,6.219913997212373
-0.04015711187659142,0.8781950655367083,-0.7172609266350096,0.24978623339432163,-0.28096889791342455,0.9050096723801302,2.0968028819491016,0.0,0.0,0.0,0.0,0.0,0.0,0.0,0.0,0.0,0.0,0.0,0.0,0.0,0.0,0.0,0.0,0.0,0.0,0.0,0.0,0.0,0.0,0.0,1.0,0.0,0.0,8.733606948377961
-0.7696666912063718,-0.5951041388742253,-0.7172609266350096,0.24978623339432163,-0.28096889791342455,-0.8176963349223229,0.28457966588947803,0.0,0.0,0.0,0.0,0.0,0.0,0.0,0.0,1.0,0.0,0.0,0.0,0.0,0.0,0.0,0.0,0.0,0.0,0.0,0.0,0.0,0.0,0.0,0.0,0.0,0.0,5.554121700101795
-0.2786506281959427,-0.5924647637319628,-0.7172609266350096,0.24978623339432163,-0.28096889791342455,0.9050096723801302,0.308872202297784,0.0,0.0,0.0,0.0,1.0,0.0,0.0,0.0,0.0,0.0,0.0,0.0,0.0,0.0,0.0,0.0,0.0,0.0,0.0,0.0,0.0,0.0,0.0,0.0,0.0,0.0,7.0124035410475845
-0.6434054178608329,-0.7101808950768708,-0.7172609266350096,0.24978623339432163,0.30159046840248327,-0.8176963349223229,-0.7745749215126613,0.0,0.0,0.0,0.0,0.0,0.0,0.0,0.0,0.0,1.0,0.0,0.0,0.0,0.0,0.0,0.0,0.0,0.0,0.0,0.0,0.0,0.0,0.0,0.0,0.0,0.0,6.003467225899132
-0.5592312356304736,-0.5650152622524327,-0.7172609266350096,0.24978623339432163,-0.28096889791342455,2.053480343915099,0.5615145809441658,0.0,0.0,0.0,0.0,0.0,0.0,0.0,0.0,0.0,0.0,0.0,0.0,0.0,0.0,0.0,0.0,0.0,0.0,0.0,0.0,0.0,0.0,0.0,1.0,0.0,0.0,6.504333082707855
-0.23656353708076305,-0.4689420070740773,-0.20983045890176158,0.24978623339432163,0.30159046840248327,0.3307743366126458,0.012503258116451445,0.0,0.0,0.0,0.0,0.0,0.0,0.0,0.0,0.0,1.0,0.0,0.0,0.0,0.0,0.0,0.0,0.0,0.0,0.0,0.0,0.0,0.0,0.0,0.0,0.0,0.0,7.161606486915013
-0.13836032447867724,-0.48002738267157985,-0.7172609266350096,0.24978623339432163,0.5928701515604371,-0.2434609991548385,1.3437342532916174,0.0,0.0,0.0,0.0,0.0,0.0,0.0,0.0,0.0,0.0,0.0,0.0,0.0,0.0,0.0,0.0,0.0,0.0,0.0,0.0,0.0,1.0,0.0,0.0,0.0,0.0,6.872987835288763
-0.9239860252953638,-0.779860398832601,-0.7172609266350096,0.24978623339432163,1.175429517876345,-1.3919316706898073,-1.4158978826919382,0.0,0.0,0.0,0.0,0.0,0.0,0.0,0.0,0.0,0.0,1.0,0.0,0.0,0.0,0.0,0.0,0.0,0.0,0.0,0.0,0.0,0.0,0.0,0.0,0.0,0.0,5.790265934544339
-0.6293763874891063,-0.6489473917763805,-0.7172609266350096,0.24978623339432163,1.175429517876345,-1.3919316706898073,-0.21098807683996326,0.0,0.0,0.0,0.0,0.0,0.0,0.0,0.0,0.0,0.0,0.0,0.0,0.0,0.0,0.0,0.0,0.0,0.0,0.0,0.0,0.0,1.0,0.0,0.0,0.0,0.0,6.060244062502807
-0.7275796000911922,-0.7012070195931782,-0.7172609266350096,0.24978623339432163,1.175429517876345,-1.3919316706898073,-0.691980297724421,0.0,0.0,0.0,0.0,0.0,0.0,0.0,1.0,0.0,0.0,0.0,0.0,0.0,0.0,0.0,0.0,0.0,0.0,0.0,0.0,0.0,0.0,0.0,0.0,0.0,0.0,6.014546106551303
-0.6293763874891063,-0.6500031418332856,-0.20983045890176158,0.24978623339432163,0.884149834718391,0.3307743366126458,-0.8207307406884425,0.0,0.0,0.0,0.0,0.0,0.0,0.0,0.0,0.0,1.0,0.0,0.0,0.0,0.0,0.0,0.0,0.0,0.0,0.0,0.0,0.0,0.0,0.0,0.0,0.0,0.0,6.18752463001245
-0.5031151141435675,-0.4689420070740773,-0.7172609266350096,0.24978623339432163,-1.737367313703194,-0.2434609991548385,1.4457629062065023,0.0,1.0,0.0,0.0,0.0,0.0,0.0,0.0,0.0,0.0,0.0,0.0,0.0,0.0,0.0,0.0,0.0,0.0,0.0,0.0,0.0,0.0,0.0,0.0,0.0,0.0,6.480289930594306
1.8677910186782187,1.8415669924625249,1.8198914120312308,0.24978623339432163,1.4667092010342988,-1.3919316706898073,0.38859396960643316,0.0,0.0,0.0,0.0,0.0,0.0,0.0,0.0,0.0,0.0,0.0,0.0,0.0,0.0,0.0,0.0,0.0,0.0,0.0,0.0,0.0,0.0,0.0,0.0,1.0,0.0,11.355733381426692
-0.2646215978242161,-0.3702293767534594,-0.7172609266350096,0.24978623339432163,-1.4460876305452401,-0.2434609991548385,2.0968028819491016,0.0,0.0,0.0,0.0,0.0,0.0,0.0,0.0,1.0,0.0,0.0,0.0,0.0,0.0,0.0,0.0,0.0,0.0,0.0,0.0,0.0,0.0,0.0,0.0,0.0,0.0,6.825090804145295
-0.5592312356304736,-0.4974472586105124,-0.20983045890176158,0.24978623339432163,-1.154807947387286,0.3307743366126458,-0.11867643848840066,0.0,0.0,0.0,0.0,0.0,0.0,0.0,0.0,0.0,1.0,0.0,0.0,0.0,0.0,0.0,0.0,0.0,0.0,0.0,0.0,0.0,0.0,0.0,0.0,0.0,0.0,6.587935615402466
-0.825782812693278,-0.7027906446785358,-0.7172609266350096,0.24978623339432163,-0.8635282642293323,0.3307743366126458,-0.7065558195694046,0.0,0.0,0.0,0.0,0.0,0.0,0.0,0.0,1.0,0.0,0.0,0.0,0.0,0.0,0.0,0.0,0.0,0.0,0.0,0.0,0.0,0.0,0.0,0.0,0.0,0.0,5.347583607850955
-0.47505705340011434,-0.5998550141302978,-0.7172609266350096,0.24978623339432163,1.175429517876345,-1.3919316706898073,0.24085310035452734,1.0,0.0,0.0,0.0,0.0,0.0,0.0,0.0,0.0,0.0,0.0,0.0,0.0,0.0,0.0,0.0,0.0,0.0,0.0,0.0,0.0,0.0,0.0,0.0,0.0,0.0,6.6119469443852195
-0.517144144515294,-0.6468358916625705,-0.20983045890176158,0.24978623339432163,0.5928701515604371,-1.3919316706898073,-0.806155218843459,0.0,0.0,0.0,0.0,0.0,0.0,0.0,0.0,0.0,0.0,0.0,0.0,0.0,0.0,0.0,0.0,0.0,0.0,1.0,0.0,0.0,0.0,0.0,0.0,0.0,0.0,6.2733485934447915
-0.3768538407980285,-0.6288881406951855,-0.7172609266350096,0.24978623339432163,-1.4460876305452401,-0.2434609991548385,-0.02636480013683807,0.0,0.0,0.0,0.0,0.0,0.0,0.0,0.0,0.0,0.0,0.0,0.0,0.0,0.0,0.0,0.0,0.0,0.0,0.0,0.0,0.0,1.0,0.0,0.0,0.0,0.0,6.637402188652131
1.8677910186782187,1.8415669924625249,1.8198914120312308,-4.003423192752847,1.4667092010342988,-0.2434609991548385,-0.44848810779183435,0.0,0.0,0.0,0.0,0.0,0.0,0.0,0.0,0.0,0.0,0.0,0.0,0.0,0.0,0.0,0.0,0.0,0.0,0.0,0.0,0.0,0.0,0.0,0.0,1.0,0.0,10.911793587519675
1.8677910186782187,1.8415669924625249,1.8198914120312308,0.24978623339432163,-0.28096889791342455,-0.8176963349223229,-0.19757859674257844,0.0,0.0,0.0,0.0,0.0,0.0,0.0,0.0,0.0,0.0,0.0,0.0,0.0,0.0,0.0,0.0,0.0,0.0,0.0,0.0,0.0,0.0,0.0,0.0,1.0,0.0,9.97324633064171
-0.7556376608346452,-0.6257208905244704,-0.7172609266350096,0.24978623339432163,-1.737367313703194,-0.8176963349223229,0.0027862435531290667,0.0,0.0,0.0,0.0,0.0,0.0,0.0,0.0,0.0,0.0,0.0,0.0,0.0,0.0,0.0,0.0,0.0,0.0,0.0,0.0,0.0,0.0,1.0,0.0,0.0,0.0,6.307296662976109
1.8677910186782187,1.8415669924625249,1.8198914120312308,0.24978623339432163,0.884149834718391,0.9050096723801302,0.27609347317084315,0.0,0.0,0.0,0.0,0.0,0.0,0.0,0.0,0.0,0.0,0.0,0.0,0.0,0.0,0.0,0.0,0.0,0.0,0.0,0.0,0.0,0.0,0.0,0.0,1.0,0.0,10.757505993432227
1.8677910186782187,1.8415669924625249,1.8198914120312308,0.24978623339432163,0.884149834718391,-0.2434609991548385,-0.37936048435960107,0.0,0.0,0.0,0.0,0.0,0.0,0.0,0.0,0.0,0.0,0.0,0.0,0.0,0.0,0.0,0.0,0.0,0.0,0.0,0.0,0.0,0.0,0.0,0.0,1.0,0.0,10.418721744270169
-0.5732602660022001,-0.6573933922316206,-0.7172609266350096,0.24978623339432163,0.5928701515604371,0.9050096723801302,-0.2887241933465423,0.0,0.0,0.0,0.0,0.0,0.0,0.0,0.0,0.0,0.0,0.0,0.0,1.0,0.0,0.0,0.0,0.0,0.0,0.0,0.0,0.0,0.0,0.0,0.0,0.0,0.0,6.051453672921953
-0.7135505697194656,-0.6019665142441079,-0.7172609266350096,0.24978623339432163,0.30159046840248327,-0.2434609991548385,0.2214190712278826,0.0,0.0,0.0,0.0,0.0,1.0,0.0,0.0,0.0,0.0,0.0,0.0,0.0,0.0,0.0,0.0,0.0,0.0,0.0,0.0,0.0,0.0,0.0,0.0,0.0,0.0,5.36667670406138
-0.6574344482325595,-0.6806198934835307,-0.7172609266350096,0.24978623339432163,-0.8635282642293323,-0.8176963349223229,-0.5024985137396346,0.0,1.0,0.0,0.0,0.0,0.0,0.0,0.0,0.0,0.0,0.0,0.0,0.0,0.0,0.0,0.0,0.0,0.0,0.0,0.0,0.0,0.0,0.0,0.0,0.0,0.0,5.862408837938621
-0.47505705340011434,-0.5048375090088475,-0.7172609266350096,0.24978623339432163,0.010310785244529358,-0.2434609991548385,1.1153844110535414,0.0,1.0,0.0,0.0,0.0,0.0,0.0,0.0,0.0,0.0,0.0,0.0,0.0,0.0,0.0,0.0,0.0,0.0,0.0,0.0,0.0,0.0,0.0,0.0,0.0,0.0,6.579334541871405
1.8677910186782187,0.698189680834405,-0.7172609266350096,0.24978623339432163,0.884149834718391,-0.8176963349223229,2.0968028819491016,0.0,0.0,0.0,0.0,0.0,0.0,0.0,0.0,1.0,0.0,0.0,0.0,0.0,0.0,0.0,0.0,0.0,0.0,0.0,0.0,0.0,0.0,0.0,0.0,0.0,0.0,8.361874162668443
1.8677910186782187,1.8415669924625249,1.8198914120312308,0.24978623339432163,0.010310785244529358,0.9050096723801302,-0.6934841214068399,0.0,0.0,0.0,0.0,0.0,0.0,0.0,0.0,0.0,0.0,0.0,0.0,0.0,0.0,0.0,0.0,0.0,0.0,0.0,0.0,0.0,0.0,0.0,0.0,1.0,0.0,9.305452350321714
1.8677910186782187,1.8415669924625249,1.8198914120312308,0.24978623339432163,-1.737367313703194,-1.3919316706898073,-0.45510107603631766,0.0,0.0,0.0,0.0,0.0,0.0,0.0,0.0,0.0,0.0,0.0,0.0,0.0,0.0,0.0,0.0,0.0,0.0,0.0,0.0,0.0,0.0,0.0,0.0,1.0,0.0,9.77786310319669
1.8677910186782187,1.8415669924625249,1.8198914120312308,0.24978623339432163,-0.8635282642293323,0.9050096723801302,-0.2932969060822234,0.0,0.0,0.0,0.0,0.0,0.0,0.0,0.0,0.0,0.0,0.0,0.0,0.0,0.0,0.0,0.0,0.0,0.0,0.0,0.0,0.0,0.0,0.0,0.0,1.0,0.0,10.167314631184455
-0.6574344482325595,-0.7070136449061558,-0.7172609266350096,0.24978623339432163,-1.154807947387286,-1.3919316706898073,-0.7454238778226941,0.0,1.0,0.0,0.0,0.0,0.0,0.0,0.0,0.0,0.0,0.0,0.0,0.0,0.0,0.0,0.0,0.0,0.0,0.0,0.0,0.0,0.0,0.0,0.0,0.0,0.0,5.853207721476128
-0.7696666912063718,-0.7244335208450884,-0.7172609266350096,0.24978623339432163,-0.5722485810713784,0.3307743366126458,-0.9057546181175133,0.0,0.0,0.0,0.0,0.0,0.0,0.0,0.0,1.0,0.0,0.0,0.0,0.0,0.0,0.0,0.0,0.0,0.0,0.0,0.0,0.0,0.0,0.0,0.0,0.0,0.0,5.695515060237774
-0.4890860837718409,-0.5713497625938627,0.2976000088314865,-4.003423192752847,1.4667092010342988,0.3307743366126458,-0.7794334287943224,0.0,0.0,0.0,0.0,0.0,0.0,0.0,0.0,0.0,1.0,0.0,0.0,0.0,0.0,0.0,0.0,0.0,0.0,0.0,0.0,0.0,0.0,0.0,0.0,0.0,0.0,6.824471491345383
-0.8959279645519107,-0.769302898263551,-0.7172609266350096,0.24978623339432163,1.4667092010342988,0.3307743366126458,-1.3187277370587145,0.0,0.0,0.0,0.0,0.0,0.0,0.0,0.0,1.0,0.0,0.0,0.0,0.0,0.0,0.0,0.0,0.0,0.0,0.0,0.0,0.0,0.0,0.0,0.0,0.0,0.0,5.11739483066779
-0.29267965856766925,-0.4694698821025298,0.2976000088314865,0.24978623339432163,0.010310785244529358,0.3307743366126458,-0.46686946034078586,0.0,0.0,0.0,0.0,0.0,0.0,0.0,0.0,0.0,1.0,0.0,0.0,0.0,0.0,0.0,0.0,0.0,0.0,0.0,0.0,0.0,0.0,0.0,0.0,0.0,0.0,7.111397917479776
-0.9099569949236372,-0.27362824654665147,-0.7172609266350096,0.24978623339432163,0.30159046840248327,0.3307743366126458,2.0968028819491016,0.0,0.0,0.0,0.0,0.0,0.0,0.0,0.0,0.0,0.0,0.0,0.0,0.0,0.0,0.0,0.0,0.0,0.0,0.0,0.0,0.0,0.0,1.0,0.0,0.0,0.0,6.418364935936212
0.10013319184067404,-0.3232484992211867,-0.20983045890176158,0.24978623339432163,0.010310785244529358,0.3307743366126458,0.6829772629856956,0.0,0.0,0.0,0.0,0.0,0.0,1.0,0.0,0.0,0.0,0.0,0.0,0.0,0.0,0.0,0.0,0.0,0.0,0.0,0.0,0.0,0.0,0.0,0.0,0.0,0.0,7.497246046631597
0.07207513109722094,-0.35492100092833684,-0.7172609266350096,0.24978623339432163,1.4667092010342988,0.3307743366126458,2.0968028819491016,0.0,0.0,0.0,0.0,0.0,0.0,1.0,0.0,0.0,0.0,0.0,0.0,0.0,0.0,0.0,0.0,0.0,0.0,0.0,0.0,0.0,0.0,0.0,0.0,0.0,0.0,6.989464289908679
1.8677910186782187,1.8415669924625249,1.8198914120312308,0.24978623339432163,0.010310785244529358,0.3307743366126458,-0.15775271848233283,0.0,0.0,0.0,0.0,0.0,0.0,0.0,0.0,0.0,0.0,0.0,0.0,0.0,0.0,0.0,0.0,0.0,0.0,0.0,0.0,0.0,0.0,0.0,0.0,1.0,0.0,10.323996269335693
-0.6153473571173798,-0.6832592686257932,-0.7172609266350096,0.24978623339432163,-0.5722485810713784,0.3307743366126458,-0.5267910501479406,0.0,0.0,0.0,0.0,0.0,0.0,0.0,0.0,0.0,0.0,0.0,0.0,0.0,0.0,0.0,0.0,0.0,0.0,0.0,0.0,0.0,0.0,0.0,0.0,0.0,0.0,6.165753932204672
1.8677910186782187,1.8415669924625249,1.8198914120312308,0.24978623339432163,0.010310785244529358,-0.8176963349223229,-0.052492772629327215,0.0,0.0,0.0,0.0,0.0,0.0,0.0,0.0,0.0,0.0,0.0,0.0,0.0,0.0,0.0,0.0,0.0,0.0,0.0,0.0,0.0,0.0,0.0,0.0,1.0,0.0,10.085637427927008
-0.9239860252953638,-0.7613847728367635,-0.7172609266350096,0.24978623339432163,-1.4460876305452401,-0.2434609991548385,-1.2458501278337966,0.0,0.0,0.0,0.0,0.0,0.0,0.0,0.0,0.0,1.0,0.0,0.0,0.0,0.0,0.0,0.0,0.0,0.0,0.0,0.0,0.0,0.0,0.0,0.0,0.0,0.0,4.338597076746546
1.8677910186782187,1.8415669924625249,1.8198914120312308,-4.003423192752847,1.4667092010342988,0.9050096723801302,-0.13372431520799022,0.0,0.0,0.0,0.0,0.0,0.0,0.0,0.0,0.0,0.0,0.0,0.0,0.0,0.0,0.0,0.0,0.0,0.0,0.0,0.0,0.0,0.0,0.0,0.0,1.0,0.0,10.90197761873805
-0.6574344482325595,-0.6932888941663907,-0.7172609266350096,0.24978623339432163,0.5928701515604371,-0.2434609991548385,-0.6191026884995032,0.0,0.0,0.0,0.0,0.0,0.0,0.0,0.0,0.0,1.0,0.0,0.0,0.0,0.0,0.0,0.0,0.0,0.0,0.0,0.0,0.0,0.0,0.0,0.0,0.0,0.0,5.909087867840531
-0.5452022052587471,-0.637862016178878,-0.20983045890176158,0.24978623339432163,0.30159046840248327,2.053480343915099,-0.7648579069493389,0.0,0.0,0.0,0.0,0.0,0.0,0.0,0.0,1.0,0.0,0.0,0.0,0.0,0.0,0.0,0.0,0.0,0.0,0.0,0.0,0.0,0.0,0.0,0.0,0.0,0.0,6.272442950093143
-0.43296996228493473,-0.6257208905244704,-0.7172609266350096,0.24978623339432163,-0.28096889791342455,-0.8176963349223229,0.0027862435531290667,0.0,1.0,0.0,0.0,0.0,0.0,0.0,0.0,0.0,0.0,0.0,0.0,0.0,0.0,0.0,0.0,0.0,0.0,0.0,0.0,0.0,0.0,0.0,0.0,0.0,0.0,6.411079078320566
-0.6013183267456532,-0.6478916417194756,-0.7172609266350096,0.24978623339432163,0.884149834718391,-0.8176963349223229,-0.20127106227664088,0.0,0.0,0.0,0.0,0.0,0.0,0.0,0.0,0.0,0.0,0.0,0.0,0.0,1.0,0.0,0.0,0.0,0.0,0.0,0.0,0.0,0.0,0.0,0.0,0.0,0.0,6.0778486440652895
-0.1243312941069507,-0.39767887823298953,0.2976000088314865,0.24978623339432163,0.884149834718391,-0.8176963349223229,-0.24661713023881204,0.0,0.0,0.0,0.0,0.0,0.0,0.0,0.0,0.0,1.0,0.0,0.0,0.0,0.0,0.0,0.0,0.0,0.0,0.0,0.0,0.0,0.0,0.0,0.0,0.0,0.0,7.182557258014609
-0.7275796000911922,-0.24934599523783638,-0.7172609266350096,0.24978623339432163,0.884149834718391,0.9050096723801302,2.0968028819491016,0.0,0.0,0.0,0.0,0.0,0.0,0.0,0.0,0.0,0.0,0.0,0.0,0.0,0.0,0.0,0.0,0.0,0.0,0.0,0.0,0.0,1.0,0.0,0.0,0.0,0.0,8.168866163607964
-0.16641838522213034,-0.3470028755015493,0.8050304765647346,0.24978623339432163,0.5928701515604371,-0.2434609991548385,-0.4235477704126403,0.0,0.0,0.0,0.0,0.0,0.0,0.0,0.0,1.0,0.0,0.0,0.0,0.0,0.0,0.0,0.0,0.0,0.0,0.0,0.0,0.0,0.0,0.0,0.0,0.0,0.0,6.989114043349957
0.02998803998204131,-0.1305741138360234,-0.20983045890176158,0.24978623339432163,0.884149834718391,0.3307743366126458,1.5696548418888627,0.0,0.0,0.0,0.0,0.0,0.0,0.0,0.0,0.0,0.0,0.0,0.0,0.0,0.0,0.0,0.0,1.0,0.0,0.0,0.0,0.0,0.0,0.0,0.0,0.0,0.0,7.47082794217625
1.8677910186782187,1.8415669924625249,1.8198914120312308,0.24978623339432163,0.884149834718391,-0.8176963349223229,0.24901809175843012,0.0,0.0,0.0,0.0,0.0,0.0,0.0,0.0,0.0,0.0,0.0,0.0,0.0,0.0,0.0,0.0,0.0,0.0,0.0,0.0,0.0,0.0,0.0,0.0,1.0,0.0,10.541135765143276
-0.8398118430650046,-0.42987925496859214,-0.7172609266350096,0.24978623339432163,0.010310785244529358,0.3307743366126458,1.8052924450494303,0.0,0.0,0.0,0.0,0.0,0.0,0.0,0.0,0.0,0.0,0.0,0.0,0.0,0.0,0.0,0.0,0.0,0.0,0.0,0.0,0.0,1.0,0.0,0.0,0.0,0.0,6.700608100752526
-0.4610280230283878,-0.6009107641872029,-0.7172609266350096,0.24978623339432163,-1.737367313703194,0.9050096723801302,0.23113608579120498,0.0,0.0,0.0,0.0,0.0,0.0,0.0,0.0,0.0,0.0,0.0,0.0,0.0,0.0,0.0,0.0,0.0,0.0,0.0,0.0,0.0,0.0,0.0,1.0,0.0,0.0,6.441903020858877
1.8677910186782187,1.8415669924625249,1.8198914120312308,0.24978623339432163,-0.8635282642293323,0.3307743366126458,-0.322553799604035,0.0,0.0,0.0,0.0,0.0,0.0,0.0,0.0,0.0,0.0,0.0,0.0,0.0,0.0,0.0,0.0,0.0,0.0,0.0,0.0,0.0,0.0,0.0,0.0,1.0,0.0,9.922440308990447
-0.6013183267456532,-0.6162191400123254,-0.20983045890176158,0.24978623339432163,0.5928701515604371,0.3307743366126458,-0.6652585076752845,0.0,0.0,0.0,0.0,0.0,0.0,1.0,0.0,0.0,0.0,0.0,0.0,0.0,0.0,0.0,0.0,0.0,0.0,0.0,0.0,0.0,0.0,0.0,0.0,0.0,0.0,6.543235357805731
1.8677910186782187,1.8415669924625249,1.8198914120312308,0.24978623339432163,0.5928701515604371,0.9050096723801302,0.09545122788881244,0.0,0.0,0.0,0.0,0.0,0.0,0.0,0.0,0.0,0.0,0.0,0.0,0.0,0.0,0.0,0.0,0.0,0.0,0.0,0.0,0.0,0.0,0.0,0.0,1.0,0.0,10.395195492378662
-0.3067086889393958,-0.4430761306799047,-0.7172609266350096,0.24978623339432163,1.175429517876345,-0.2434609991548385,1.6838297630079007,0.0,0.0,0.0,0.0,0.0,0.0,0.0,0.0,0.0,0.0,0.0,0.0,0.0,0.0,0.0,0.0,0.0,0.0,1.0,0.0,0.0,0.0,0.0,0.0,0.0,0.0,6.890558254153616
-0.5031151141435675,-0.6901216439956758,-0.7172609266350096,0.24978623339432163,-1.4460876305452401,0.3307743366126458,-0.589951644809536,0.0,0.0,0.0,0.0,0.0,0.0,0.0,0.0,0.0,0.0,0.0,0.0,0.0,0.0,0.0,0.0,0.0,0.0,0.0,0.0,0.0,1.0,0.0,0.0,0.0,0.0,6.426892906401526
0.43682992076211113,-0.14271523949043094,1.8198914120312308,0.24978623339432163,-0.8635282642293323,0.3307743366126458,-0.44257692393247994,0.0,0.0,0.0,0.0,0.0,0.0,0.0,0.0,0.0,1.0,0.0,0.0,0.0,0.0,0.0,0.0,0.0,0.0,0.0,0.0,0.0,0.0,0.0,0.0,0.0,0.0,8.143607491829702
0.044017070353767854,-0.38553775257858197,-0.7172609266350096,0.24978623339432163,-1.737367313703194,0.3307743366126458,2.0968028819491016,0.0,0.0,0.0,0.0,0.0,0.0,0.0,0.0,0.0,0.0,0.0,0.0,0.0,1.0,0.0,0.0,0.0,0.0,0.0,0.0,0.0,0.0,0.0,0.0,0.0,0.0,7.383778255552623
-0.5452022052587471,-0.5987992640733928,-0.7172609266350096,-4.003423192752847,1.4667092010342988,-0.8176963349223229,0.25057011491784975,0.0,0.0,0.0,0.0,0.0,0.0,1.0,0.0,0.0,0.0,0.0,0.0,0.0,0.0,0.0,0.0,0.0,0.0,0.0,0.0,0.0,0.0,0.0,0.0,0.0,0.0,6.637651138804425
1.8677910186782187,1.8415669924625249,1.8198914120312308,0.24978623339432163,-1.4460876305452401,-1.3919316706898073,0.0528558602613596,0.0,0.0,0.0,0.0,0.0,0.0,0.0,0.0,0.0,0.0,0.0,0.0,0.0,0.0,0.0,0.0,0.0,0.0,0.0,0.0,0.0,0.0,0.0,0.0,1.0,0.0,9.973289230184509
-0.5311731748870205,-0.4187938793710896,-0.20983045890176158,0.24978623339432163,-1.154807947387286,-0.2434609991548385,0.24328235399535794,0.0,1.0,0.0,0.0,0.0,0.0,0.0,0.0,0.0,0.0,0.0,0.0,0.0,0.0,0.0,0.0,0.0,0.0,0.0,0.0,0.0,0.0,0.0,0.0,0.0,0.0,6.422516177093624
-0.5311731748870205,-0.641029266349593,-0.7172609266350096,0.24978623339432163,1.175429517876345,-0.2434609991548385,-0.13811046761504542,0.0,0.0,0.0,0.0,0.0,0.0,0.0,1.0,0.0,0.0,0.0,0.0,0.0,0.0,0.0,0.0,0.0,0.0,0.0,0.0,0.0,0.0,0.0,0.0,0.0,0.0,6.345794243101376
-0.671463478604286,-0.6098846396708953,-0.7172609266350096,0.24978623339432163,0.5928701515604371,-0.8176963349223229,0.14854146200296475,0.0,0.0,0.0,0.0,0.0,0.0,0.0,0.0,0.0,0.0,0.0,0.0,0.0,0.0,0.0,0.0,0.0,0.0,0.0,0.0,0.0,1.0,0.0,0.0,0.0,0.0,5.675040005790547
-0.23656353708076305,-0.34330775030238175,0.2976000088314865,0.24978623339432163,1.175429517876345,0.9050096723801302,-0.07980838023511115,0.0,0.0,0.0,0.0,0.0,0.0,0.0,0.0,1.0,0.0,0.0,0.0,0.0,0.0,0.0,0.0,0.0,0.0,0.0,0.0,0.0,0.0,0.0,0.0,0.0,0.0,7.139906142389634
1.8677910186782187,1.8415669924625249,1.8198914120312308,0.24978623339432163,-1.154807947387286,0.9050096723801302,-0.308778457445314,0.0,0.0,0.0,0.0,0.0,0.0,0.0,0.0,0.0,0.0,0.0,0.0,0.0,0.0,0.0,0.0,0.0,0.0,0.0,0.0,0.0,0.0,0.0,0.0,1.0,0.0,10.124755345715498
0.9278459837725402,-0.274156121575104,-0.20983045890176158,0.24978623339432163,1.175429517876345,0.3307743366126458,0.9088978515829409,0.0,0.0,0.0,0.0,0.0,0.0,0.0,0.0,1.0,0.0,0.0,0.0,0.0,0.0,0.0,0.0,0.0,0.0,0.0,0.0,0.0,0.0,0.0,0.0,0.0,0.0,7.7155115747487315
-0.8117537823215515,-0.7186268955321108,-0.7172609266350096,0.24978623339432163,-1.737367313703194,-1.3919316706898073,-0.8523110380192402,0.0,0.0,0.0,0.0,0.0,0.0,0.0,0.0,0.0,0.0,0.0,0.0,0.0,0.0,0.0,1.0,0.0,0.0,0.0,0.0,0.0,0.0,0.0,0.0,0.0,0.0,4.908824027949571
-0.44699899265666126,-0.6827313935973407,-0.20983045890176158,0.24978623339432163,0.30159046840248327,0.3307743366126458,-0.9713444664199394,0.0,0.0,0.0,0.0,0.0,0.0,0.0,0.0,0.0,0.0,0.0,0.0,0.0,0.0,0.0,0.0,0.0,0.0,0.0,0.0,0.0,1.0,0.0,0.0,0.0,0.0,6.766686983699459
-0.9239860252953638,-0.7064857698777033,-0.7172609266350096,0.24978623339432163,1.4667092010342988,0.3307743366126458,-0.7405653705410329,0.0,0.0,0.0,0.0,0.0,0.0,0.0,0.0,0.0,0.0,0.0,0.0,0.0,0.0,0.0,1.0,0.0,0.0,0.0,0.0,0.0,0.0,0.0,0.0,0.0,0.0,5.527840524826286
0.3245976777882988,-0.5196180098055175,-0.20983045890176158,0.24978623339432163,-1.4460876305452401,-1.3919316706898073,-0.22070509140328565,0.0,0.0,0.0,0.0,1.0,0.0,0.0,0.0,0.0,0.0,0.0,0.0,0.0,0.0,0.0,0.0,0.0,0.0,0.0,0.0,0.0,0.0,0.0,0.0,0.0,0.0,7.598379278997644
-0.16641838522213034,-0.5164507596348025,-0.20983045890176158,0.24978623339432163,-0.5722485810713784,-0.2434609991548385,-0.20612956955830208,0.0,0.0,0.0,0.0,0.0,0.0,0.0,0.0,0.0,0.0,0.0,0.0,0.0,0.0,0.0,0.0,0.0,0.0,1.0,0.0,0.0,0.0,0.0,0.0,0.0,0.0,7.221521678067712
-0.19447644596558342,-0.30477287322534913,-0.20983045890176158,0.24978623339432163,0.884149834718391,0.9050096723801302,0.7680011404147664,0.0,0.0,0.0,0.0,0.0,0.0,1.0,0.0,0.0,0.0,0.0,0.0,0.0,0.0,0.0,0.0,0.0,0.0,0.0,0.0,0.0,0.0,0.0,0.0,0.0,0.0,7.427161979769297
1.8677910186782187,1.8415669924625249,1.8198914120312308,0.24978623339432163,-0.5722485810713784,0.3307743366126458,-0.5226435439318884,0.0,0.0,0.0,0.0,0.0,0.0,0.0,0.0,0.0,0.0,0.0,0.0,0.0,0.0,0.0,0.0,0.0,0.0,0.0,0.0,0.0,0.0,0.0,0.0,1.0,0.0,10.144037529213037
-0.6013183267456532,-0.6024943892725604,-0.7172609266350096,-4.003423192752847,1.4667092010342988,2.053480343915099,0.2165605639462214,0.0,0.0,0.0,0.0,0.0,0.0,0.0,0.0,0.0,1.0,0.0,0.0,0.0,0.0,0.0,0.0,0.0,0.0,0.0,0.0,0.0,0.0,0.0,0.0,0.0,0.0,6.154582047426494
-0.7556376608346452,-0.653698267032453,-0.7172609266350096,0.24978623339432163,-0.5722485810713784,-1.3919316706898073,-0.254714642374914,0.0,0.0,0.0,0.0,0.0,0.0,0.0,0.0,0.0,0.0,0.0,0.0,0.0,0.0,0.0,0.0,0.0,1.0,0.0,0.0,0.0,0.0,0.0,0.0,0.0,0.0,6.132095676847728
-0.4890860837718409,-0.6109403897278004,-0.7172609266350096,0.24978623339432163,0.010310785244529358,-0.8176963349223229,0.13882444743964237,0.0,0.0,0.0,0.0,0.0,0.0,0.0,0.0,1.0,0.0,0.0,0.0,0.0,0.0,0.0,0.0,0.0,0.0,0.0,0.0,0.0,0.0,0.0,0.0,0.0,0.0,6.497302754362926
1.8677910186782187,1.8415669924625249,1.8198914120312308,0.24978623339432163,-0.28096889791342455,2.053480343915099,-0.313804595800523,0.0,0.0,0.0,0.0,0.0,0.0,0.0,0.0,0.0,0.0,0.0,0.0,0.0,0.0,0.0,0.0,0.0,0.0,0.0,0.0,0.0,0.0,0.0,0.0,1.0,0.0,9.356575232783946
-0.8959279645519107,-0.7788046487756961,-0.7172609266350096,0.24978623339432163,-1.154807947387286,0.9050096723801302,-1.4061808681286159,0.0,0.0,0.0,0.0,0.0,0.0,0.0,0.0,0.0,0.0,0.0,0.0,0.0,0.0,1.0,0.0,0.0,0.0,0.0,0.0,0.0,0.0,0.0,0.0,0.0,0.0,2.920469789053444
-0.5732602660022001,-0.6901216439956758,-0.7172609266350096,0.24978623339432163,-1.154807947387286,-0.8176963349223229,-0.589951644809536,0.0,1.0,0.0,0.0,0.0,0.0,0.0,0.0,0.0,0.0,0.0,0.0,0.0,0.0,0.0,0.0,0.0,0.0,0.0,0.0,0.0,0.0,0.0,0.0,0.0,0.0,6.3281510464875765
-0.2646215978242161,-0.6679508928006707,-0.7172609266350096,0.24978623339432163,0.010310785244529358,2.053480343915099,-0.3858943389797661,0.0,0.0,0.0,0.0,0.0,0.0,0.0,0.0,0.0,0.0,0.0,0.0,0.0,0.0,0.0,0.0,0.0,0.0,0.0,0.0,0.0,0.0,0.0,1.0,0.0,0.0,5.467891350519489
-0.1243312941069507,-0.46207963170419475,-0.7172609266350096,0.24978623339432163,0.30159046840248327,-1.3919316706898073,1.5089235008680977,0.0,0.0,0.0,0.0,0.0,0.0,1.0,0.0,0.0,0.0,0.0,0.0,0.0,0.0,0.0,0.0,0.0,0.0,0.0,0.0,0.0,0.0,0.0,0.0,0.0,0.0,6.722581658919556
-0.39088287116975506,-0.5940483888173204,-0.7172609266350096,0.24978623339432163,-0.28096889791342455,-0.8176963349223229,0.29429668045280044,0.0,0.0,0.0,0.0,0.0,0.0,0.0,0.0,0.0,0.0,0.0,0.0,0.0,0.0,0.0,1.0,0.0,0.0,0.0,0.0,0.0,0.0,0.0,0.0,0.0,0.0,6.459466173683045
1.8677910186782187,1.8415669924625249,1.8198914120312308,0.24978623339432163,0.010310785244529358,-1.3919316706898073,-0.15601496667153747,0.0,0.0,0.0,0.0,0.0,0.0,0.0,0.0,0.0,0.0,0.0,0.0,0.0,0.0,0.0,0.0,0.0,0.0,0.0,0.0,0.0,0.0,0.0,0.0,1.0,0.0,10.050455642065934
-0.8818989341801842,-0.7492436471823559,-0.7172609266350096,0.24978623339432163,0.010310785244529358,-0.2434609991548385,-1.1341044603555892,0.0,0.0,0.0,0.0,0.0,0.0,0.0,0.0,0.0,0.0,0.0,0.0,0.0,0.0,0.0,0.0,0.0,0.0,0.0,0.0,0.0,1.0,0.0,0.0,0.0,0.0,5.712147390987829
-0.33476674968284886,-0.5407330109436176,-0.7172609266350096,0.24978623339432163,-1.4460876305452401,-1.3919316706898073,0.7850059159005806,0.0,0.0,0.0,0.0,0.0,0.0,0.0,0.0,0.0,0.0,0.0,0.0,0.0,0.0,0.0,0.0,0.0,0.0,0.0,1.0,0.0,0.0,0.0,0.0,0.0,0.0,6.882078432192154
-0.5311731748870205,-0.636806266121973,-0.7172609266350096,0.24978623339432163,0.884149834718391,-0.8176963349223229,-0.0992424093617559,0.0,0.0,0.0,0.0,0.0,0.0,0.0,0.0,0.0,0.0,0.0,0.0,0.0,0.0,0.0,1.0,0.0,0.0,0.0,0.0,0.0,0.0,0.0,0.0,0.0,0.0,6.109069789182246
0.015959009610314764,-0.2287588691281888,-0.20983045890176158,0.24978623339432163,0.30159046840248327,0.9050096723801302,1.117813664694372,0.0,0.0,0.0,0.0,0.0,0.0,1.0,0.0,0.0,0.0,0.0,0.0,0.0,0.0,0.0,0.0,0.0,0.0,0.0,0.0,0.0,0.0,0.0,0.0,0.0,0.0,7.680928243995499
0.015959009610314764,-0.3084679984245166,0.2976000088314865,0.24978623339432163,1.175429517876345,-1.3919316706898073,0.027078779961435012,0.0,0.0,0.0,0.0,0.0,0.0,0.0,0.0,1.0,0.0,0.0,0.0,0.0,0.0,0.0,0.0,0.0,0.0,0.0,0.0,0.0,0.0,0.0,0.0,0.0,0.0,7.4190328006268995
-0.6293763874891063,-0.5053653840372999,-0.7172609266350096,0.24978623339432163,0.30159046840248327,-0.2434609991548385,1.1105259037718802,0.0,0.0,0.0,0.0,0.0,0.0,0.0,0.0,0.0,0.0,0.0,0.0,0.0,1.0,0.0,0.0,0.0,0.0,0.0,0.0,0.0,0.0,0.0,0.0,0.0,0.0,6.583340063474135
0.1562493133275802,0.574139049148067,0.2976000088314865,0.24978623339432163,-0.28096889791342455,-0.2434609991548385,2.0968028819491016,0.0,0.0,0.0,0.0,0.0,0.0,1.0,0.0,0.0,0.0,0.0,0.0,0.0,0.0,0.0,0.0,0.0,0.0,0.0,0.0,0.0,0.0,0.0,0.0,0.0,0.0,8.226838216608211
-0.8117537823215515,-0.7254892709019933,-0.7172609266350096,0.24978623339432163,0.5928701515604371,-0.8176963349223229,-0.9154716326808358,0.0,0.0,0.0,0.0,0.0,0.0,0.0,0.0,0.0,1.0,0.0,0.0,0.0,0.0,0.0,0.0,0.0,0.0,0.0,0.0,0.0,0.0,0.0,0.0,0.0,0.0,4.93792122180745
-0.23656353708076305,-0.392928002976917,-0.7172609266350096,0.24978623339432163,0.5928701515604371,-0.2434609991548385,2.0968028819491016,0.0,0.0,0.0,0.0,0.0,0.0,1.0,0.0,0.0,0.0,0.0,0.0,0.0,0.0,0.0,0.0,0.0,0.0,0.0,0.0,0.0,0.0,0.0,0.0,0.0,0.0,6.66199539561456
0.45085895113383767,-0.28629724722951155,0.2976000088314865,0.24978623339432163,-1.154807947387286,-1.3919316706898073,0.09509788190469166,0.0,0.0,0.0,0.0,0.0,0.0,1.0,0.0,0.0,0.0,0.0,0.0,0.0,0.0,0.0,0.0,0.0,0.0,0.0,0.0,0.0,0.0,0.0,0.0,0.0,0.0,7.510019963064909
1.8677910186782187,1.8415669924625249,1.8198914120312308,0.24978623339432163,1.175429517876345,-1.3919316706898073,0.8415691690954992,0.0,0.0,0.0,0.0,0.0,0.0,0.0,0.0,0.0,0.0,0.0,0.0,0.0,0.0,0.0,0.0,0.0,0.0,0.0,0.0,0.0,0.0,0.0,0.0,1.0,0.0,11.544625133590133
-0.34879578005457545,-0.5882417635043428,-0.7172609266350096,0.24978623339432163,-0.5722485810713784,-0.8176963349223229,0.3477402605510735,0.0,0.0,0.0,0.0,0.0,0.0,0.0,0.0,0.0,0.0,0.0,0.0,0.0,0.0,0.0,0.0,0.0,0.0,0.0,0.0,0.0,0.0,0.0,1.0,0.0,0.0,6.810583367229864
-0.7556376608346452,-0.6858986437680558,-0.7172609266350096,0.24978623339432163,0.884149834718391,0.9050096723801302,-0.5510835865562466,0.0,1.0,0.0,0.0,0.0,0.0,0.0,0.0,0.0,0.0,0.0,0.0,0.0,0.0,0.0,0.0,0.0,0.0,0.0,0.0,0.0,0.0,0.0,0.0,0.0,0.0,5.709631999445093
1.8677910186782187,1.8415669924625249,1.8198914120312308,0.24978623339432163,-1.737367313703194,-0.8176963349223229,-0.2622106250380484,0.0,0.0,0.0,0.0,0.0,0.0,0.0,0.0,0.0,0.0,0.0,0.0,0.0,0.0,0.0,0.0,0.0,0.0,0.0,0.0,0.0,0.0,0.0,0.0,1.0,0.0,9.64727313891103
-0.7416086304629187,-0.7334073963287809,-0.7172609266350096,-4.003423192752847,1.4667092010342988,-1.3919316706898073,-0.9883492419057536,0.0,0.0,0.0,0.0,0.0,0.0,0.0,0.0,0.0,1.0,0.0,0.0,0.0,0.0,0.0,0.0,0.0,0.0,0.0,0.0,0.0,0.0,0.0,0.0,0.0,0.0,5.285434740717023
0.5490621637359235,-0.06195036013719811,0.8050304765647346,-4.003423192752847,1.4667092010342988,2.053480343915099,0.23235071261162027,0.0,0.0,0.0,0.0,0.0,0.0,0.0,0.0,0.0,1.0,0.0,0.0,0.0,0.0,0.0,0.0,0.0,0.0,0.0,0.0,0.0,0.0,0.0,0.0,0.0,0.0,7.815081953475507
-0.41894093191320814,-0.760856897808311,-0.7172609266350096,0.24978623339432163,-1.4460876305452401,0.9050096723801302,-1.2409916205521354,0.0,0.0,0.0,0.0,0.0,0.0,0.0,0.0,0.0,0.0,0.0,0.0,0.0,0.0,1.0,0.0,0.0,0.0,0.0,0.0,0.0,0.0,0.0,0.0,0.0,0.0,3.840956556994286
-0.825782812693278,-0.753466647409976,-0.7172609266350096,-4.003423192752847,1.4667092010342988,0.9050096723801302,-1.1729725186088789,1.0,0.0,0.0,0.0,0.0,0.0,0.0,0.0,0.0,0.0,0.0,0.0,0.0,0.0,0.0,0.0,0.0,0.0,0.0,0.0,0.0,0.0,0.0,0.0,0.0,0.0,5.6283402794893425
1.8677910186782187,1.8415669924625249,1.8198914120312308,0.24978623339432163,0.5928701515604371,0.3307743366126458,-0.409745192907921,0.0,0.0,0.0,0.0,0.0,0.0,0.0,0.0,0.0,0.0,0.0,0.0,0.0,0.0,0.0,0.0,0.0,0.0,0.0,0.0,0.0,0.0,0.0,0.0,1.0,0.0,9.902697240321684
0.08610416146894749,-0.286825122257964,-0.20983045890176158,-4.003423192752847,1.4667092010342988,0.3307743366126458,0.8505957642030066,0.0,0.0,0.0,0.0,0.0,0.0,0.0,0.0,0.0,1.0,0.0,0.0,0.0,0.0,0.0,0.0,0.0,0.0,0.0,0.0,0.0,0.0,0.0,0.0,0.0,0.0,7.2388918777995395
-0.7275796000911922,-0.6668951427437656,-0.7172609266350096,0.24978623339432163,-1.154807947387286,2.053480343915099,-0.3761773244164437,0.0,1.0,0.0,0.0,0.0,0.0,0.0,0.0,0.0,0.0,0.0,0.0,0.0,0.0,0.0,0.0,0.0,0.0,0.0,0.0,0.0,0.0,0.0,0.0,0.0,0.0,5.426270730858498
1.8677910186782187,1.8415669924625249,1.8198914120312308,0.24978623339432163,-1.4460876305452401,-0.8176963349223229,-0.175156585637712,0.0,0.0,0.0,0.0,0.0,0.0,0.0,0.0,0.0,0.0,0.0,0.0,0.0,0.0,0.0,0.0,0.0,0.0,0.0,0.0,0.0,0.0,0.0,0.0,1.0,0.0,10.16722356803052
-0.6153473571173798,1.506366349395186,-0.20983045890176158,0.24978623339432163,0.010310785244529358,-0.2434609991548385,2.0968028819491016,0.0,0.0,0.0,0.0,0.0,0.0,0.0,0.0,0.0,0.0,0.0,0.0,0.0,0.0,0.0,0.0,0.0,0.0,0.0,0.0,0.0,0.0,0.0,0.0,0.0,0.0,7.936431394251051
-0.4610280230283878,-0.5101162592933725,-0.7172609266350096,0.24978623339432163,-1.154807947387286,0.3307743366126458,1.0667993382369296,0.0,0.0,0.0,0.0,0.0,0.0,0.0,0.0,0.0,0.0,0.0,0.0,0.0,0.0,0.0,0.0,0.0,0.0,0.0,0.0,0.0,1.0,0.0,0.0,0.0,0.0,7.040326210511535
-0.7836957215780983,-0.7254892709019933,-0.7172609266350096,0.24978623339432163,-1.737367313703194,-1.3919316706898073,-0.9154716326808358,0.0,0.0,0.0,0.0,0.0,0.0,0.0,0.0,0.0,0.0,0.0,0.0,0.0,0.0,0.0,0.0,0.0,0.0,0.0,0.0,0.0,1.0,0.0,0.0,0.0,0.0,5.06543908613693
-0.7836957215780983,-0.7423812718124735,-0.7172609266350096,0.24978623339432163,-0.5722485810713784,0.3307743366126458,-1.0709438656939938,0.0,1.0,0.0,0.0,0.0,0.0,0.0,0.0,0.0,0.0,0.0,0.0,0.0,0.0,0.0,0.0,0.0,0.0,0.0,0.0,0.0,0.0,0.0,0.0,0.0,0.0,5.017081141579645
-0.6293763874891063,-0.5280640102607576,-0.7172609266350096,0.24978623339432163,0.5928701515604371,2.053480343915099,0.9016100906604491,0.0,0.0,0.0,0.0,0.0,0.0,0.0,0.0,0.0,0.0,0.0,0.0,0.0,0.0,0.0,0.0,0.0,0.0,0.0,0.0,0.0,0.0,0.0,0.0,0.0,0.0,6.717707955157117
-0.6293763874891063,-0.6605606424023356,-0.7172609266350096,0.24978623339432163,0.884149834718391,0.9050096723801302,-0.31787523703650944,0.0,0.0,0.0,0.0,0.0,0.0,0.0,0.0,0.0,0.0,0.0,0.0,0.0,0.0,0.0,0.0,0.0,0.0,0.0,0.0,0.0,1.0,0.0,0.0,0.0,0.0,6.049261645834199
1.8677910186782187,1.4387983457532656,1.8198914120312308,0.24978623339432163,-1.737367313703194,2.053480343915099,-0.6037498054894538,0.0,0.0,0.0,0.0,0.0,0.0,0.0,0.0,0.0,0.0,0.0,0.0,0.0,0.0,0.0,0.0,0.0,0.0,0.0,0.0,0.0,0.0,0.0,0.0,1.0,0.0,8.887799048021295
1.8677910186782187,1.8415669924625249,1.8198914120312308,0.24978623339432163,-1.737367313703194,0.9050096723801302,-0.4796123873339148,0.0,0.0,0.0,0.0,0.0,0.0,0.0,0.0,0.0,0.0,0.0,0.0,0.0,0.0,0.0,0.0,0.0,0.0,0.0,0.0,0.0,0.0,0.0,0.0,1.0,0.0,9.793263562670596
-0.5592312356304736,-0.5153950095778975,-0.7172609266350096,0.24978623339432163,1.4667092010342988,0.9050096723801302,1.0182142654203177,0.0,1.0,0.0,0.0,0.0,0.0,0.0,0.0,0.0,0.0,0.0,0.0,0.0,0.0,0.0,0.0,0.0,0.0,0.0,0.0,0.0,0.0,0.0,0.0,0.0,0.0,5.740821322091187
1.8677910186782187,1.8415669924625249,1.8198914120312308,0.24978623339432163,-0.8635282642293323,0.3307743366126458,-0.6960716722773989,0.0,0.0,0.0,0.0,0.0,0.0,0.0,0.0,0.0,0.0,0.0,0.0,0.0,0.0,0.0,0.0,0.0,0.0,0.0,0.0,0.0,0.0,0.0,0.0,1.0,0.0,9.666129705075788
-0.5732602660022001,-0.7360467714710435,-0.7172609266350096,0.24978623339432163,-0.8635282642293323,-0.8176963349223229,-1.0126417783140595,0.0,0.0,0.0,0.0,0.0,0.0,0.0,0.0,1.0,0.0,0.0,0.0,0.0,0.0,0.0,0.0,0.0,0.0,0.0,0.0,0.0,0.0,0.0,0.0,0.0,0.0,5.08475279001415
-0.8538408734367311,-0.7677192731781936,-0.20983045890176158,0.24978623339432163,0.884149834718391,-0.2434609991548385,-1.362454302593665,0.0,0.0,0.0,0.0,0.0,0.0,0.0,0.0,0.0,1.0,0.0,0.0,0.0,0.0,0.0,0.0,0.0,0.0,0.0,0.0,0.0,0.0,0.0,0.0,0.0,0.0,4.79363947336828
-0.18044741559385688,1.8415669924625249,0.2976000088314865,0.24978623339432163,1.175429517876345,-0.2434609991548385,2.0968028819491016,0.0,0.0,0.0,0.0,0.0,0.0,0.0,0.0,0.0,0.0,0.0,0.0,0.0,0.0,0.0,1.0,0.0,0.0,0.0,0.0,0.0,0.0,0.0,0.0,0.0,0.0,9.218272826701876
1.8677910186782187,1.8415669924625249,1.8198914120312308,0.24978623339432163,0.010310785244529358,-1.3919316706898073,-0.035529711599971626,0.0,0.0,0.0,0.0,0.0,0.0,0.0,0.0,0.0,0.0,0.0,0.0,0.0,0.0,0.0,0.0,0.0,0.0,0.0,0.0,0.0,0.0,0.0,0.0,1.0,0.0,10.530607904978913
0.14222028295585368,-0.23878849466878635,-0.7172609266350096,0.24978623339432163,0.010310785244529358,-1.3919316706898073,2.0968028819491016,0.0,0.0,1.0,0.0,0.0,0.0,0.0,0.0,0.0,0.0,0.0,0.0,0.0,0.0,0.0,0.0,0.0,0.0,0.0,0.0,0.0,0.0,0.0,0.0,0.0,0.0,7.105490761828445
-0.7556376608346452,-0.5982713890449404,-0.7172609266350096,0.24978623339432163,-0.28096889791342455,2.053480343915099,0.2554286221995109,0.0,0.0,0.0,0.0,0.0,0.0,0.0,0.0,0.0,1.0,0.0,0.0,0.0,0.0,0.0,0.0,0.0,0.0,0.0,0.0,0.0,0.0,0.0,0.0,0.0,0.0,6.37024338995364
-0.8398118430650046,-0.7471321470685459,-0.7172609266350096,0.24978623339432163,-0.28096889791342455,2.053480343915099,-1.1146704312289446,0.0,0.0,0.0,0.0,0.0,0.0,0.0,0.0,1.0,0.0,0.0,0.0,0.0,0.0,0.0,0.0,0.0,0.0,0.0,0.0,0.0,0.0,0.0,0.0,0.0,0.0,4.839926052630467
-0.6574344482325595,-0.6621442674876931,-0.7172609266350096,0.24978623339432163,-1.4460876305452401,-0.2434609991548385,-0.332450758881493,0.0,0.0,0.0,0.0,0.0,1.0,0.0,0.0,0.0,0.0,0.0,0.0,0.0,0.0,0.0,0.0,0.0,0.0,0.0,0.0,0.0,0.0,0.0,0.0,0.0,0.0,5.992014395913418
-0.5311731748870205,-0.638917766235783,-0.7172609266350096,0.24978623339432163,0.5928701515604371,-0.2434609991548385,-0.11867643848840066,0.0,0.0,0.0,0.0,0.0,0.0,0.0,0.0,1.0,0.0,0.0,0.0,0.0,0.0,0.0,0.0,0.0,0.0,0.0,0.0,0.0,0.0,0.0,0.0,0.0,0.0,6.47041243197595
-0.5452022052587471,1.8415669924625249,0.2976000088314865,0.24978623339432163,0.884149834718391,0.3307743366126458,2.0968028819491016,0.0,0.0,0.0,0.0,0.0,0.0,0.0,0.0,0.0,0.0,0.0,0.0,0.0,0.0,0.0,1.0,0.0,0.0,0.0,0.0,0.0,0.0,0.0,0.0,0.0,0.0,9.209962300516175
-0.39088287116975506,-0.6568655172031681,-0.7172609266350096,0.24978623339432163,0.5928701515604371,-1.3919316706898073,-0.2838656860648811,0.0,0.0,0.0,0.0,0.0,0.0,0.0,0.0,0.0,0.0,0.0,0.0,0.0,0.0,0.0,0.0,0.0,0.0,0.0,0.0,0.0,1.0,0.0,0.0,0.0,0.0,6.997001656496332
-0.825782812693278,-0.7371025215279484,-0.7172609266350096,0.24978623339432163,0.5928701515604371,-1.3919316706898073,-1.0223587928773819,0.0,0.0,0.0,0.0,0.0,0.0,0.0,0.0,0.0,0.0,0.0,0.0,0.0,0.0,0.0,0.0,0.0,0.0,0.0,0.0,0.0,0.0,0.0,0.0,0.0,0.0,5.001930853466109
-0.15238935485040378,-0.3776196271517944,-0.20983045890176158,0.24978623339432163,-1.154807947387286,0.3307743366126458,0.43276413798014435,0.0,0.0,0.0,0.0,0.0,0.0,0.0,0.0,0.0,1.0,0.0,0.0,0.0,0.0,0.0,0.0,0.0,0.0,0.0,0.0,0.0,0.0,0.0,0.0,0.0,0.0,7.218323455220619
0.4648879815055642,-0.4335743801677597,-0.7172609266350096,0.24978623339432163,0.884149834718391,0.3307743366126458,1.771282894077802,0.0,0.0,0.0,0.0,1.0,0.0,0.0,0.0,0.0,0.0,0.0,0.0,0.0,0.0,0.0,0.0,0.0,0.0,0.0,0.0,0.0,0.0,0.0,0.0,0.0,0.0,7.964798766561594
-0.6293763874891063,-0.7080693949630608,-0.7172609266350096,0.24978623339432163,-0.8635282642293323,-0.8176963349223229,-0.7551408923860164,0.0,0.0,0.0,0.0,0.0,0.0,0.0,0.0,0.0,0.0,0.0,0.0,0.0,0.0,0.0,0.0,0.0,1.0,0.0,0.0,0.0,0.0,0.0,0.0,0.0,0.0,5.953113455724059
-0.7135505697194656,-0.7038463947354408,-0.7172609266350096,0.24978623339432163,-0.28096889791342455,0.3307743366126458,-0.7162728341327269,0.0,0.0,0.0,0.0,0.0,0.0,0.0,0.0,0.0,1.0,0.0,0.0,0.0,0.0,0.0,0.0,0.0,0.0,0.0,0.0,0.0,0.0,0.0,0.0,0.0,0.0,5.627369283422905
-0.3768538407980285,-0.5555135117402876,-0.7172609266350096,0.24978623339432163,0.010310785244529358,0.9050096723801302,0.6489677120140672,0.0,0.0,0.0,0.0,0.0,0.0,0.0,0.0,0.0,1.0,0.0,0.0,0.0,0.0,0.0,0.0,0.0,0.0,0.0,0.0,0.0,0.0,0.0,0.0,0.0,0.0,6.6451169769697875
-0.825782812693278,-0.41140362897275456,-0.7172609266350096,0.24978623339432163,0.30159046840248327,-0.2434609991548385,1.975340199907572,0.0,0.0,0.0,0.0,0.0,0.0,0.0,0.0,1.0,0.0,0.0,0.0,0.0,0.0,0.0,0.0,0.0,0.0,0.0,0.0,0.0,0.0,0.0,0.0,0.0,0.0,7.092756575397852
-0.6153473571173798,-0.6637278925730506,-0.20983045890176158,0.24978623339432163,0.884149834718391,-1.3919316706898073,-0.8838913353500379,0.0,0.0,0.0,0.0,0.0,0.0,0.0,0.0,1.0,0.0,0.0,0.0,0.0,0.0,0.0,0.0,0.0,0.0,0.0,0.0,0.0,0.0,0.0,0.0,0.0,0.0,6.058141405372262
-0.34879578005457545,-0.4773880075293173,0.2976000088314865,0.24978623339432163,1.175429517876345,-0.2434609991548385,-0.49116199674909183,0.0,0.0,0.0,0.0,0.0,0.0,0.0,0.0,0.0,1.0,0.0,0.0,0.0,0.0,0.0,0.0,0.0,0.0,0.0,0.0,0.0,0.0,0.0,0.0,0.0,0.0,6.569495445561385
1.8677910186782187,1.8415669924625249,1.8198914120312308,0.24978623339432163,0.5928701515604371,0.3307743366126458,-0.14061485281177802,0.0,0.0,0.0,0.0,0.0,0.0,0.0,0.0,0.0,0.0,0.0,0.0,0.0,0.0,0.0,0.0,0.0,0.0,0.0,0.0,0.0,0.0,0.0,0.0,1.0,0.0,10.669183043180418
1.8677910186782187,1.0307509487594815,1.8198914120312308,0.24978623339432163,-1.737367313703194,2.053480343915099,-0.7261922864994519,0.0,0.0,0.0,0.0,0.0,0.0,0.0,0.0,0.0,0.0,0.0,0.0,0.0,0.0,0.0,0.0,0.0,0.0,0.0,0.0,0.0,0.0,0.0,0.0,1.0,0.0,8.797359591826355
-0.2646215978242161,-0.5185622597486125,-0.7172609266350096,0.24978623339432163,1.175429517876345,0.3307743366126458,0.9890632217303506,0.0,0.0,0.0,0.0,0.0,0.0,1.0,0.0,0.0,0.0,0.0,0.0,0.0,0.0,0.0,0.0,0.0,0.0,0.0,0.0,0.0,0.0,0.0,0.0,0.0,0.0,6.91177718028335
1.8677910186782187,1.8415669924625249,1.8198914120312308,0.24978623339432163,0.010310785244529358,-1.3919316706898073,-0.5563469694447128,0.0,0.0,0.0,0.0,0.0,0.0,0.0,0.0,0.0,0.0,0.0,0.0,0.0,0.0,0.0,0.0,0.0,0.0,0.0,0.0,0.0,0.0,0.0,0.0,1.0,0.0,10.371604402933594
0.12819125258412714,-0.17597136628293858,0.2976000088314865,0.24978623339432163,-1.737367313703194,-0.8176963349223229,0.4335738891937546,0.0,0.0,0.0,0.0,0.0,0.0,0.0,0.0,0.0,1.0,0.0,0.0,0.0,0.0,0.0,0.0,0.0,0.0,0.0,0.0,0.0,0.0,0.0,0.0,0.0,0.0,7.79062985859663
-0.44699899265666126,0.0024503933340071582,-0.20983045890176158,0.24978623339432163,-1.737367313703194,-0.8176963349223229,2.0968028819491016,0.0,0.0,0.0,0.0,0.0,0.0,0.0,0.0,0.0,0.0,0.0,0.0,0.0,0.0,0.0,0.0,0.0,0.0,0.0,0.0,0.0,1.0,0.0,0.0,0.0,0.0,8.426239508284889
-0.7836957215780983,-0.7017348946216307,-0.7172609266350096,0.24978623339432163,-0.5722485810713784,0.3307743366126458,-0.6968388050060822,0.0,0.0,0.0,0.0,0.0,0.0,0.0,0.0,0.0,0.0,0.0,0.0,0.0,0.0,0.0,0.0,0.0,0.0,0.0,0.0,0.0,0.0,0.0,0.0,0.0,1.0,5.319050932934943
-0.6293763874891063,-0.6616163924592406,-0.7172609266350096,0.24978623339432163,1.175429517876345,2.053480343915099,-0.3275922515998318,0.0,0.0,0.0,0.0,0.0,0.0,1.0,0.0,0.0,0.0,0.0,0.0,0.0,0.0,0.0,0.0,0.0,0.0,0.0,0.0,0.0,0.0,0.0,0.0,0.0,0.0,6.72252148574113
1.8677910186782187,1.8415669924625249,1.8198914120312308,0.24978623339432163,-1.4460876305452401,-0.8176963349223229,0.3856556703177628,0.0,0.0,0.0,0.0,0.0,0.0,0.0,0.0,0.0,0.0,0.0,0.0,0.0,0.0,0.0,0.0,0.0,0.0,0.0,0.0,0.0,0.0,0.0,0.0,1.0,0.0,10.28492120444186
-0.43296996228493473,-0.5185622597486125,-0.7172609266350096,0.24978623339432163,0.5928701515604371,0.3307743366126458,0.9890632217303506,0.0,0.0,0.0,0.0,0.0,0.0,0.0,0.0,0.0,0.0,0.0,0.0,0.0,0.0,0.0,0.0,0.0,0.0,0.0,1.0,0.0,0.0,0.0,0.0,0.0,0.0,6.6569835605504535
-0.8117537823215515,-0.6811477685119832,-0.7172609266350096,0.24978623339432163,0.010310785244529358,-0.8176963349223229,-0.5073570210212959,0.0,0.0,0.0,0.0,0.0,0.0,0.0,1.0,0.0,0.0,0.0,0.0,0.0,0.0,0.0,0.0,0.0,0.0,0.0,0.0,0.0,0.0,0.0,0.0,0.0,0.0,6.484482552224008
-0.026128081504864873,0.582585049603307,-0.20983045890176158,0.24978623339432163,-0.28096889791342455,-0.2434609991548385,2.0968028819491016,0.0,0.0,0.0,0.0,0.0,0.0,1.0,0.0,0.0,0.0,0.0,0.0,0.0,0.0,0.0,0.0,0.0,0.0,0.0,0.0,0.0,0.0,0.0,0.0,0.0,0.0,8.117407922439238
-0.7977247519498248,-0.746076397011641,-0.7172609266350096,0.24978623339432163,0.5928701515604371,-0.8176963349223229,-1.104953416665622,0.0,0.0,0.0,0.0,0.0,0.0,0.0,0.0,1.0,0.0,0.0,0.0,0.0,0.0,0.0,0.0,0.0,0.0,0.0,0.0,0.0,0.0,0.0,0.0,0.0,0.0,5.24807615011129
-0.4610280230283878,-0.6320553908659005,-0.7172609266350096,0.24978623339432163,0.30159046840248327,0.3307743366126458,-0.0555158438268052,0.0,0.0,0.0,0.0,0.0,0.0,0.0,0.0,1.0,0.0,0.0,0.0,0.0,0.0,0.0,0.0,0.0,0.0,0.0,0.0,0.0,0.0,0.0,0.0,0.0,0.0,6.238383217072961
-0.6434054178608329,-0.6843150186826982,-0.7172609266350096,0.24978623339432163,-0.5722485810713784,0.9050096723801302,-0.536508064711263,0.0,1.0,0.0,0.0,0.0,0.0,0.0,0.0,0.0,0.0,0.0,0.0,0.0,0.0,0.0,0.0,0.0,0.0,0.0,0.0,0.0,0.0,0.0,0.0,0.0,0.0,5.945630010764183
-0.7135505697194656,-0.7513551472961659,-0.20983045890176158,0.24978623339432163,0.30159046840248327,-0.2434609991548385,-1.2871474397279168,0.0,0.0,0.0,0.0,0.0,0.0,0.0,0.0,0.0,0.0,0.0,0.0,0.0,0.0,0.0,0.0,0.0,0.0,0.0,0.0,0.0,1.0,0.0,0.0,0.0,0.0,5.632644446822861
-0.8117537823215515,-0.7640241479790261,-0.7172609266350096,0.24978623339432163,-0.28096889791342455,-0.8176963349223229,-1.2701426642421025,0.0,0.0,0.0,0.0,0.0,0.0,0.0,0.0,0.0,0.0,0.0,0.0,0.0,1.0,0.0,0.0,0.0,0.0,0.0,0.0,0.0,0.0,0.0,0.0,0.0,0.0,5.075861079013963
-0.8117537823215515,-0.756633897580691,-0.7172609266350096,0.24978623339432163,-1.154807947387286,0.3307743366126458,-1.202123562298846,0.0,0.0,0.0,0.0,0.0,0.0,1.0,0.0,0.0,0.0,0.0,0.0,0.0,0.0,0.0,0.0,0.0,0.0,0.0,0.0,0.0,0.0,0.0,0.0,0.0,0.0,5.132262782217954
1.8677910186782187,1.8415669924625249,1.8198914120312308,-4.003423192752847,1.4667092010342988,2.053480343915099,-0.49492828146355794,0.0,0.0,0.0,0.0,0.0,0.0,0.0,0.0,0.0,0.0,0.0,0.0,0.0,0.0,0.0,0.0,0.0,0.0,0.0,0.0,0.0,0.0,0.0,0.0,1.0,0.0,9.528028719354205
0.5490621637359235,0.18879027837774043,1.8198914120312308,0.24978623339432163,1.175429517876345,0.9050096723801302,0.06594683821472452,0.0,0.0,0.0,0.0,0.0,0.0,0.0,0.0,1.0,0.0,0.0,0.0,0.0,0.0,0.0,0.0,0.0,0.0,0.0,0.0,0.0,0.0,0.0,0.0,0.0,0.0,7.766378761699255
1.8677910186782187,1.8415669924625249,1.8198914120312308,0.24978623339432163,-0.28096889791342455,0.3307743366126458,0.2675074111358629,0.0,0.0,0.0,0.0,0.0,0.0,0.0,0.0,0.0,0.0,0.0,0.0,0.0,0.0,0.0,0.0,0.0,0.0,0.0,0.0,0.0,0.0,0.0,0.0,1.0,0.0,10.606750396815663
0.08610416146894749,0.19723627883298048,-0.7172609266350096,-4.003423192752847,1.4667092010342988,-0.2434609991548385,2.0968028819491016,0.0,0.0,0.0,0.0,0.0,0.0,0.0,0.0,0.0,0.0,0.0,0.0,0.0,0.0,0.0,0.0,1.0,0.0,0.0,0.0,0.0,0.0,0.0,0.0,0.0,0.0,7.560153379030203
1.8677910186782187,1.8415669924625249,1.8198914120312308,0.24978623339432163,0.5928701515604371,-0.8176963349223229,1.783429162281955,0.0,0.0,0.0,0.0,0.0,0.0,0.0,0.0,0.0,0.0,0.0,0.0,0.0,0.0,0.0,0.0,0.0,0.0,0.0,0.0,0.0,0.0,0.0,0.0,1.0,0.0,11.544625133590133
-0.9239860252953638,-0.7793325238041486,-0.7172609266350096,0.24978623339432163,0.884149834718391,-0.2434609991548385,-1.411039375410277,0.0,0.0,0.0,0.0,0.0,0.0,0.0,0.0,0.0,0.0,0.0,0.0,0.0,0.0,0.0,0.0,0.0,0.0,0.0,0.0,1.0,0.0,0.0,0.0,0.0,0.0,8.71095901209445
-0.9239860252953638,-0.779860398832601,-0.7172609266350096,0.24978623339432163,-1.154807947387286,-0.8176963349223229,-1.4158978826919382,0.0,0.0,0.0,0.0,0.0,0.0,0.0,0.0,0.0,0.0,1.0,0.0,0.0,0.0,0.0,0.0,0.0,0.0,0.0,0.0,0.0,0.0,0.0,0.0,0.0,0.0,7.857387939305435
1.8677910186782187,1.8415669924625249,1.8198914120312308,0.24978623339432163,-1.737367313703194,-0.2434609991548385,-0.019077039214346284,0.0,0.0,0.0,0.0,0.0,0.0,0.0,0.0,0.0,0.0,0.0,0.0,0.0,0.0,0.0,0.0,0.0,0.0,0.0,0.0,0.0,0.0,0.0,0.0,1.0,0.0,9.506119326031497
-0.8959279645519107,-0.6658393926868607,-0.7172609266350096,0.24978623339432163,0.5928701515604371,2.053480343915099,-0.36646030985312134,0.0,0.0,0.0,0.0,0.0,0.0,0.0,1.0,0.0,0.0,0.0,0.0,0.0,0.0,0.0,0.0,0.0,0.0,0.0,0.0,0.0,0.0,0.0,0.0,0.0,0.0,5.739792912179234
-0.7135505697194656,-0.7233777707881833,-0.7172609266350096,0.24978623339432163,-1.737367313703194,-0.8176963349223229,-0.8960376035541909,0.0,1.0,0.0,0.0,0.0,0.0,0.0,0.0,0.0,0.0,0.0,0.0,0.0,0.0,0.0,0.0,0.0,0.0,0.0,0.0,0.0,0.0,0.0,0.0,0.0,0.0,5.782100619202144
-0.7836957215780983,-0.7291843961011609,-0.7172609266350096,0.24978623339432163,-1.737367313703194,-0.2434609991548385,-0.949481183652464,0.0,0.0,0.0,0.0,0.0,0.0,0.0,0.0,0.0,1.0,0.0,0.0,0.0,0.0,0.0,0.0,0.0,0.0,0.0,0.0,0.0,0.0,0.0,0.0,0.0,0.0,5.528039233222369
-0.7275796000911922,-0.7080693949630608,-0.7172609266350096,0.24978623339432163,0.30159046840248327,-0.2434609991548385,-0.7551408923860164,0.0,0.0,0.0,0.0,0.0,0.0,0.0,0.0,0.0,0.0,0.0,0.0,0.0,0.0,0.0,0.0,0.0,0.0,1.0,0.0,0.0,0.0,0.0,0.0,0.0,0.0,5.623584199327089
1.8677910186782187,1.8415669924625249,1.8198914120312308,0.24978623339432163,-0.28096889791342455,-1.3919316706898073,-0.5146447819437876,0.0,0.0,0.0,0.0,0.0,0.0,0.0,0.0,0.0,0.0,0.0,0.0,0.0,0.0,0.0,0.0,0.0,0.0,0.0,0.0,0.0,0.0,0.0,0.0,1.0,0.0,10.155358103929684
-0.7135505697194656,-0.6589770173169781,-0.7172609266350096,0.24978623339432163,0.5928701515604371,-1.3919316706898073,-0.3032997151915259,0.0,0.0,0.0,0.0,0.0,1.0,0.0,0.0,0.0,0.0,0.0,0.0,0.0,0.0,0.0,0.0,0.0,0.0,0.0,0.0,0.0,0.0,0.0,0.0,0.0,0.0,5.820498274352162
-0.8818989341801842,-0.6996233945078207,-0.7172609266350096,0.24978623339432163,-0.8635282642293323,0.3307743366126458,-0.6774047758794375,0.0,0.0,0.0,0.0,0.0,0.0,0.0,1.0,0.0,0.0,0.0,0.0,0.0,0.0,0.0,0.0,0.0,0.0,0.0,0.0,0.0,0.0,0.0,0.0,0.0,0.0,6.466144724237619
-0.7135505697194656,-0.6294160157236379,-0.7172609266350096,0.24978623339432163,-1.4460876305452401,-0.2434609991548385,-0.03122330741849926,0.0,0.0,0.0,0.0,0.0,0.0,0.0,0.0,0.0,0.0,0.0,0.0,1.0,0.0,0.0,0.0,0.0,0.0,0.0,0.0,0.0,0.0,0.0,0.0,0.0,0.0,6.659422116594268
-0.8818989341801842,-0.6790362683981732,-0.7172609266350096,0.24978623339432163,1.175429517876345,0.3307743366126458,-0.48792299189465105,0.0,0.0,0.0,0.0,0.0,0.0,0.0,0.0,0.0,0.0,0.0,0.0,0.0,0.0,0.0,0.0,0.0,0.0,0.0,0.0,0.0,0.0,0.0,0.0,0.0,0.0,5.930227237636792
-0.6995215393477391,-0.756633897580691,-0.7172609266350096,0.24978623339432163,1.175429517876345,0.9050096723801302,-1.202123562298846,0.0,0.0,0.0,0.0,0.0,0.0,0.0,0.0,0.0,1.0,0.0,0.0,0.0,0.0,0.0,0.0,0.0,0.0,0.0,0.0,0.0,0.0,0.0,0.0,0.0,0.0,4.838026416156094
-0.9239860252953638,-0.5143392595209925,-0.7172609266350096,0.24978623339432163,-0.5722485810713784,-0.2434609991548385,1.02793127998364,0.0,0.0,1.0,0.0,0.0,0.0,0.0,0.0,0.0,0.0,0.0,0.0,0.0,0.0,0.0,0.0,0.0,0.0,0.0,0.0,0.0,0.0,0.0,0.0,0.0,0.0,6.282715244436788
-0.7836957215780983,-0.6969840193655582,-0.7172609266350096,0.24978623339432163,0.30159046840248327,-0.2434609991548385,-0.6531122394711315,0.0,0.0,0.0,0.0,0.0,0.0,0.0,0.0,0.0,0.0,0.0,0.0,0.0,0.0,0.0,0.0,0.0,0.0,0.0,0.0,0.0,1.0,0.0,0.0,0.0,0.0,5.450007879788469
-0.7696666912063718,-0.6880101438818658,-0.7172609266350096,0.24978623339432163,0.30159046840248327,0.9050096723801302,-0.5705176156828913,0.0,1.0,0.0,0.0,0.0,0.0,0.0,0.0,0.0,0.0,0.0,0.0,0.0,0.0,0.0,0.0,0.0,0.0,0.0,0.0,0.0,0.0,0.0,0.0,0.0,0.0,5.350055561952451
1.8677910186782187,1.8415669924625249,1.8198914120312308,0.24978623339432163,-1.737367313703194,-1.3919316706898073,-0.14761624273133908,0.0,0.0,0.0,0.0,0.0,0.0,0.0,0.0,0.0,0.0,0.0,0.0,0.0,0.0,0.0,0.0,0.0,0.0,0.0,0.0,0.0,0.0,0.0,0.0,1.0,0.0,10.175057773392172
-0.6293763874891063,-0.6616163924592406,-0.20983045890176158,0.24978623339432163,1.175429517876345,-1.3919316706898073,-0.8741743207867156,0.0,0.0,0.0,0.0,0.0,0.0,0.0,0.0,0.0,0.0,0.0,0.0,0.0,0.0,0.0,0.0,0.0,0.0,0.0,1.0,0.0,0.0,0.0,0.0,0.0,0.0,6.238500390841794
-0.362824810426302,-0.5354542606590926,-0.20983045890176158,0.24978623339432163,-0.8635282642293323,-1.3919316706898073,-0.29358270062820346,0.0,0.0,0.0,0.0,0.0,0.0,0.0,0.0,0.0,1.0,0.0,0.0,0.0,0.0,0.0,0.0,0.0,0.0,0.0,0.0,0.0,0.0,0.0,0.0,0.0,0.0,6.447812865530716
-0.9239860252953638,-0.7677192731781936,-0.7172609266350096,0.24978623339432163,-0.28096889791342455,-0.2434609991548385,-1.3041522152137308,0.0,0.0,0.0,0.0,0.0,0.0,0.0,0.0,0.0,0.0,0.0,0.0,0.0,0.0,0.0,0.0,0.0,1.0,0.0,0.0,0.0,0.0,0.0,0.0,0.0,0.0,3.4339872044851463
-0.2646215978242161,-0.4837225078707474,-0.20983045890176158,0.24978623339432163,-0.5722485810713784,0.3307743366126458,-0.0555158438268052,0.0,0.0,0.0,0.0,0.0,0.0,0.0,0.0,1.0,0.0,0.0,0.0,0.0,0.0,0.0,0.0,0.0,0.0,0.0,0.0,0.0,0.0,0.0,0.0,0.0,0.0,6.81948128704781
-0.7135505697194656,-0.5597365119679076,-0.7172609266350096,-4.003423192752847,1.4667092010342988,0.9050096723801302,0.6100996537607778,0.0,0.0,0.0,0.0,0.0,0.0,0.0,0.0,1.0,0.0,0.0,0.0,0.0,0.0,0.0,0.0,0.0,0.0,0.0,0.0,0.0,0.0,0.0,0.0,0.0,0.0,6.978120541642701
1.8677910186782187,1.8415669924625249,1.8198914120312308,0.24978623339432163,-1.737367313703194,-0.8176963349223229,1.071852185809857,0.0,0.0,0.0,0.0,0.0,0.0,0.0,0.0,0.0,0.0,0.0,0.0,0.0,0.0,0.0,0.0,0.0,0.0,0.0,0.0,0.0,0.0,0.0,0.0,1.0,0.0,11.034452310337528
1.8677910186782187,1.8415669924625249,1.8198914120312308,0.24978623339432163,-0.8635282642293323,2.053480343915099,-0.041183247345904755,0.0,0.0,0.0,0.0,0.0,0.0,0.0,0.0,0.0,0.0,0.0,0.0,0.0,0.0,0.0,0.0,0.0,0.0,0.0,0.0,0.0,0.0,0.0,0.0,1.0,0.0,8.845654857489368
-0.7135505697194656,-0.739741896670211,-0.7172609266350096,0.24978623339432163,-1.154807947387286,0.3307743366126458,-1.0466513292856878,0.0,0.0,0.0,0.0,0.0,0.0,0.0,0.0,0.0,0.0,0.0,0.0,0.0,0.0,0.0,0.0,0.0,0.0,0.0,0.0,0.0,0.0,0.0,0.0,0.0,0.0,5.660352916728865
-0.6434054178608329,-0.6024943892725604,-0.7172609266350096,0.24978623339432163,0.884149834718391,-0.2434609991548385,0.2165605639462214,0.0,0.0,0.0,0.0,0.0,0.0,0.0,0.0,0.0,0.0,0.0,0.0,0.0,0.0,0.0,0.0,0.0,0.0,0.0,0.0,0.0,0.0,0.0,1.0,0.0,0.0,6.518217652423346
0.11416222221240058,-0.3649506264689344,0.8050304765647346,0.24978623339432163,1.4667092010342988,-0.8176963349223229,-0.4648450823067604,0.0,0.0,0.0,0.0,0.0,0.0,0.0,0.0,1.0,0.0,0.0,0.0,0.0,0.0,0.0,0.0,0.0,0.0,0.0,0.0,0.0,0.0,0.0,0.0,0.0,0.0,7.247749876229643
1.8677910186782187,1.2603765861363199,1.8198914120312308,0.24978623339432163,-0.5722485810713784,2.053480343915099,-0.6041046877604621,0.0,0.0,0.0,0.0,0.0,0.0,0.0,0.0,0.0,0.0,0.0,0.0,0.0,0.0,0.0,0.0,0.0,0.0,0.0,0.0,0.0,0.0,0.0,0.0,1.0,0.0,8.826524714148068
-0.6013183267456532,-0.6162191400123254,-0.20983045890176158,0.24978623339432163,-0.8635282642293323,-0.8176963349223229,-0.6652585076752845,1.0,0.0,0.0,0.0,0.0,0.0,0.0,0.0,0.0,0.0,0.0,0.0,0.0,0.0,0.0,0.0,0.0,0.0,0.0,0.0,0.0,0.0,0.0,0.0,0.0,0.0,6.524707025157973
1.8677910186782187,1.8415669924625249,1.8198914120312308,0.24978623339432163,-0.28096889791342455,-0.2434609991548385,-0.33294652493064214,0.0,0.0,0.0,0.0,0.0,0.0,0.0,0.0,0.0,0.0,0.0,0.0,0.0,0.0,0.0,0.0,0.0,0.0,0.0,0.0,0.0,0.0,0.0,0.0,1.0,0.0,9.843906323695874
-0.7275796000911922,-0.6779805183412682,-0.7172609266350096,0.24978623339432163,-1.4460876305452401,-1.3919316706898073,-0.4782059773313287,0.0,1.0,0.0,0.0,0.0,0.0,0.0,0.0,0.0,0.0,0.0,0.0,0.0,0.0,0.0,0.0,0.0,0.0,0.0,0.0,0.0,0.0,0.0,0.0,0.0,0.0,5.2642951179336
-0.39088287116975506,-0.39240012794846446,-0.20983045890176158,0.24978623339432163,0.30159046840248327,-0.8176963349223229,0.3647450360368877,0.0,0.0,0.0,0.0,0.0,0.0,1.0,0.0,0.0,0.0,0.0,0.0,0.0,0.0,0.0,0.0,0.0,0.0,0.0,0.0,0.0,0.0,0.0,0.0,0.0,0.0,6.706886786181604
-0.6293763874891063,-0.6600327673738831,-0.20983045890176158,0.24978623339432163,-1.4460876305452401,0.3307743366126458,-0.8668865598642238,0.0,0.0,0.0,0.0,0.0,0.0,0.0,0.0,0.0,1.0,0.0,0.0,0.0,0.0,0.0,0.0,0.0,0.0,0.0,0.0,0.0,0.0,0.0,0.0,0.0,0.0,5.866326403841481
-0.7416086304629187,-0.7239056458166359,-0.7172609266350096,-4.003423192752847,1.4667092010342988,-0.2434609991548385,-0.9008961108358522,0.0,0.0,0.0,0.0,0.0,0.0,0.0,0.0,0.0,0.0,0.0,0.0,0.0,0.0,0.0,0.0,0.0,0.0,0.0,0.0,0.0,0.0,0.0,0.0,0.0,0.0,5.884018524959134
-0.8818989341801842,-0.748187897125451,-0.7172609266350096,0.24978623339432163,0.010310785244529358,0.9050096723801302,-1.124387445792267,0.0,0.0,0.0,0.0,0.0,0.0,0.0,0.0,0.0,1.0,0.0,0.0,0.0,0.0,0.0,0.0,0.0,0.0,0.0,0.0,0.0,0.0,0.0,0.0,0.0,0.0,4.282206299391671
-0.41894093191320814,0.38515978896207126,-0.7172609266350096,0.24978623339432163,0.010310785244529358,-0.2434609991548385,2.0968028819491016,0.0,0.0,0.0,0.0,0.0,0.0,0.0,0.0,0.0,0.0,0.0,0.0,0.0,0.0,1.0,0.0,0.0,0.0,0.0,0.0,0.0,0.0,0.0,0.0,0.0,0.0,8.211048393598622
-0.825782812693278,-0.7487157721539035,-0.7172609266350096,0.24978623339432163,1.175429517876345,-0.2434609991548385,-1.129245953073928,0.0,0.0,0.0,0.0,0.0,0.0,1.0,0.0,0.0,0.0,0.0,0.0,0.0,0.0,0.0,0.0,0.0,0.0,0.0,0.0,0.0,0.0,0.0,0.0,0.0,0.0,5.183635766464422
1.8677910186782187,1.8415669924625249,1.8198914120312308,0.24978623339432163,0.5928701515604371,-1.3919316706898073,-0.29214904274181164,0.0,0.0,0.0,0.0,0.0,0.0,0.0,0.0,0.0,0.0,0.0,0.0,0.0,0.0,0.0,0.0,0.0,0.0,0.0,0.0,0.0,0.0,0.0,0.0,1.0,0.0,10.199070865314035
-0.7416086304629187,-0.7529387723815235,-0.7172609266350096,0.24978623339432163,0.5928701515604371,-0.2434609991548385,-1.1681140113272175,0.0,0.0,0.0,0.0,0.0,0.0,0.0,0.0,0.0,0.0,0.0,0.0,0.0,0.0,0.0,0.0,1.0,0.0,0.0,0.0,0.0,0.0,0.0,0.0,0.0,0.0,5.588184549905154
0.2684815563013926,0.0035061433909121626,0.2976000088314865,0.24978623339432163,1.175429517876345,-0.8176963349223229,0.9842047144486893,0.0,0.0,0.0,0.0,0.0,0.0,1.0,0.0,0.0,0.0,0.0,0.0,0.0,0.0,0.0,0.0,0.0,0.0,0.0,0.0,0.0,0.0,0.0,0.0,0.0,0.0,7.628614898108618
1.8677910186782187,1.8415669924625249,1.8198914120312308,0.24978623339432163,-1.154807947387286,-0.8176963349223229,0.24949959636426333,0.0,0.0,0.0,0.0,0.0,0.0,0.0,0.0,0.0,0.0,0.0,0.0,0.0,0.0,0.0,0.0,0.0,0.0,0.0,0.0,0.0,0.0,0.0,0.0,1.0,0.0,10.857888188535897
1.8677910186782187,1.8415669924625249,1.8198914120312308,0.24978623339432163,1.175429517876345,0.3307743366126458,-0.43038803724340013,0.0,0.0,0.0,0.0,0.0,0.0,0.0,0.0,0.0,0.0,0.0,0.0,0.0,0.0,0.0,0.0,0.0,0.0,0.0,0.0,0.0,0.0,0.0,0.0,1.0,0.0,10.63926045991273
1.8677910186782187,1.8415669924625249,1.8198914120312308,0.24978623339432163,-0.8635282642293323,-0.8176963349223229,-0.23884351858815403,0.0,0.0,0.0,0.0,0.0,0.0,0.0,0.0,0.0,0.0,0.0,0.0,0.0,0.0,0.0,0.0,0.0,0.0,0.0,0.0,0.0,0.0,0.0,0.0,1.0,0.0,9.900197646725834
0.35265573853175186,-0.13374136400673842,-0.7172609266350096,0.24978623339432163,0.5928701515604371,-0.2434609991548385,2.0968028819491016,0.0,0.0,0.0,0.0,0.0,0.0,0.0,0.0,0.0,0.0,0.0,0.0,0.0,0.0,0.0,0.0,0.0,0.0,0.0,0.0,0.0,0.0,0.0,1.0,0.0,0.0,7.50191603060695
1.8677910186782187,1.8415669924625249,1.8198914120312308,0.24978623339432163,-1.154807947387286,2.053480343915099,-0.22349423447238745,0.0,0.0,0.0,0.0,0.0,0.0,0.0,0.0,0.0,0.0,0.0,0.0,0.0,0.0,0.0,0.0,0.0,0.0,0.0,0.0,0.0,0.0,0.0,0.0,1.0,0.0,9.935046295310297
-0.6434054178608329,-0.07725873596232068,-0.7172609266350096,0.24978623339432163,-1.737367313703194,0.3307743366126458,2.0968028819491016,0.0,0.0,0.0,0.0,0.0,0.0,1.0,0.0,0.0,0.0,0.0,0.0,0.0,0.0,0.0,0.0,0.0,0.0,0.0,0.0,0.0,0.0,0.0,0.0,0.0,0.0,7.922203043617488
0.10013319184067404,0.013007893903057201,0.2976000088314865,0.24978623339432163,-0.8635282642293323,-0.8176963349223229,1.0133557581386565,0.0,0.0,0.0,0.0,0.0,0.0,0.0,0.0,0.0,1.0,0.0,0.0,0.0,0.0,0.0,0.0,0.0,0.0,0.0,0.0,0.0,0.0,0.0,0.0,0.0,0.0,7.86924879568712
-0.18044741559385688,-0.5222573849477801,-0.7172609266350096,0.24978623339432163,-0.8635282642293323,0.3307743366126458,0.9550536707587222,0.0,0.0,0.0,0.0,0.0,0.0,0.0,0.0,0.0,0.0,0.0,0.0,0.0,0.0,0.0,0.0,0.0,0.0,0.0,0.0,0.0,0.0,0.0,1.0,0.0,0.0,6.918388544898891
1.8677910186782187,1.8415669924625249,1.8198914120312308,0.24978623339432163,0.5928701515604371,0.9050096723801302,-0.2114297593201143,0.0,0.0,0.0,0.0,0.0,0.0,0.0,0.0,0.0,0.0,0.0,0.0,0.0,0.0,0.0,0.0,0.0,0.0,0.0,0.0,0.0,0.0,0.0,0.0,1.0,0.0,10.073049720097456
-0.2505925674524896,-0.44043675553764217,-0.7172609266350096,0.24978623339432163,0.30159046840248327,0.9050096723801302,1.7081222994162066,0.0,0.0,0.0,0.0,0.0,0.0,1.0,0.0,0.0,0.0,0.0,0.0,0.0,0.0,0.0,0.0,0.0,0.0,0.0,0.0,0.0,0.0,0.0,0.0,0.0,0.0,6.898199770176485
1.8677910186782187,1.8415669924625249,1.8198914120312308,0.24978623339432163,1.175429517876345,0.9050096723801302,-0.06506337557797665,0.0,0.0,0.0,0.0,0.0,0.0,0.0,0.0,0.0,0.0,0.0,0.0,0.0,0.0,0.0,0.0,0.0,0.0,0.0,0.0,0.0,0.0,0.0,0.0,1.0,0.0,10.748112773172796
1.8677910186782187,1.8415669924625249,1.8198914120312308,0.24978623339432163,1.4667092010342988,0.9050096723801302,-0.27721259501251627,0.0,0.0,0.0,0.0,0.0,0.0,0.0,0.0,0.0,0.0,0.0,0.0,0.0,0.0,0.0,0.0,0.0,0.0,0.0,0.0,0.0,0.0,0.0,0.0,1.0,0.0,10.890401692516269
1.8677910186782187,1.8415669924625249,1.8198914120312308,0.24978623339432163,-1.154807947387286,0.9050096723801302,-0.020439791256763314,0.0,0.0,0.0,0.0,0.0,0.0,0.0,0.0,0.0,0.0,0.0,0.0,0.0,0.0,0.0,0.0,0.0,0.0,0.0,0.0,0.0,0.0,0.0,0.0,1.0,0.0,9.721052189266462
-0.08224420299177106,-0.5565692617971927,-0.7172609266350096,0.24978623339432163,-0.28096889791342455,0.3307743366126458,0.6392506974507449,0.0,0.0,0.0,0.0,0.0,0.0,0.0,0.0,0.0,0.0,0.0,0.0,0.0,0.0,0.0,0.0,0.0,0.0,0.0,0.0,0.0,1.0,0.0,0.0,0.0,0.0,7.037897183777385
-0.20850547633730998,-0.4430761306799047,-0.7172609266350096,0.24978623339432163,-1.4460876305452401,0.9050096723801302,1.6838297630079007,0.0,0.0,0.0,0.0,0.0,0.0,0.0,0.0,0.0,1.0,0.0,0.0,0.0,0.0,0.0,0.0,0.0,0.0,0.0,0.0,0.0,0.0,0.0,0.0,0.0,0.0,7.765123689304251
-0.8678699038084576,-0.7687750232350985,-0.7172609266350096,0.24978623339432163,0.30159046840248327,-0.8176963349223229,-1.3138692297770533,0.0,0.0,0.0,0.0,0.0,0.0,0.0,0.0,0.0,1.0,0.0,0.0,0.0,0.0,0.0,0.0,0.0,0.0,0.0,0.0,0.0,0.0,0.0,0.0,0.0,0.0,4.7561730595246186
1.8677910186782187,1.8415669924625249,1.8198914120312308,0.24978623339432163,0.010310785244529358,-0.2434609991548385,0.11453191103133642,0.0,0.0,0.0,0.0,0.0,0.0,0.0,0.0,0.0,0.0,0.0,0.0,0.0,0.0,0.0,0.0,0.0,0.0,0.0,0.0,0.0,0.0,0.0,0.0,1.0,0.0,10.348111833442466
-0.7977247519498248,-0.7276007710158033,-0.7172609266350096,-4.003423192752847,1.4667092010342988,0.9050096723801302,-0.9349056618074805,0.0,0.0,0.0,0.0,0.0,0.0,0.0,0.0,0.0,0.0,0.0,0.0,0.0,0.0,0.0,0.0,0.0,0.0,0.0,0.0,0.0,1.0,0.0,0.0,0.0,0.0,5.1298987149230735
-0.4610280230283878,-0.4399088805091897,-0.20983045890176158,0.24978623339432163,1.175429517876345,-0.8176963349223229,0.14611220836213415,0.0,0.0,0.0,0.0,0.0,0.0,0.0,0.0,1.0,0.0,0.0,0.0,0.0,0.0,0.0,0.0,0.0,0.0,0.0,0.0,0.0,0.0,0.0,0.0,0.0,0.0,7.2005144411742
-0.0962732333634976,-0.45416150627740726,-0.7172609266350096,0.24978623339432163,-1.154807947387286,0.9050096723801302,1.5818011100930156,0.0,0.0,0.0,0.0,0.0,0.0,0.0,0.0,0.0,1.0,0.0,0.0,0.0,0.0,0.0,0.0,0.0,0.0,0.0,0.0,0.0,0.0,0.0,0.0,0.0,0.0,6.89610770863252
-0.5311731748870205,-0.5982713890449404,-0.7172609266350096,0.24978623339432163,0.884149834718391,0.9050096723801302,0.2554286221995109,0.0,0.0,0.0,0.0,1.0,0.0,0.0,0.0,0.0,0.0,0.0,0.0,0.0,0.0,0.0,0.0,0.0,0.0,0.0,0.0,0.0,0.0,0.0,0.0,0.0,0.0,6.3992436425478765
-0.6434054178608329,-0.3016056230546341,0.2976000088314865,0.24978623339432163,1.175429517876345,-1.3919316706898073,0.04813231151530008,0.0,0.0,0.0,0.0,0.0,0.0,0.0,0.0,1.0,0.0,0.0,0.0,0.0,0.0,0.0,0.0,0.0,0.0,0.0,0.0,0.0,0.0,0.0,0.0,0.0,0.0,7.113418943349012
-0.8538408734367311,0.4104977903277914,-0.7172609266350096,0.24978623339432163,-0.28096889791342455,-0.2434609991548385,2.0968028819491016,0.0,0.0,0.0,0.0,0.0,0.0,0.0,0.0,0.0,0.0,0.0,0.0,0.0,0.0,1.0,0.0,0.0,0.0,0.0,0.0,0.0,0.0,0.0,0.0,0.0,0.0,7.382771325051409
-0.5311731748870205,-0.6035501393294653,-0.7172609266350096,0.24978623339432163,0.010310785244529358,0.3307743366126458,0.20684354938289903,0.0,0.0,0.0,0.0,0.0,0.0,0.0,0.0,0.0,0.0,0.0,0.0,0.0,0.0,0.0,0.0,0.0,1.0,0.0,0.0,0.0,0.0,0.0,0.0,0.0,0.0,6.5188522591729505
-0.34879578005457545,-0.7328795213003284,-0.20983045890176158,0.24978623339432163,-1.154807947387286,-1.3919316706898073,-1.202123562298846,0.0,0.0,0.0,0.0,0.0,0.0,0.0,0.0,1.0,0.0,0.0,0.0,0.0,0.0,0.0,0.0,0.0,0.0,0.0,0.0,0.0,0.0,0.0,0.0,0.0,0.0,5.332090576654958
-0.2505925674524896,-0.4668305069602673,-0.7172609266350096,0.24978623339432163,1.175429517876345,0.9050096723801302,1.465196935333147,0.0,0.0,0.0,0.0,0.0,0.0,0.0,0.0,0.0,0.0,0.0,0.0,0.0,0.0,0.0,0.0,1.0,0.0,0.0,0.0,0.0,0.0,0.0,0.0,0.0,0.0,7.609753176140044
-0.7275796000911922,-0.5570971368256452,-0.7172609266350096,0.24978623339432163,-1.154807947387286,2.053480343915099,0.6343921901690837,0.0,0.0,0.0,0.0,0.0,0.0,0.0,0.0,1.0,0.0,0.0,0.0,0.0,0.0,0.0,0.0,0.0,0.0,0.0,0.0,0.0,0.0,0.0,0.0,0.0,0.0,5.758964863369746
-0.20850547633730998,-0.21503411838842373,0.2976000088314865,0.24978623339432163,0.5928701515604371,0.9050096723801302,0.3137307095794452,0.0,0.0,0.0,0.0,0.0,0.0,0.0,0.0,1.0,0.0,0.0,0.0,0.0,0.0,0.0,0.0,0.0,0.0,0.0,0.0,0.0,0.0,0.0,0.0,0.0,0.0,7.576046083543216
-0.7977247519498248,-0.7328795213003284,-0.7172609266350096,0.24978623339432163,-1.154807947387286,-0.2434609991548385,-0.9834907346240924,0.0,0.0,0.0,0.0,0.0,0.0,0.0,0.0,0.0,0.0,0.0,0.0,0.0,0.0,0.0,0.0,0.0,0.0,0.0,0.0,0.0,0.0,0.0,0.0,0.0,0.0,5.356114465274254
-0.9099569949236372,-0.773525898491171,-0.7172609266350096,0.24978623339432163,0.010310785244529358,-0.2434609991548385,-1.357595795312004,0.0,1.0,0.0,0.0,0.0,0.0,0.0,0.0,0.0,0.0,0.0,0.0,0.0,0.0,0.0,0.0,0.0,0.0,0.0,0.0,0.0,0.0,0.0,0.0,0.0,0.0,3.8416005411316
-0.9239860252953638,-0.7550502724953335,-0.7172609266350096,0.24978623339432163,1.175429517876345,-0.2434609991548385,-1.1875480404538623,0.0,0.0,0.0,0.0,0.0,0.0,0.0,0.0,0.0,0.0,0.0,0.0,0.0,1.0,0.0,0.0,0.0,0.0,0.0,0.0,0.0,0.0,0.0,0.0,0.0,0.0,4.464988155388229
-0.7977247519498248,-0.5829630132198178,-0.7172609266350096,0.24978623339432163,0.30159046840248327,0.9050096723801302,0.3963253333676854,0.0,0.0,0.0,0.0,0.0,0.0,0.0,0.0,0.0,0.0,0.0,0.0,0.0,0.0,0.0,0.0,0.0,0.0,0.0,0.0,0.0,0.0,0.0,0.0,0.0,0.0,6.41306543712555
1.8677910186782187,1.8415669924625249,1.8198914120312308,0.24978623339432163,-0.5722485810713784,0.3307743366126458,-0.4663400076241947,0.0,0.0,0.0,0.0,0.0,0.0,0.0,0.0,0.0,0.0,0.0,0.0,0.0,0.0,0.0,0.0,0.0,0.0,0.0,0.0,0.0,0.0,0.0,0.0,1.0,0.0,10.013089659911822
-0.47505705340011434,-0.5924647637319628,-0.7172609266350096,0.24978623339432163,-0.28096889791342455,0.9050096723801302,0.308872202297784,0.0,0.0,0.0,0.0,0.0,0.0,1.0,0.0,0.0,0.0,0.0,0.0,0.0,0.0,0.0,0.0,0.0,0.0,0.0,0.0,0.0,0.0,0.0,0.0,0.0,0.0,6.4411538556648
-0.3207377193111223,-0.6035501393294653,-0.7172609266350096,0.24978623339432163,-1.154807947387286,-0.8176963349223229,0.20684354938289903,0.0,0.0,0.0,0.0,0.0,0.0,0.0,0.0,0.0,0.0,0.0,0.0,0.0,0.0,0.0,0.0,0.0,0.0,0.0,0.0,0.0,1.0,0.0,0.0,0.0,0.0,6.991167687446878
-0.9239860252953638,-0.7423812718124735,-0.7172609266350096,0.24978623339432163,0.010310785244529358,-0.8176963349223229,-1.0709438656939938,0.0,0.0,0.0,0.0,0.0,0.0,0.0,0.0,0.0,0.0,0.0,0.0,0.0,0.0,0.0,0.0,0.0,0.0,0.0,0.0,0.0,0.0,0.0,0.0,0.0,0.0,4.785823685681349
0.40877186001865806,-0.33327812476178426,0.8050304765647346,0.24978623339432163,0.5928701515604371,-1.3919316706898073,-0.39196747308184254,0.0,0.0,0.0,0.0,0.0,0.0,0.0,0.0,1.0,0.0,0.0,0.0,0.0,0.0,0.0,0.0,0.0,0.0,0.0,0.0,0.0,0.0,0.0,0.0,0.0,0.0,7.61876693532565
-0.05418614224831796,1.8415669924625249,0.2976000088314865,0.24978623339432163,0.884149834718391,0.9050096723801302,2.0968028819491016,0.0,0.0,0.0,0.0,0.0,0.0,0.0,0.0,1.0,0.0,0.0,0.0,0.0,0.0,0.0,0.0,0.0,0.0,0.0,0.0,0.0,0.0,0.0,0.0,0.0,0.0,9.104030516949413
0.689352467453189,-0.23773274461188135,1.3124609442979827,0.24978623339432163,0.5928701515604371,-0.2434609991548385,-0.4218472928640589,0.0,0.0,0.0,0.0,0.0,0.0,1.0,0.0,0.0,0.0,0.0,0.0,0.0,0.0,0.0,0.0,0.0,0.0,0.0,0.0,0.0,0.0,0.0,0.0,0.0,0.0,7.762761921639023
-0.6434054178608329,-0.6800920184550782,-0.7172609266350096,0.24978623339432163,0.30159046840248327,0.3307743366126458,-0.49764000645797346,0.0,1.0,0.0,0.0,0.0,0.0,0.0,0.0,0.0,0.0,0.0,0.0,0.0,0.0,0.0,0.0,0.0,0.0,0.0,0.0,0.0,0.0,0.0,0.0,0.0,0.0,5.876502528638301
-0.47505705340011434,-0.4388531304522847,-0.7172609266350096,0.24978623339432163,-0.5722485810713784,2.053480343915099,1.72269782126119,0.0,0.0,0.0,0.0,0.0,0.0,0.0,0.0,0.0,1.0,0.0,0.0,0.0,0.0,0.0,0.0,0.0,0.0,0.0,0.0,0.0,0.0,0.0,0.0,0.0,0.0,6.998810966710839
1.8677910186782187,1.8415669924625249,1.8198914120312308,0.24978623339432163,0.5928701515604371,0.9050096723801302,-0.09033514601204382,0.0,0.0,0.0,0.0,0.0,0.0,0.0,0.0,0.0,0.0,0.0,0.0,0.0,0.0,0.0,0.0,0.0,0.0,0.0,0.0,0.0,0.0,0.0,0.0,1.0,0.0,10.483438039077837
1.8677910186782187,1.8415669924625249,1.8198914120312308,0.24978623339432163,-0.28096889791342455,0.3307743366126458,-0.41736251691175624,0.0,0.0,0.0,0.0,0.0,0.0,0.0,0.0,0.0,0.0,0.0,0.0,0.0,0.0,0.0,0.0,0.0,0.0,0.0,0.0,0.0,0.0,0.0,0.0,1.0,0.0,10.039725466724597
-0.5031151141435675,-0.6288881406951855,-0.7172609266350096,0.24978623339432163,-0.8635282642293323,0.3307743366126458,-0.02636480013683807,0.0,0.0,0.0,0.0,0.0,0.0,0.0,0.0,1.0,0.0,0.0,0.0,0.0,0.0,0.0,0.0,0.0,0.0,0.0,0.0,0.0,0.0,0.0,0.0,0.0,0.0,6.50757617530321
-0.39088287116975506,-0.38712137766393945,-0.7172609266350096,0.24978623339432163,-1.154807947387286,-1.3919316706898073,2.0968028819491016,0.0,0.0,0.0,0.0,0.0,0.0,1.0,0.0,0.0,0.0,0.0,0.0,0.0,0.0,0.0,0.0,0.0,0.0,0.0,0.0,0.0,0.0,0.0,0.0,0.0,0.0,6.29156913955832
1.8677910186782187,1.8415669924625249,1.8198914120312308,0.24978623339432163,0.30159046840248327,-0.8176963349223229,-0.4186581188535326,0.0,0.0,0.0,0.0,0.0,0.0,0.0,0.0,0.0,0.0,0.0,0.0,0.0,0.0,0.0,0.0,0.0,0.0,0.0,0.0,0.0,0.0,0.0,0.0,1.0,0.0,9.621041746879593
0.07207513109722094,-0.23298186935580883,0.2976000088314865,0.24978623339432163,1.175429517876345,0.3307743366126458,0.2586676270539518,0.0,0.0,0.0,0.0,0.0,0.0,0.0,0.0,1.0,0.0,0.0,0.0,0.0,0.0,0.0,0.0,0.0,0.0,0.0,0.0,0.0,0.0,0.0,0.0,0.0,0.0,7.411544203145999
-0.825782812693278,-0.6837871436542456,-0.20983045890176158,0.24978623339432163,1.175429517876345,0.3307743366126458,-0.9762029737016006,0.0,0.0,0.0,0.0,0.0,0.0,0.0,1.0,0.0,0.0,0.0,0.0,0.0,0.0,0.0,0.0,0.0,0.0,0.0,0.0,0.0,0.0,0.0,0.0,0.0,0.0,5.460988784418869
-0.7696666912063718,-0.6906495190241282,-0.7172609266350096,0.24978623339432163,-1.154807947387286,-0.8176963349223229,-0.5948101520911973,0.0,0.0,0.0,0.0,0.0,0.0,0.0,0.0,0.0,0.0,0.0,0.0,0.0,0.0,0.0,1.0,0.0,0.0,0.0,0.0,0.0,0.0,0.0,0.0,0.0,0.0,5.4668357631983
-0.4890860837718409,-0.6288881406951855,-0.7172609266350096,-4.003423192752847,1.4667092010342988,0.3307743366126458,-0.02636480013683807,0.0,0.0,0.0,0.0,0.0,0.0,1.0,0.0,0.0,0.0,0.0,0.0,0.0,0.0,0.0,0.0,0.0,0.0,0.0,0.0,0.0,0.0,0.0,0.0,0.0,0.0,6.852823795455919
-0.43296996228493473,-0.538093635801355,-0.20983045890176158,0.24978623339432163,-1.4460876305452401,-1.3919316706898073,-0.30572896883235645,0.0,0.0,0.0,0.0,0.0,0.0,0.0,0.0,0.0,1.0,0.0,0.0,0.0,0.0,0.0,0.0,0.0,0.0,0.0,0.0,0.0,0.0,0.0,0.0,0.0,0.0,6.688964739549405
-0.8678699038084576,-0.6943446442232958,-0.7172609266350096,0.24978623339432163,-0.8635282642293323,-0.2434609991548385,-0.6288197030628255,0.0,0.0,0.0,0.0,0.0,0.0,1.0,0.0,0.0,0.0,0.0,0.0,0.0,0.0,0.0,0.0,0.0,0.0,0.0,0.0,0.0,0.0,0.0,0.0,0.0,0.0,5.896879104618114
1.8677910186782187,1.8415669924625249,1.8198914120312308,0.24978623339432163,1.4667092010342988,-0.2434609991548385,0.15598765251072816,0.0,0.0,0.0,0.0,0.0,0.0,0.0,0.0,0.0,0.0,0.0,0.0,0.0,0.0,0.0,0.0,0.0,0.0,0.0,0.0,0.0,0.0,0.0,0.0,1.0,0.0,10.921240772621013
-0.671463478604286,-0.7355188964425909,-0.7172609266350096,0.24978623339432163,0.884149834718391,-1.3919316706898073,-1.0077832710323984,0.0,0.0,0.0,0.0,0.0,0.0,0.0,0.0,0.0,0.0,0.0,0.0,0.0,1.0,0.0,0.0,0.0,0.0,0.0,0.0,0.0,0.0,0.0,0.0,0.0,0.0,5.764626680205501
-0.2786506281959427,-0.4657747569033623,-0.20983045890176158,0.24978623339432163,1.175429517876345,-0.8176963349223229,0.027078779961435012,0.0,0.0,0.0,0.0,0.0,0.0,0.0,0.0,0.0,1.0,0.0,0.0,0.0,0.0,0.0,0.0,0.0,0.0,0.0,0.0,0.0,0.0,0.0,0.0,0.0,0.0,6.796164283018117
-0.6854925089760125,-0.6917052690810332,-0.7172609266350096,0.24978623339432163,0.30159046840248327,0.3307743366126458,-0.6045271666545196,0.0,0.0,0.0,0.0,0.0,0.0,0.0,0.0,0.0,0.0,0.0,0.0,0.0,1.0,0.0,0.0,0.0,0.0,0.0,0.0,0.0,0.0,0.0,0.0,0.0,0.0,5.738183901373533
-0.5732602660022001,-0.6146355149269679,-0.7172609266350096,0.24978623339432163,0.5928701515604371,0.9050096723801302,0.10481489646801405,0.0,0.0,0.0,0.0,0.0,0.0,0.0,0.0,0.0,1.0,0.0,0.0,0.0,0.0,0.0,0.0,0.0,0.0,0.0,0.0,0.0,0.0,0.0,0.0,0.0,0.0,6.145643797955656
1.8677910186782187,1.8415669924625249,1.8198914120312308,0.24978623339432163,-1.737367313703194,2.053480343915099,-0.46493851513910006,0.0,0.0,0.0,0.0,0.0,0.0,0.0,0.0,0.0,0.0,0.0,0.0,0.0,0.0,0.0,0.0,0.0,0.0,0.0,0.0,0.0,0.0,0.0,0.0,1.0,0.0,9.198950755848708
-0.7135505697194656,-0.7064857698777033,-0.7172609266350096,0.24978623339432163,0.010310785244529358,0.9050096723801302,-0.7405653705410329,0.0,0.0,0.0,0.0,0.0,0.0,0.0,0.0,0.0,0.0,0.0,0.0,0.0,0.0,0.0,0.0,0.0,0.0,1.0,0.0,0.0,0.0,0.0,0.0,0.0,0.0,6.107245580093692
0.7454685889400952,0.23841053105227564,1.8198914120312308,0.24978623339432163,1.175429517876345,0.3307743366126458,-0.24864150827283749,0.0,0.0,0.0,0.0,0.0,0.0,0.0,0.0,0.0,1.0,0.0,0.0,0.0,0.0,0.0,0.0,0.0,0.0,0.0,0.0,0.0,0.0,0.0,0.0,0.0,0.0,8.353596033780544
-0.9099569949236372,-0.7788046487756961,-0.7172609266350096,0.24978623339432163,0.30159046840248327,2.053480343915099,-1.4061808681286159,0.0,0.0,0.0,0.0,0.0,0.0,0.0,0.0,1.0,0.0,0.0,0.0,0.0,0.0,0.0,0.0,0.0,0.0,0.0,0.0,0.0,0.0,0.0,0.0,0.0,0.0,3.863882630100211
1.8677910186782187,1.8415669924625249,1.8198914120312308,0.24978623339432163,-0.28096889791342455,0.9050096723801302,-0.4435761913875734,0.0,0.0,0.0,0.0,0.0,0.0,0.0,0.0,0.0,0.0,0.0,0.0,0.0,0.0,0.0,0.0,0.0,0.0,0.0,0.0,0.0,0.0,0.0,0.0,1.0,0.0,9.682804097701599
-0.4890860837718409,-0.3749802520095319,0.8050304765647346,0.24978623339432163,1.175429517876345,-1.3919316706898073,-0.48792299189465105,0.0,0.0,0.0,0.0,0.0,0.0,1.0,0.0,0.0,0.0,0.0,0.0,0.0,0.0,0.0,0.0,0.0,0.0,0.0,0.0,0.0,0.0,0.0,0.0,0.0,0.0,7.0547345916288
-0.7696666912063718,-0.7149317703329433,-0.7172609266350096,0.24978623339432163,0.884149834718391,0.3307743366126458,-0.818301487047612,0.0,0.0,0.0,0.0,0.0,0.0,0.0,0.0,1.0,0.0,0.0,0.0,0.0,0.0,0.0,0.0,0.0,0.0,0.0,0.0,0.0,0.0,0.0,0.0,0.0,0.0,5.807301295434656
-0.7135505697194656,-0.6990955194793682,-0.20983045890176158,0.24978623339432163,1.4667092010342988,-1.3919316706898073,-1.0466513292856878,0.0,0.0,0.0,0.0,0.0,0.0,0.0,0.0,0.0,1.0,0.0,0.0,0.0,0.0,0.0,0.0,0.0,0.0,0.0,0.0,0.0,0.0,0.0,0.0,0.0,0.0,5.653365988742185
-0.8117537823215515,-0.7513551472961659,-0.7172609266350096,0.24978623339432163,-0.28096889791342455,-0.2434609991548385,-1.153538489482234,0.0,0.0,0.0,0.0,0.0,0.0,0.0,0.0,0.0,0.0,0.0,0.0,0.0,0.0,0.0,0.0,0.0,0.0,0.0,1.0,0.0,0.0,0.0,0.0,0.0,0.0,5.030111070596913
1.8677910186782187,1.8415669924625249,1.8198914120312308,0.24978623339432163,-0.28096889791342455,-0.2434609991548385,-0.23665096145591719,0.0,0.0,0.0,0.0,0.0,0.0,0.0,0.0,0.0,0.0,0.0,0.0,0.0,0.0,0.0,0.0,0.0,0.0,0.0,0.0,0.0,0.0,0.0,0.0,1.0,0.0,9.817402836972239
-0.8117537823215515,-0.6605606424023356,-0.7172609266350096,0.24978623339432163,0.010310785244529358,-0.2434609991548385,-0.31787523703650944,0.0,0.0,0.0,0.0,0.0,0.0,0.0,0.0,0.0,1.0,0.0,0.0,0.0,0.0,0.0,0.0,0.0,0.0,0.0,0.0,0.0,0.0,0.0,0.0,0.0,0.0,6.090630918602481
-0.8117537823215515,-0.6948725192517482,-0.7172609266350096,0.24978623339432163,-1.154807947387286,-0.8176963349223229,-0.6336782103444868,0.0,0.0,0.0,0.0,0.0,0.0,0.0,0.0,0.0,0.0,0.0,0.0,0.0,0.0,0.0,0.0,0.0,0.0,1.0,0.0,0.0,0.0,0.0,0.0,0.0,0.0,5.7645012096909065
-0.2505925674524896,-0.4710535071878873,-0.7172609266350096,0.24978623339432163,0.010310785244529358,0.9050096723801302,1.4263288770798574,0.0,0.0,0.0,0.0,0.0,0.0,0.0,0.0,0.0,0.0,0.0,0.0,0.0,0.0,0.0,0.0,1.0,0.0,0.0,0.0,0.0,0.0,0.0,0.0,0.0,0.0,6.792422987796763
1.8677910186782187,1.8415669924625249,1.8198914120312308,0.24978623339432163,-1.4460876305452401,-1.3919316706898073,-0.5766651146923402,0.0,0.0,0.0,0.0,0.0,0.0,0.0,0.0,0.0,0.0,0.0,0.0,0.0,0.0,0.0,0.0,0.0,0.0,0.0,0.0,0.0,0.0,0.0,0.0,1.0,0.0,9.848172497489461
-0.08224420299177106,-0.3137467487090417,-0.7172609266350096,0.24978623339432163,0.884149834718391,0.3307743366126458,2.0968028819491016,0.0,0.0,0.0,0.0,0.0,0.0,0.0,0.0,0.0,0.0,0.0,0.0,0.0,0.0,0.0,0.0,0.0,0.0,0.0,1.0,0.0,0.0,0.0,0.0,0.0,0.0,7.185394591309296
-0.7135505697194656,-0.7022627696500833,-0.7172609266350096,0.24978623339432163,0.30159046840248327,2.053480343915099,-0.7016973122877433,0.0,0.0,0.0,0.0,0.0,0.0,1.0,0.0,0.0,0.0,0.0,0.0,0.0,0.0,0.0,0.0,0.0,0.0,0.0,0.0,0.0,0.0,0.0,0.0,0.0,0.0,6.1310090745458785
-0.7275796000911922,-0.7165153954183008,-0.7172609266350096,0.24978623339432163,-0.5722485810713784,-0.8176963349223229,-0.8328770088925955,0.0,0.0,0.0,0.0,0.0,0.0,0.0,0.0,0.0,1.0,0.0,0.0,0.0,0.0,0.0,0.0,0.0,0.0,0.0,0.0,0.0,0.0,0.0,0.0,0.0,0.0,5.6844297461403865
1.8677910186782187,1.8415669924625249,1.8198914120312308,0.24978623339432163,0.010310785244529358,-1.3919316706898073,-0.03308401233488025,0.0,0.0,0.0,0.0,0.0,0.0,0.0,0.0,0.0,0.0,0.0,0.0,0.0,0.0,0.0,0.0,0.0,0.0,0.0,0.0,0.0,0.0,0.0,0.0,1.0,0.0,9.905643227398626
1.8677910186782187,1.037613324129364,1.8198914120312308,0.24978623339432163,-1.4460876305452401,-0.2434609991548385,-0.7235605950552187,0.0,0.0,0.0,0.0,0.0,0.0,0.0,0.0,0.0,0.0,0.0,0.0,0.0,0.0,0.0,0.0,0.0,0.0,0.0,0.0,0.0,0.0,0.0,0.0,1.0,0.0,9.157784175199852
-0.6574344482325595,-0.6943446442232958,-0.7172609266350096,0.24978623339432163,0.30159046840248327,0.9050096723801302,-0.6288197030628255,0.0,0.0,0.0,0.0,0.0,0.0,0.0,1.0,0.0,0.0,0.0,0.0,0.0,0.0,0.0,0.0,0.0,0.0,0.0,0.0,0.0,0.0,0.0,0.0,0.0,0.0,6.019930519418653
-0.6434054178608329,-0.6552818921178106,-0.7172609266350096,0.24978623339432163,-0.8635282642293323,-1.3919316706898073,-0.26929016421989754,0.0,0.0,0.0,0.0,0.0,0.0,0.0,1.0,0.0,0.0,0.0,0.0,0.0,0.0,0.0,0.0,0.0,0.0,0.0,0.0,0.0,0.0,0.0,0.0,0.0,0.0,5.926179080409352
1.8677910186782187,1.8415669924625249,1.8198914120312308,0.24978623339432163,0.5928701515604371,2.053480343915099,-0.5649811771526262,0.0,0.0,0.0,0.0,0.0,0.0,0.0,0.0,0.0,0.0,0.0,0.0,0.0,0.0,0.0,0.0,0.0,0.0,0.0,0.0,0.0,0.0,0.0,0.0,1.0,0.0,9.488655208541878
-0.15238935485040378,-0.4969193835820599,0.2976000088314865,0.24978623339432163,0.010310785244529358,-1.3919316706898073,-0.5510835865562466,0.0,0.0,0.0,0.0,0.0,0.0,1.0,0.0,0.0,0.0,0.0,0.0,0.0,0.0,0.0,0.0,0.0,0.0,0.0,0.0,0.0,0.0,0.0,0.0,0.0,0.0,7.066296307110688
-0.7275796000911922,-0.7339352713572334,-0.7172609266350096,0.24978623339432163,-0.5722485810713784,0.9050096723801302,-0.9932077491874147,0.0,0.0,0.0,0.0,0.0,0.0,0.0,0.0,0.0,0.0,0.0,0.0,0.0,0.0,0.0,0.0,0.0,0.0,0.0,0.0,0.0,1.0,0.0,0.0,0.0,0.0,6.260728034035745
-0.6153473571173798,-0.7054300198207983,-0.20983045890176158,0.24978623339432163,1.175429517876345,-0.8176963349223229,-1.075802372975655,0.0,0.0,0.0,0.0,0.0,0.0,0.0,0.0,0.0,0.0,0.0,0.0,0.0,1.0,0.0,0.0,0.0,0.0,0.0,0.0,0.0,0.0,0.0,0.0,0.0,0.0,6.417042691846703
-0.6293763874891063,-0.6542261420609056,-0.20983045890176158,-4.003423192752847,1.4667092010342988,0.9050096723801302,-0.8401647698150873,0.0,0.0,0.0,0.0,0.0,0.0,0.0,0.0,1.0,0.0,0.0,0.0,0.0,0.0,0.0,0.0,0.0,0.0,0.0,0.0,0.0,0.0,0.0,0.0,0.0,0.0,6.055330967436396
-0.7416086304629187,-0.7276007710158033,-0.7172609266350096,0.24978623339432163,-1.737367313703194,-1.3919316706898073,-0.9349056618074805,0.0,0.0,0.0,0.0,0.0,0.0,0.0,0.0,0.0,0.0,0.0,0.0,1.0,0.0,0.0,0.0,0.0,0.0,0.0,0.0,0.0,0.0,0.0,0.0,0.0,0.0,5.94237933941749
-0.9239860252953638,-0.779860398832601,-0.7172609266350096,0.24978623339432163,-0.5722485810713784,-0.8176963349223229,-1.4158978826919382,0.0,0.0,0.0,1.0,0.0,0.0,0.0,0.0,0.0,0.0,0.0,0.0,0.0,0.0,0.0,0.0,0.0,0.0,0.0,0.0,0.0,0.0,0.0,0.0,0.0,0.0,5.683579767338681
-0.4610280230283878,-0.5544577616833827,-0.20983045890176158,0.24978623339432163,0.884149834718391,-0.8176963349223229,-0.3810358316981049,0.0,0.0,0.0,0.0,0.0,0.0,0.0,0.0,0.0,1.0,0.0,0.0,0.0,0.0,0.0,0.0,0.0,0.0,0.0,0.0,0.0,0.0,0.0,0.0,0.0,0.0,7.001391330943404
-0.9239860252953638,-0.6030222643010129,-0.7172609266350096,0.24978623339432163,1.175429517876345,0.9050096723801302,0.2117020566645602,0.0,0.0,0.0,0.0,0.0,0.0,0.0,0.0,0.0,0.0,0.0,0.0,0.0,0.0,0.0,0.0,0.0,0.0,0.0,0.0,0.0,0.0,0.0,0.0,0.0,0.0,6.400988075343648
-0.8398118430650046,-0.7022627696500833,-0.7172609266350096,0.24978623339432163,1.4667092010342988,0.3307743366126458,-0.7016973122877433,1.0,0.0,0.0,0.0,0.0,0.0,0.0,0.0,0.0,0.0,0.0,0.0,0.0,0.0,0.0,0.0,0.0,0.0,0.0,0.0,0.0,0.0,0.0,0.0,0.0,0.0,6.528250272543504
-0.7135505697194656,-0.6869543938249607,-0.7172609266350096,0.24978623339432163,0.5928701515604371,2.053480343915099,-0.5608006011195689,0.0,0.0,0.0,0.0,0.0,0.0,0.0,0.0,0.0,0.0,0.0,0.0,0.0,0.0,0.0,0.0,0.0,0.0,0.0,0.0,0.0,1.0,0.0,0.0,0.0,0.0,5.9222216443658215
-0.7977247519498248,-0.5977435140164878,-0.7172609266350096,0.24978623339432163,-1.154807947387286,-0.2434609991548385,0.2602871294811721,0.0,0.0,0.0,0.0,0.0,0.0,0.0,1.0,0.0,0.0,0.0,0.0,0.0,0.0,0.0,0.0,0.0,0.0,0.0,0.0,0.0,0.0,0.0,0.0,0.0,0.0,6.32686478076786
-0.2786506281959427,-0.45944025656193227,-0.7172609266350096,0.24978623339432163,-0.5722485810713784,-0.8176963349223229,1.5332160372764037,0.0,0.0,0.0,0.0,0.0,0.0,0.0,0.0,0.0,0.0,0.0,0.0,0.0,0.0,0.0,0.0,0.0,0.0,0.0,0.0,0.0,1.0,0.0,0.0,0.0,0.0,7.175864547726274
-0.1243312941069507,-0.3211369991073767,-0.20983045890176158,0.24978623339432163,1.175429517876345,-0.8176963349223229,0.6926942775490179,0.0,0.0,0.0,0.0,0.0,0.0,0.0,0.0,1.0,0.0,0.0,0.0,0.0,0.0,0.0,0.0,0.0,0.0,0.0,0.0,0.0,0.0,0.0,0.0,0.0,0.0,7.23689354480756
-0.0962732333634976,-0.6927610191379382,-0.7172609266350096,0.24978623339432163,0.010310785244529358,-1.3919316706898073,-0.614244181217842,0.0,0.0,0.0,0.0,0.0,0.0,0.0,0.0,0.0,0.0,0.0,0.0,0.0,0.0,0.0,0.0,0.0,0.0,0.0,0.0,0.0,1.0,0.0,0.0,0.0,0.0,5.749074463847908
1.8677910186782187,1.8415669924625249,1.8198914120312308,0.24978623339432163,0.30159046840248327,-1.3919316706898073,0.22239077268421478,0.0,0.0,0.0,0.0,0.0,0.0,0.0,0.0,0.0,0.0,0.0,0.0,0.0,0.0,0.0,0.0,0.0,0.0,0.0,0.0,0.0,0.0,0.0,0.0,1.0,0.0,9.947579076315716
-0.8398118430650046,-0.757689647637596,-0.7172609266350096,0.24978623339432163,0.5928701515604371,2.053480343915099,-1.2118405768621683,0.0,0.0,0.0,0.0,0.0,0.0,0.0,0.0,1.0,0.0,0.0,0.0,0.0,0.0,0.0,0.0,0.0,0.0,0.0,0.0,0.0,0.0,0.0,0.0,0.0,0.0,4.730745008896157
-0.6013183267456532,-0.6188585151545879,-0.7172609266350096,0.24978623339432163,0.5928701515604371,-0.8176963349223229,0.06594683821472452,0.0,0.0,0.0,0.0,0.0,0.0,0.0,0.0,1.0,0.0,0.0,0.0,0.0,0.0,0.0,0.0,0.0,0.0,0.0,0.0,0.0,0.0,0.0,0.0,0.0,0.0,5.936638704824203
-0.15238935485040378,-0.47369288233014983,-0.7172609266350096,0.24978623339432163,-0.8635282642293323,-0.2434609991548385,1.4020363406715517,0.0,0.0,0.0,0.0,0.0,0.0,0.0,0.0,0.0,0.0,0.0,0.0,0.0,0.0,0.0,0.0,0.0,0.0,0.0,1.0,0.0,0.0,0.0,0.0,0.0,0.0,7.096133457358622
0.21236543481448641,-0.24353936992485886,0.8050304765647346,-4.003423192752847,1.4667092010342988,0.3307743366126458,-0.18548091361124203,0.0,0.0,0.0,0.0,0.0,0.0,0.0,0.0,1.0,0.0,0.0,0.0,0.0,0.0,0.0,0.0,0.0,0.0,0.0,0.0,0.0,0.0,0.0,0.0,0.0,0.0,7.528724162828098
-0.7836957215780983,-0.7276007710158033,-0.7172609266350096,0.24978623339432163,-0.5722485810713784,0.3307743366126458,-0.9349056618074805,0.0,0.0,0.0,0.0,0.0,0.0,0.0,0.0,1.0,0.0,0.0,0.0,0.0,0.0,0.0,0.0,0.0,0.0,0.0,0.0,0.0,0.0,0.0,0.0,0.0,0.0,5.4680601411351315
-0.6995215393477391,-0.6932888941663907,0.8050304765647346,0.24978623339432163,1.175429517876345,0.3307743366126458,-1.2203429646050754,0.0,0.0,0.0,0.0,0.0,0.0,0.0,0.0,0.0,1.0,0.0,0.0,0.0,0.0,0.0,0.0,0.0,0.0,0.0,0.0,0.0,0.0,0.0,0.0,0.0,0.0,7.2023633115046515
-0.4610280230283878,-0.653698267032453,-0.7172609266350096,0.24978623339432163,1.175429517876345,0.9050096723801302,-0.254714642374914,0.0,0.0,0.0,0.0,0.0,0.0,0.0,0.0,0.0,0.0,0.0,0.0,0.0,0.0,0.0,0.0,1.0,0.0,0.0,0.0,0.0,0.0,0.0,0.0,0.0,0.0,6.843366080028787
1.8677910186782187,1.8415669924625249,1.8198914120312308,0.24978623339432163,-1.737367313703194,-0.2434609991548385,-0.5650760875274308,0.0,0.0,0.0,0.0,0.0,0.0,0.0,0.0,0.0,0.0,0.0,0.0,0.0,0.0,0.0,0.0,0.0,0.0,0.0,0.0,0.0,0.0,0.0,0.0,1.0,0.0,9.700930634830307
1.8677910186782187,1.8415669924625249,1.8198914120312308,0.24978623339432163,-0.8635282642293323,-0.8176963349223229,-0.2803849644302581,0.0,0.0,0.0,0.0,0.0,0.0,0.0,0.0,0.0,0.0,0.0,0.0,0.0,0.0,0.0,0.0,0.0,0.0,0.0,0.0,0.0,0.0,0.0,0.0,1.0,0.0,10.30947619024542
-0.7696666912063718,-0.7138760202760384,-0.7172609266350096,0.24978623339432163,-1.737367313703194,2.053480343915099,-0.8085844724842896,0.0,0.0,0.0,0.0,0.0,0.0,0.0,0.0,1.0,0.0,0.0,0.0,0.0,0.0,0.0,0.0,0.0,0.0,0.0,0.0,0.0,0.0,0.0,0.0,0.0,0.0,6.245137303457015
-0.7416086304629187,-0.5454838861996901,-0.7172609266350096,0.24978623339432163,-0.8635282642293323,0.3307743366126458,0.7412793503656299,0.0,0.0,0.0,0.0,0.0,0.0,0.0,0.0,0.0,0.0,0.0,0.0,0.0,1.0,0.0,0.0,0.0,0.0,0.0,0.0,0.0,0.0,0.0,0.0,0.0,0.0,6.181650928264084
-0.6434054178608329,-0.4895291331837249,-0.7172609266350096,0.24978623339432163,0.5928701515604371,0.3307743366126458,1.2562811222217158,0.0,0.0,0.0,0.0,0.0,0.0,0.0,0.0,0.0,0.0,0.0,0.0,0.0,0.0,0.0,1.0,0.0,0.0,0.0,0.0,0.0,0.0,0.0,0.0,0.0,0.0,6.808619792010706
-0.16641838522213034,1.8415669924625249,0.2976000088314865,0.24978623339432163,0.5928701515604371,-1.3919316706898073,2.0968028819491016,0.0,0.0,0.0,0.0,0.0,0.0,1.0,0.0,0.0,0.0,0.0,0.0,0.0,0.0,0.0,0.0,0.0,0.0,0.0,0.0,0.0,0.0,0.0,0.0,0.0,0.0,9.04662778918121
1.8677910186782187,1.8415669924625249,1.8198914120312308,0.24978623339432163,0.884149834718391,-1.3919316706898073,-0.12513226323252577,0.0,0.0,0.0,0.0,0.0,0.0,0.0,0.0,0.0,0.0,0.0,0.0,0.0,0.0,0.0,0.0,0.0,0.0,0.0,0.0,0.0,0.0,0.0,0.0,1.0,0.0,10.499016667170155
0.7033814978249155,0.3730186633076637,1.8198914120312308,0.24978623339432163,1.175429517876345,-0.2434609991548385,-0.35917254893062955,0.0,0.0,0.0,0.0,0.0,0.0,0.0,0.0,0.0,1.0,0.0,0.0,0.0,0.0,0.0,0.0,0.0,0.0,0.0,0.0,0.0,0.0,0.0,0.0,0.0,0.0,8.192326943992157
-0.8398118430650046,-0.7033185197069883,-0.7172609266350096,0.24978623339432163,0.884149834718391,0.9050096723801302,-0.7114143268510658,0.0,0.0,0.0,0.0,0.0,0.0,0.0,0.0,0.0,0.0,1.0,0.0,0.0,0.0,0.0,0.0,0.0,0.0,0.0,0.0,0.0,0.0,0.0,0.0,0.0,0.0,5.743323649276734
-0.8959279645519107,-0.7027906446785358,-0.7172609266350096,0.24978623339432163,1.175429517876345,-0.2434609991548385,-0.7065558195694046,0.0,0.0,0.0,0.0,0.0,0.0,0.0,0.0,0.0,0.0,0.0,0.0,0.0,0.0,0.0,1.0,0.0,0.0,0.0,0.0,0.0,0.0,0.0,0.0,0.0,0.0,5.453182077108952
-0.7416086304629187,-0.7476600220969984,-0.7172609266350096,0.24978623339432163,0.30159046840248327,-0.2434609991548385,-1.1195289385106058,0.0,0.0,0.0,0.0,0.0,0.0,0.0,0.0,0.0,0.0,0.0,0.0,0.0,0.0,0.0,0.0,0.0,0.0,0.0,0.0,0.0,0.0,0.0,1.0,0.0,0.0,5.682524789276261
-0.2646215978242161,-0.4974472586105124,-0.20983045890176158,0.24978623339432163,0.884149834718391,0.9050096723801302,-0.11867643848840066,0.0,0.0,0.0,0.0,0.0,0.0,0.0,0.0,0.0,1.0,0.0,0.0,0.0,0.0,0.0,0.0,0.0,0.0,0.0,0.0,0.0,0.0,0.0,0.0,0.0,0.0,6.993776999756896
-0.44699899265666126,-0.525424635118495,0.2976000088314865,0.24978623339432163,0.5928701515604371,0.9050096723801302,-0.6385367176261479,0.0,0.0,0.0,0.0,0.0,0.0,0.0,0.0,0.0,1.0,0.0,0.0,0.0,0.0,0.0,0.0,0.0,0.0,0.0,0.0,0.0,0.0,0.0,0.0,0.0,0.0,7.1372784372603855
-0.3067086889393958,-0.6214978902968504,-0.20983045890176158,0.24978623339432163,-0.8635282642293323,0.3307743366126458,-0.6895510440835905,0.0,0.0,0.0,0.0,0.0,0.0,0.0,0.0,1.0,0.0,0.0,0.0,0.0,0.0,0.0,0.0,0.0,0.0,0.0,0.0,0.0,0.0,0.0,0.0,0.0,0.0,6.56180829839838
-0.7275796000911922,-0.7075415199346083,-0.7172609266350096,0.24978623339432163,0.5928701515604371,0.3307743366126458,-0.7502823851043553,0.0,0.0,0.0,0.0,0.0,0.0,0.0,1.0,0.0,0.0,0.0,0.0,0.0,0.0,0.0,0.0,0.0,0.0,0.0,0.0,0.0,0.0,0.0,0.0,0.0,0.0,5.507564812670135
-0.7275796000911922,-0.07514723584851067,-0.20983045890176158,0.24978623339432163,-0.8635282642293323,-0.8176963349223229,1.8247264741760751,0.0,0.0,0.0,0.0,0.0,0.0,0.0,0.0,0.0,0.0,0.0,0.0,0.0,0.0,0.0,1.0,0.0,0.0,0.0,0.0,0.0,0.0,0.0,0.0,0.0,0.0,7.734208826850307
0.11416222221240058,0.35982178759635114,-0.7172609266350096,0.24978623339432163,0.010310785244529358,-1.3919316706898073,2.0968028819491016,0.0,0.0,0.0,0.0,0.0,0.0,0.0,0.0,0.0,0.0,0.0,0.0,0.0,0.0,0.0,0.0,0.0,0.0,0.0,0.0,1.0,0.0,0.0,0.0,0.0,0.0,8.281551867272047
-0.2646215978242161,-0.5143392595209925,0.2976000088314865,0.24978623339432163,1.4667092010342988,2.053480343915099,-0.6045271666545196,0.0,0.0,0.0,0.0,0.0,0.0,0.0,0.0,0.0,1.0,0.0,0.0,0.0,0.0,0.0,0.0,0.0,0.0,0.0,0.0,0.0,0.0,0.0,0.0,0.0,0.0,7.0740067339319275
-0.8678699038084576,-0.7698307732920036,-0.7172609266350096,0.24978623339432163,-0.28096889791342455,-0.2434609991548385,-1.3235862443403756,0.0,1.0,0.0,0.0,0.0,0.0,0.0,0.0,0.0,0.0,0.0,0.0,0.0,0.0,0.0,0.0,0.0,0.0,0.0,0.0,0.0,0.0,0.0,0.0,0.0,0.0,4.609660091260944
0.5490621637359235,1.8415669924625249,-0.20983045890176158,0.24978623339432163,0.30159046840248327,-0.8176963349223229,2.0968028819491016,0.0,0.0,0.0,0.0,0.0,0.0,0.0,0.0,0.0,0.0,0.0,0.0,0.0,0.0,0.0,1.0,0.0,0.0,0.0,0.0,0.0,0.0,0.0,0.0,0.0,0.0,9.433460723021268
-0.47505705340011434,-0.3628391263551244,-0.20983045890176158,0.24978623339432163,-1.4460876305452401,-1.3919316706898073,0.500783239923401,0.0,0.0,0.0,0.0,0.0,0.0,0.0,0.0,0.0,1.0,0.0,0.0,0.0,0.0,0.0,0.0,0.0,0.0,0.0,0.0,0.0,0.0,0.0,0.0,0.0,0.0,7.257912025553624
1.8677910186782187,1.8415669924625249,1.8198914120312308,0.24978623339432163,-0.5722485810713784,0.3307743366126458,-0.3763141837764905,0.0,0.0,0.0,0.0,0.0,0.0,0.0,0.0,0.0,0.0,0.0,0.0,0.0,0.0,0.0,0.0,0.0,0.0,0.0,0.0,0.0,0.0,0.0,0.0,1.0,0.0,10.260757719294606
-0.026128081504864873,-0.3443635003592868,-0.20983045890176158,0.24978623339432163,0.010310785244529358,0.3307743366126458,0.5858071173524718,0.0,0.0,0.0,0.0,0.0,0.0,0.0,0.0,0.0,1.0,0.0,0.0,0.0,0.0,0.0,0.0,0.0,0.0,0.0,0.0,0.0,0.0,0.0,0.0,0.0,0.0,7.55309256475159
-0.6434054178608329,-0.4742207573586023,-0.7172609266350096,0.24978623339432163,1.175429517876345,-0.2434609991548385,1.3971778333898903,0.0,0.0,0.0,0.0,0.0,0.0,1.0,0.0,0.0,0.0,0.0,0.0,0.0,0.0,0.0,0.0,0.0,0.0,0.0,0.0,0.0,0.0,0.0,0.0,0.0,0.0,6.717853061447729
1.8677910186782187,1.8415669924625249,1.8198914120312308,0.24978623339432163,-1.737367313703194,-1.3919316706898073,0.16326421134133184,0.0,0.0,0.0,0.0,0.0,0.0,0.0,0.0,0.0,0.0,0.0,0.0,0.0,0.0,0.0,0.0,0.0,0.0,0.0,0.0,0.0,0.0,0.0,0.0,1.0,0.0,9.926832428068485
0.9559040445159933,-0.12476748852304587,0.8050304765647346,0.24978623339432163,0.884149834718391,-0.2434609991548385,0.08781012098219988,0.0,0.0,0.0,0.0,0.0,0.0,0.0,0.0,1.0,0.0,0.0,0.0,0.0,0.0,0.0,0.0,0.0,0.0,0.0,0.0,0.0,0.0,0.0,0.0,0.0,0.0,7.630558344449593
1.8677910186782187,1.8415669924625249,1.8198914120312308,0.24978623339432163,-1.737367313703194,-0.8176963349223229,-0.3950445276935613,0.0,0.0,0.0,0.0,0.0,0.0,0.0,0.0,0.0,0.0,0.0,0.0,0.0,0.0,0.0,0.0,0.0,0.0,0.0,0.0,0.0,0.0,0.0,0.0,1.0,0.0,10.086712034903405
1.8677910186782187,1.8415669924625249,1.8198914120312308,0.24978623339432163,0.5928701515604371,2.053480343915099,-0.14099740672443842,0.0,0.0,0.0,0.0,0.0,0.0,0.0,0.0,0.0,0.0,0.0,0.0,0.0,0.0,0.0,0.0,0.0,0.0,0.0,0.0,0.0,0.0,0.0,0.0,1.0,0.0,10.266410124340535
-0.7416086304629187,-0.7360467714710435,-0.7172609266350096,0.24978623339432163,-0.28096889791342455,2.053480343915099,-1.0126417783140595,0.0,0.0,0.0,0.0,0.0,0.0,1.0,0.0,0.0,0.0,0.0,0.0,0.0,0.0,0.0,0.0,0.0,0.0,0.0,0.0,0.0,0.0,0.0,0.0,0.0,0.0,5.718014056902925
0.43682992076211113,1.8415669924625249,-0.20983045890176158,0.24978623339432163,0.010310785244529358,2.053480343915099,2.0968028819491016,0.0,0.0,0.0,0.0,0.0,0.0,1.0,0.0,0.0,0.0,0.0,0.0,0.0,0.0,0.0,0.0,0.0,0.0,0.0,0.0,0.0,0.0,0.0,0.0,0.0,0.0,9.583376636544939
-0.2786506281959427,-0.2282309940997363,1.8198914120312308,0.24978623339432163,-0.5722485810713784,-0.8176963349223229,-0.573756620537332,0.0,0.0,0.0,0.0,0.0,0.0,0.0,0.0,1.0,0.0,0.0,0.0,0.0,0.0,0.0,0.0,0.0,0.0,0.0,0.0,0.0,0.0,0.0,0.0,0.0,0.0,7.508973556772073
-0.8538408734367311,-0.7170432704467533,-0.7172609266350096,0.24978623339432163,1.175429517876345,-0.8176963349223229,-0.8377355161742567,0.0,0.0,0.0,0.0,0.0,0.0,0.0,0.0,0.0,0.0,0.0,0.0,0.0,0.0,0.0,0.0,0.0,0.0,0.0,0.0,0.0,0.0,1.0,0.0,0.0,0.0,6.010580664300212
-0.0962732333634976,-0.6441965165203081,-0.7172609266350096,0.24978623339432163,0.5928701515604371,0.9050096723801302,-0.16726151130501257,0.0,0.0,0.0,0.0,0.0,0.0,0.0,0.0,0.0,0.0,0.0,0.0,0.0,0.0,0.0,0.0,0.0,0.0,0.0,0.0,0.0,0.0,0.0,0.0,0.0,1.0,5.662439511121819
-0.7556376608346452,-0.7239056458166359,-0.7172609266350096,0.24978623339432163,-0.28096889791342455,0.9050096723801302,-0.9008961108358522,0.0,0.0,0.0,0.0,0.0,0.0,0.0,0.0,0.0,0.0,0.0,0.0,0.0,0.0,0.0,0.0,0.0,0.0,0.0,0.0,0.0,1.0,0.0,0.0,0.0,0.0,5.581238121898107
-0.0962732333634976,-0.4446597557652622,-0.7172609266350096,0.24978623339432163,-0.5722485810713784,-0.2434609991548385,1.669254241162917,0.0,0.0,0.0,0.0,0.0,0.0,1.0,0.0,0.0,0.0,0.0,0.0,0.0,0.0,0.0,0.0,0.0,0.0,0.0,0.0,0.0,0.0,0.0,0.0,0.0,0.0,7.255139194679962
-0.9239860252953638,-0.27362824654665147,-0.7172609266350096,0.24978623339432163,-0.5722485810713784,-0.2434609991548385,2.0968028819491016,0.0,0.0,0.0,0.0,0.0,0.0,0.0,0.0,0.0,0.0,0.0,0.0,0.0,0.0,0.0,1.0,0.0,0.0,0.0,0.0,0.0,0.0,0.0,0.0,0.0,0.0,7.239214973779806
-0.5031151141435675,-0.5766285128783878,-0.7172609266350096,0.24978623339432163,-1.737367313703194,-0.2434609991548385,0.4546274207476197,0.0,0.0,0.0,0.0,0.0,0.0,0.0,0.0,1.0,0.0,0.0,0.0,0.0,0.0,0.0,0.0,0.0,0.0,0.0,0.0,0.0,0.0,0.0,0.0,0.0,0.0,6.625060748041395
-0.4610280230283878,-0.6668951427437656,-0.7172609266350096,0.24978623339432163,0.884149834718391,0.9050096723801302,-0.3761773244164437,0.0,0.0,0.0,0.0,0.0,0.0,0.0,0.0,0.0,0.0,0.0,0.0,0.0,0.0,0.0,0.0,0.0,0.0,0.0,1.0,0.0,0.0,0.0,0.0,0.0,0.0,6.46616027621622
0.058046100725494404,-0.31744187390820916,0.8050304765647346,0.24978623339432163,-0.28096889791342455,0.9050096723801302,-0.35552866846938364,0.0,0.0,0.0,0.0,0.0,0.0,1.0,0.0,0.0,0.0,0.0,0.0,0.0,0.0,0.0,0.0,0.0,0.0,0.0,0.0,0.0,0.0,0.0,0.0,0.0,0.0,7.642864603844483
-0.22253450670903652,-0.4784437575862223,-0.20983045890176158,0.24978623339432163,0.5928701515604371,0.9050096723801302,-0.03122330741849926,0.0,0.0,0.0,0.0,0.0,0.0,0.0,0.0,0.0,0.0,0.0,0.0,0.0,0.0,0.0,0.0,0.0,0.0,0.0,0.0,0.0,1.0,0.0,0.0,0.0,0.0,6.945705955210611
-0.22253450670903652,-0.5185622597486125,0.2976000088314865,0.24978623339432163,0.884149834718391,0.9050096723801302,-0.6174831860722827,0.0,0.0,0.0,0.0,0.0,0.0,0.0,0.0,0.0,1.0,0.0,0.0,0.0,0.0,0.0,0.0,0.0,0.0,0.0,0.0,0.0,0.0,0.0,0.0,0.0,0.0,7.841013249686033
1.8677910186782187,1.8415669924625249,1.8198914120312308,0.24978623339432163,-0.28096889791342455,0.3307743366126458,-0.08516265356592133,0.0,0.0,0.0,0.0,0.0,0.0,0.0,0.0,0.0,0.0,0.0,0.0,0.0,0.0,0.0,0.0,0.0,0.0,0.0,0.0,0.0,0.0,0.0,0.0,1.0,0.0,10.332453669247602
-0.8818989341801842,-0.769302898263551,-0.7172609266350096,0.24978623339432163,-1.737367313703194,0.3307743366126458,-1.3187277370587145,0.0,0.0,0.0,0.0,0.0,0.0,0.0,0.0,0.0,0.0,0.0,0.0,0.0,0.0,0.0,0.0,0.0,0.0,0.0,0.0,0.0,0.0,0.0,0.0,0.0,0.0,4.485823428355525
-0.4890860837718409,-0.5940483888173204,-0.7172609266350096,0.24978623339432163,0.5928701515604371,-0.2434609991548385,0.29429668045280044,0.0,1.0,0.0,0.0,0.0,0.0,0.0,0.0,0.0,0.0,0.0,0.0,0.0,0.0,0.0,0.0,0.0,0.0,0.0,0.0,0.0,0.0,0.0,0.0,0.0,0.0,6.311444385858925
-0.0682151726200445,-0.3691736266965544,-0.7172609266350096,0.24978623339432163,-0.5722485810713784,2.053480343915099,2.0968028819491016,0.0,0.0,0.0,0.0,0.0,0.0,0.0,0.0,1.0,0.0,0.0,0.0,0.0,0.0,0.0,0.0,0.0,0.0,0.0,0.0,0.0,0.0,0.0,0.0,0.0,0.0,6.997074823435883
-0.7275796000911922,-0.42776775485478213,-0.7172609266350096,0.24978623339432163,-1.4460876305452401,-0.2434609991548385,1.8247264741760751,0.0,0.0,0.0,0.0,0.0,0.0,1.0,0.0,0.0,0.0,0.0,0.0,0.0,0.0,0.0,0.0,0.0,0.0,0.0,0.0,0.0,0.0,0.0,0.0,0.0,0.0,7.300607849039458
-0.8818989341801842,-0.753466647409976,-0.7172609266350096,0.24978623339432163,1.175429517876345,-0.2434609991548385,-1.1729725186088789,0.0,0.0,0.0,0.0,0.0,0.0,0.0,0.0,0.0,0.0,0.0,0.0,0.0,0.0,0.0,1.0,0.0,0.0,0.0,0.0,0.0,0.0,0.0,0.0,0.0,0.0,4.787491742782046
1.8677910186782187,1.8415669924625249,1.8198914120312308,0.24978623339432163,-0.5722485810713784,-0.8176963349223229,-0.33807639889183755,0.0,0.0,0.0,0.0,0.0,0.0,0.0,0.0,0.0,0.0,0.0,0.0,0.0,0.0,0.0,0.0,0.0,0.0,0.0,0.0,0.0,0.0,0.0,0.0,1.0,0.0,10.593324008691113
1.8677910186782187,1.8415669924625249,1.8198914120312308,0.24978623339432163,0.010310785244529358,0.3307743366126458,-0.15941849240747386,0.0,0.0,0.0,0.0,0.0,0.0,0.0,0.0,0.0,0.0,0.0,0.0,0.0,0.0,0.0,0.0,0.0,0.0,0.0,0.0,0.0,0.0,0.0,0.0,1.0,0.0,10.27155604281711
-0.8818989341801842,-0.775637398604981,-0.7172609266350096,0.24978623339432163,1.4667092010342988,0.9050096723801302,-1.3770298244386487,0.0,0.0,0.0,0.0,0.0,0.0,0.0,0.0,0.0,1.0,0.0,0.0,0.0,0.0,0.0,0.0,0.0,0.0,0.0,0.0,0.0,0.0,0.0,0.0,0.0,0.0,4.219507705176107
-0.8818989341801842,-0.752410897353071,-0.7172609266350096,0.24978623339432163,-1.154807947387286,0.3307743366126458,-1.1632555040455563,1.0,0.0,0.0,0.0,0.0,0.0,0.0,0.0,0.0,0.0,0.0,0.0,0.0,0.0,0.0,0.0,0.0,0.0,0.0,0.0,0.0,0.0,0.0,0.0,0.0,0.0,5.118233304694274
1.8677910186782187,1.8415669924625249,1.8198914120312308,0.24978623339432163,0.30159046840248327,-1.3919316706898073,-0.24903265928280177,0.0,0.0,0.0,0.0,0.0,0.0,0.0,0.0,0.0,0.0,0.0,0.0,0.0,0.0,0.0,0.0,0.0,0.0,0.0,0.0,0.0,0.0,0.0,0.0,1.0,0.0,10.1901150691393
1.8677910186782187,1.8415669924625249,1.8198914120312308,0.24978623339432163,0.30159046840248327,-1.3919316706898073,-0.6068999260246333,0.0,0.0,0.0,0.0,0.0,0.0,0.0,0.0,0.0,0.0,0.0,0.0,0.0,0.0,0.0,0.0,0.0,0.0,0.0,0.0,0.0,0.0,0.0,0.0,1.0,0.0,9.481241935927029
-0.6293763874891063,-0.5919368887035104,0.2976000088314865,0.24978623339432163,0.884149834718391,0.3307743366126458,-0.8425940234559179,0.0,0.0,0.0,0.0,0.0,0.0,0.0,0.0,0.0,0.0,0.0,0.0,0.0,0.0,0.0,1.0,0.0,0.0,0.0,0.0,0.0,0.0,0.0,0.0,0.0,0.0,6.736433007646552
1.4749781682698755,-0.18758461690889364,-0.20983045890176158,0.24978623339432163,0.884149834718391,0.3307743366126458,1.3072954486791584,0.0,0.0,0.0,0.0,0.0,0.0,0.0,0.0,0.0,0.0,0.0,0.0,0.0,0.0,0.0,0.0,0.0,0.0,0.0,1.0,0.0,0.0,0.0,0.0,0.0,0.0,7.4568992858471415
-0.7275796000911922,-0.6975118943940107,-0.7172609266350096,-4.003423192752847,1.4667092010342988,-0.2434609991548385,-0.6579707467527927,0.0,0.0,0.0,0.0,0.0,0.0,0.0,0.0,0.0,1.0,0.0,0.0,0.0,0.0,0.0,0.0,0.0,0.0,0.0,0.0,0.0,0.0,0.0,0.0,0.0,0.0,5.570174888652846
-0.7556376608346452,-0.7217941457028259,-0.7172609266350096,0.24978623339432163,-1.4460876305452401,0.9050096723801302,-0.8814620817092074,0.0,0.0,0.0,0.0,0.0,0.0,0.0,0.0,0.0,0.0,0.0,0.0,0.0,1.0,0.0,0.0,0.0,0.0,0.0,0.0,0.0,0.0,0.0,0.0,0.0,0.0,5.54907608489522
-0.7836957215780983,-0.748187897125451,-0.7172609266350096,0.24978623339432163,-1.4460876305452401,-0.8176963349223229,-1.124387445792267,0.0,0.0,0.0,0.0,0.0,0.0,0.0,0.0,0.0,1.0,0.0,0.0,0.0,0.0,0.0,0.0,0.0,0.0,0.0,0.0,0.0,0.0,0.0,0.0,0.0,0.0,5.753048715959119
1.8677910186782187,1.8415669924625249,1.8198914120312308,0.24978623339432163,0.5928701515604371,0.3307743366126458,0.11598946321583484,0.0,0.0,0.0,0.0,0.0,0.0,0.0,0.0,0.0,0.0,0.0,0.0,0.0,0.0,0.0,0.0,0.0,0.0,0.0,0.0,0.0,0.0,0.0,0.0,1.0,0.0,10.277266584024847
1.8677910186782187,1.8415669924625249,1.8198914120312308,0.24978623339432163,0.884149834718391,0.3307743366126458,-0.09673307043606283,0.0,0.0,0.0,0.0,0.0,0.0,0.0,0.0,0.0,0.0,0.0,0.0,0.0,0.0,0.0,0.0,0.0,0.0,0.0,0.0,0.0,0.0,0.0,0.0,1.0,0.0,10.456484340283811
-0.9239860252953638,-0.7645520230074785,-0.7172609266350096,-4.003423192752847,1.4667092010342988,-0.2434609991548385,-1.2750011715237637,0.0,0.0,0.0,0.0,0.0,0.0,0.0,0.0,0.0,0.0,0.0,0.0,0.0,0.0,0.0,0.0,0.0,1.0,0.0,0.0,0.0,0.0,0.0,0.0,0.0,0.0,4.1588830833596715
-0.9239860252953638,-0.7788046487756961,-0.7172609266350096,-4.003423192752847,1.4667092010342988,0.3307743366126458,-1.4061808681286159,0.0,0.0,0.0,0.0,0.0,0.0,0.0,0.0,1.0,0.0,0.0,0.0,0.0,0.0,0.0,0.0,0.0,0.0,0.0,0.0,0.0,0.0,0.0,0.0,0.0,0.0,2.5976867322317663
-0.8117537823215515,-0.7392140216417584,-0.7172609266350096,0.24978623339432163,-0.28096889791342455,-1.3919316706898073,-1.0417928220040267,0.0,0.0,0.0,0.0,0.0,0.0,0.0,0.0,0.0,0.0,0.0,0.0,0.0,0.0,0.0,0.0,0.0,0.0,0.0,0.0,0.0,0.0,0.0,0.0,0.0,1.0,5.229931453681572
-0.22253450670903652,-0.44993850604978725,-0.20983045890176158,0.24978623339432163,1.175429517876345,-1.3919316706898073,0.09995638918635286,0.0,0.0,0.0,0.0,0.0,0.0,1.0,0.0,0.0,0.0,0.0,0.0,0.0,0.0,0.0,0.0,0.0,0.0,0.0,0.0,0.0,0.0,0.0,0.0,0.0,0.0,6.804170962725567
1.8677910186782187,1.8415669924625249,1.8198914120312308,0.24978623339432163,1.175429517876345,-0.2434609991548385,-0.2272875851397298,0.0,0.0,0.0,0.0,0.0,0.0,0.0,0.0,0.0,0.0,0.0,0.0,0.0,0.0,0.0,0.0,0.0,0.0,0.0,0.0,0.0,0.0,0.0,0.0,1.0,0.0,10.830667382404451
-0.5311731748870205,-0.12635111360840337,-0.20983045890176158,0.24978623339432163,-0.8635282642293323,-1.3919316706898073,1.5890888710155073,0.0,0.0,0.0,0.0,0.0,0.0,1.0,0.0,0.0,0.0,0.0,0.0,0.0,0.0,0.0,0.0,0.0,0.0,0.0,0.0,0.0,0.0,0.0,0.0,0.0,0.0,7.803484055343397
-0.5592312356304736,-0.6040780143579179,-0.7172609266350096,0.24978623339432163,-1.154807947387286,-0.8176963349223229,0.20198504210123783,0.0,0.0,0.0,0.0,0.0,0.0,1.0,0.0,0.0,0.0,0.0,0.0,0.0,0.0,0.0,0.0,0.0,0.0,0.0,0.0,0.0,0.0,0.0,0.0,0.0,0.0,6.261777902898582
1.8677910186782187,1.8415669924625249,1.8198914120312308,0.24978623339432163,0.5928701515604371,2.053480343915099,0.1976663689619833,0.0,0.0,0.0,0.0,0.0,0.0,0.0,0.0,0.0,0.0,0.0,0.0,0.0,0.0,0.0,0.0,0.0,0.0,0.0,0.0,0.0,0.0,0.0,0.0,1.0,0.0,9.664388003650341
1.8677910186782187,1.8415669924625249,1.8198914120312308,0.24978623339432163,-1.4460876305452401,-0.2434609991548385,-0.38844711399216436,0.0,0.0,0.0,0.0,0.0,0.0,0.0,0.0,0.0,0.0,0.0,0.0,0.0,0.0,0.0,0.0,0.0,0.0,0.0,0.0,0.0,0.0,0.0,0.0,1.0,0.0,10.109864933848105
-0.5311731748870205,-0.6352226410366155,-0.7172609266350096,0.24978623339432163,-0.8635282642293323,0.3307743366126458,-0.08466688751677234,0.0,1.0,0.0,0.0,0.0,0.0,0.0,0.0,0.0,0.0,0.0,0.0,0.0,0.0,0.0,0.0,0.0,0.0,0.0,0.0,0.0,0.0,0.0,0.0,0.0,0.0,6.207059680664862
-0.7135505697194656,-0.7144038953044908,-0.7172609266350096,0.24978623339432163,-1.154807947387286,0.9050096723801302,-0.8134429797659507,0.0,0.0,0.0,0.0,0.0,0.0,0.0,0.0,1.0,0.0,0.0,0.0,0.0,0.0,0.0,0.0,0.0,0.0,0.0,0.0,0.0,0.0,0.0,0.0,0.0,0.0,5.762837237437516
0.31056864741657225,-0.27679549671736653,-0.20983045890176158,0.24978623339432163,0.884149834718391,0.3307743366126458,0.8967515833787879,0.0,0.0,0.0,0.0,0.0,0.0,0.0,0.0,0.0,1.0,0.0,0.0,0.0,0.0,0.0,0.0,0.0,0.0,0.0,0.0,0.0,0.0,0.0,0.0,0.0,0.0,7.663928900562495
-0.16641838522213034,-0.4868897580414624,-0.7172609266350096,0.24978623339432163,0.884149834718391,-0.8176963349223229,1.2805736586300218,0.0,0.0,0.0,0.0,0.0,0.0,0.0,0.0,0.0,0.0,0.0,0.0,0.0,0.0,0.0,0.0,0.0,0.0,0.0,1.0,0.0,0.0,0.0,0.0,0.0,0.0,6.795112758210396
-0.39088287116975506,-0.6230815153822079,-0.20983045890176158,0.24978623339432163,1.175429517876345,2.053480343915099,-0.6968388050060822,0.0,0.0,0.0,0.0,0.0,0.0,0.0,0.0,1.0,0.0,0.0,0.0,0.0,0.0,0.0,0.0,0.0,0.0,0.0,0.0,0.0,0.0,0.0,0.0,0.0,0.0,6.73305659413373
1.8677910186782187,1.8415669924625249,1.8198914120312308,0.24978623339432163,-1.737367313703194,2.053480343915099,-0.6038646429342931,0.0,0.0,0.0,0.0,0.0,0.0,0.0,0.0,0.0,0.0,0.0,0.0,0.0,0.0,0.0,0.0,0.0,0.0,0.0,0.0,0.0,0.0,0.0,0.0,1.0,0.0,9.568507002796633
-0.7836957215780983,-0.7344631463856859,-0.7172609266350096,0.24978623339432163,0.5928701515604371,0.9050096723801302,-0.998066256469076,0.0,0.0,0.0,0.0,0.0,0.0,0.0,1.0,0.0,0.0,0.0,0.0,0.0,0.0,0.0,0.0,0.0,0.0,0.0,0.0,0.0,0.0,0.0,0.0,0.0,0.0,5.443715569237393
-0.4610280230283878,-0.4657747569033623,-0.20983045890176158,0.24978623339432163,-1.737367313703194,0.9050096723801302,0.027078779961435012,0.0,0.0,0.0,0.0,0.0,0.0,0.0,0.0,1.0,0.0,0.0,0.0,0.0,0.0,0.0,0.0,0.0,0.0,0.0,0.0,0.0,0.0,0.0,0.0,0.0,0.0,6.971753028929321
0.058046100725494404,0.9874651964263763,0.2976000088314865,0.24978623339432163,-1.154807947387286,0.3307743366126458,2.0968028819491016,0.0,0.0,0.0,0.0,0.0,0.0,0.0,0.0,1.0,0.0,0.0,0.0,0.0,0.0,0.0,0.0,0.0,0.0,0.0,0.0,0.0,0.0,0.0,0.0,0.0,0.0,8.629555338346906
-0.9099569949236372,-0.628360265666733,-0.7172609266350096,0.24978623339432163,-1.737367313703194,0.3307743366126458,-0.02150629285517688,0.0,0.0,0.0,0.0,0.0,0.0,0.0,0.0,0.0,0.0,0.0,0.0,0.0,0.0,0.0,1.0,0.0,0.0,0.0,0.0,0.0,0.0,0.0,0.0,0.0,0.0,5.724499716244923
-0.8117537823215515,-0.7392140216417584,-0.7172609266350096,0.24978623339432163,-1.737367313703194,2.053480343915099,-1.0417928220040267,0.0,0.0,0.0,0.0,0.0,0.0,0.0,0.0,1.0,0.0,0.0,0.0,0.0,0.0,0.0,0.0,0.0,0.0,0.0,0.0,0.0,0.0,0.0,0.0,0.0,0.0,4.74493212836325
-0.6574344482325595,0.9309825683819585,-0.7172609266350096,0.24978623339432163,0.010310785244529358,-0.2434609991548385,2.0968028819491016,0.0,0.0,0.0,0.0,0.0,0.0,0.0,0.0,0.0,0.0,0.0,0.0,0.0,0.0,0.0,0.0,0.0,0.0,0.0,0.0,0.0,0.0,1.0,0.0,0.0,0.0,7.946652948322589
-0.2646215978242161,-0.48108313272848485,-0.20983045890176158,0.24978623339432163,0.884149834718391,-0.8176963349223229,-0.043369575622652236,0.0,0.0,0.0,0.0,0.0,0.0,0.0,0.0,0.0,1.0,0.0,0.0,0.0,0.0,0.0,0.0,0.0,0.0,0.0,0.0,0.0,0.0,0.0,0.0,0.0,0.0,6.871080921112758
-0.671463478604286,-0.6362783910935205,-0.7172609266350096,0.24978623339432163,0.30159046840248327,-1.3919316706898073,-0.09438390208009471,0.0,0.0,0.0,0.0,0.0,0.0,0.0,0.0,0.0,1.0,0.0,0.0,0.0,0.0,0.0,0.0,0.0,0.0,0.0,0.0,0.0,0.0,0.0,0.0,0.0,0.0,6.034643761201915
-0.825782812693278,-0.7312958962149709,-0.20983045890176158,0.24978623339432163,-1.154807947387286,0.3307743366126458,-1.194835801376354,0.0,0.0,0.0,0.0,0.0,0.0,0.0,0.0,0.0,1.0,0.0,0.0,0.0,0.0,0.0,0.0,0.0,0.0,0.0,0.0,0.0,0.0,0.0,0.0,0.0,0.0,5.761988487720563
-0.7556376608346452,-0.6605606424023356,-0.7172609266350096,0.24978623339432163,-1.154807947387286,0.9050096723801302,-0.31787523703650944,0.0,0.0,0.0,0.0,0.0,0.0,0.0,0.0,0.0,0.0,0.0,0.0,0.0,0.0,0.0,0.0,0.0,0.0,0.0,0.0,0.0,0.0,0.0,1.0,0.0,0.0,6.19803146201739
-0.43296996228493473,-0.48213888278538986,-0.7172609266350096,0.24978623339432163,0.5928701515604371,-1.3919316706898073,1.3243002241649726,0.0,0.0,0.0,0.0,0.0,0.0,0.0,0.0,0.0,0.0,0.0,0.0,0.0,0.0,0.0,0.0,0.0,0.0,0.0,0.0,0.0,1.0,0.0,0.0,0.0,0.0,6.880024305243826
0.058046100725494404,-0.3158582488228517,0.8050304765647346,0.24978623339432163,1.4667092010342988,0.9050096723801302,-0.35188478800813777,0.0,0.0,0.0,0.0,0.0,0.0,0.0,0.0,0.0,1.0,0.0,0.0,0.0,0.0,0.0,0.0,0.0,0.0,0.0,0.0,0.0,0.0,0.0,0.0,0.0,0.0,7.432909752692721
1.8677910186782187,1.6573386075326015,1.8198914120312308,0.24978623339432163,-0.5722485810713784,2.053480343915099,-0.6470809890525177,0.0,0.0,0.0,0.0,0.0,0.0,0.0,0.0,0.0,0.0,0.0,0.0,0.0,0.0,0.0,0.0,0.0,0.0,0.0,0.0,0.0,0.0,0.0,0.0,1.0,0.0,9.123703470316459
-0.7135505697194656,-0.6959282693086533,-0.20983045890176158,0.24978623339432163,-1.154807947387286,-0.2434609991548385,-1.0320758074407044,0.0,0.0,0.0,0.0,0.0,0.0,0.0,0.0,1.0,0.0,0.0,0.0,0.0,0.0,0.0,0.0,0.0,0.0,0.0,0.0,0.0,0.0,0.0,0.0,0.0,0.0,5.575191240283214
1.8677910186782187,1.8415669924625249,1.8198914120312308,0.24978623339432163,-0.28096889791342455,-0.8176963349223229,-0.39827876930556916,0.0,0.0,0.0,0.0,0.0,0.0,0.0,0.0,0.0,0.0,0.0,0.0,0.0,0.0,0.0,0.0,0.0,0.0,0.0,0.0,0.0,0.0,0.0,0.0,1.0,0.0,9.973273842516699
1.8677910186782187,1.8415669924625249,1.8198914120312308,0.24978623339432163,0.010310785244529358,0.9050096723801302,-0.5199221260600747,0.0,0.0,0.0,0.0,0.0,0.0,0.0,0.0,0.0,0.0,0.0,0.0,0.0,0.0,0.0,0.0,0.0,0.0,0.0,0.0,0.0,0.0,0.0,0.0,1.0,0.0,10.07045644126253
-0.7275796000911922,-0.6980397694224633,-0.7172609266350096,0.24978623339432163,-0.8635282642293323,-1.3919316706898073,-0.6628292540344539,0.0,0.0,0.0,0.0,0.0,0.0,0.0,0.0,0.0,0.0,0.0,0.0,0.0,0.0,0.0,0.0,0.0,0.0,0.0,0.0,0.0,1.0,0.0,0.0,0.0,0.0,5.601934302012123
-0.19447644596558342,-0.48741763306991487,-0.20983045890176158,0.24978623339432163,0.30159046840248327,0.9050096723801302,-0.07252061931261937,0.0,0.0,0.0,0.0,0.0,0.0,0.0,0.0,0.0,1.0,0.0,0.0,0.0,0.0,0.0,0.0,0.0,0.0,0.0,0.0,0.0,0.0,0.0,0.0,0.0,0.0,6.985225449749036
0.08610416146894749,-0.24881812020938388,1.3124609442979827,0.24978623339432163,-0.28096889791342455,-0.2434609991548385,-0.4422530234470359,0.0,0.0,0.0,0.0,0.0,0.0,0.0,0.0,1.0,0.0,0.0,0.0,0.0,0.0,0.0,0.0,0.0,0.0,0.0,0.0,0.0,0.0,0.0,0.0,0.0,0.0,7.5267767949241575
-0.8538408734367311,-0.4272398798263296,-0.7172609266350096,0.24978623339432163,-1.154807947387286,-0.8176963349223229,1.8295849814577363,0.0,0.0,0.0,0.0,0.0,0.0,1.0,0.0,0.0,0.0,0.0,0.0,0.0,0.0,0.0,0.0,0.0,0.0,0.0,0.0,0.0,0.0,0.0,0.0,0.0,0.0,7.84076545866306
1.6292975023588676,0.6966060557490475,0.8050304765647346,0.24978623339432163,0.884149834718391,-1.3919316706898073,1.9777694535484025,0.0,0.0,0.0,0.0,0.0,0.0,0.0,0.0,0.0,1.0,0.0,0.0,0.0,0.0,0.0,0.0,0.0,0.0,0.0,0.0,0.0,0.0,0.0,0.0,0.0,0.0,8.164473273185083
-0.7696666912063718,-0.6484195167479281,-0.7172609266350096,0.24978623339432163,-1.4460876305452401,-0.8176963349223229,-0.20612956955830208,0.0,0.0,0.0,0.0,0.0,0.0,0.0,0.0,0.0,0.0,0.0,0.0,0.0,0.0,0.0,0.0,0.0,0.0,0.0,0.0,0.0,0.0,1.0,0.0,0.0,0.0,6.23539063760472
-0.8538408734367311,-0.4631353817610998,-0.7172609266350096,0.24978623339432163,-1.737367313703194,-0.8176963349223229,1.4992064863047754,0.0,0.0,0.0,0.0,0.0,0.0,0.0,1.0,0.0,0.0,0.0,0.0,0.0,0.0,0.0,0.0,0.0,0.0,0.0,0.0,0.0,0.0,0.0,0.0,0.0,0.0,5.4312735937966625
-0.39088287116975506,-0.6098846396708953,-0.20983045890176158,0.24978623339432163,1.175429517876345,-1.3919316706898073,-0.6361074639853174,0.0,0.0,0.0,0.0,0.0,0.0,0.0,0.0,0.0,1.0,0.0,0.0,0.0,0.0,0.0,0.0,0.0,0.0,0.0,0.0,0.0,0.0,0.0,0.0,0.0,0.0,6.578834458513759
-0.026128081504864873,-0.13638073914900092,0.8050304765647346,0.24978623339432163,1.4667092010342988,-0.2434609991548385,0.06108833093306334,0.0,0.0,0.0,0.0,0.0,0.0,0.0,0.0,0.0,1.0,0.0,0.0,0.0,0.0,0.0,0.0,0.0,0.0,0.0,0.0,0.0,0.0,0.0,0.0,0.0,0.0,7.965635846832976
-0.9239860252953638,-0.777748898718791,-0.7172609266350096,0.24978623339432163,1.175429517876345,-1.3919316706898073,-1.3964638535652936,0.0,0.0,0.0,0.0,0.0,0.0,0.0,0.0,0.0,0.0,0.0,0.0,0.0,0.0,0.0,0.0,0.0,0.0,0.0,0.0,0.0,1.0,0.0,0.0,0.0,0.0,4.948759890378168
1.8677910186782187,1.8415669924625249,1.8198914120312308,0.24978623339432163,1.4667092010342988,-0.8176963349223229,-0.09947376685135877,0.0,0.0,0.0,0.0,0.0,0.0,0.0,0.0,0.0,0.0,0.0,0.0,0.0,0.0,0.0,0.0,0.0,0.0,0.0,0.0,0.0,0.0,0.0,0.0,1.0,0.0,10.871223397272825
1.8677910186782187,1.8415669924625249,1.8198914120312308,0.24978623339432163,-1.154807947387286,2.053480343915099,-0.512215528302957,0.0,0.0,0.0,0.0,0.0,0.0,0.0,0.0,0.0,0.0,0.0,0.0,0.0,0.0,0.0,0.0,0.0,0.0,0.0,0.0,0.0,0.0,0.0,0.0,1.0,0.0,9.2109771691778
-0.7556376608346452,-0.6959282693086533,-0.7172609266350096,0.24978623339432163,-1.4460876305452401,-0.2434609991548385,-0.6433952249078091,0.0,0.0,0.0,0.0,0.0,0.0,0.0,0.0,0.0,1.0,0.0,0.0,0.0,0.0,0.0,0.0,0.0,0.0,0.0,0.0,0.0,0.0,0.0,0.0,0.0,0.0,5.135210028677887
-0.39088287116975506,-0.538093635801355,-0.7172609266350096,0.24978623339432163,-1.154807947387286,-0.2434609991548385,0.8092984523088865,0.0,0.0,0.0,1.0,0.0,0.0,0.0,0.0,0.0,0.0,0.0,0.0,0.0,0.0,0.0,0.0,0.0,0.0,0.0,0.0,0.0,0.0,0.0,0.0,0.0,0.0,6.721232911123573
1.8677910186782187,1.8415669924625249,1.8198914120312308,0.24978623339432163,0.30159046840248327,0.9050096723801302,-0.16551743176800596,0.0,0.0,0.0,0.0,0.0,0.0,0.0,0.0,0.0,0.0,0.0,0.0,0.0,0.0,0.0,0.0,0.0,0.0,0.0,0.0,0.0,0.0,0.0,0.0,1.0,0.0,9.602423675119057
0.7033814978249155,-0.35808825109905185,-0.7172609266350096,0.24978623339432163,0.30159046840248327,2.053480343915099,2.0968028819491016,0.0,0.0,0.0,0.0,0.0,0.0,0.0,0.0,0.0,0.0,0.0,0.0,0.0,0.0,0.0,0.0,0.0,0.0,0.0,0.0,0.0,1.0,0.0,0.0,0.0,0.0,7.128888811561481
-0.6293763874891063,-0.6341668909797105,-0.7172609266350096,0.24978623339432163,0.30159046840248327,-0.8176963349223229,-0.07494987295344996,0.0,0.0,0.0,0.0,0.0,0.0,0.0,0.0,0.0,0.0,0.0,1.0,0.0,0.0,0.0,0.0,0.0,0.0,0.0,0.0,0.0,0.0,0.0,0.0,0.0,0.0,6.373166194164094
1.8677910186782187,1.8415669924625249,1.8198914120312308,0.24978623339432163,-1.4460876305452401,-0.8176963349223229,-0.4273073296186876,0.0,0.0,0.0,0.0,0.0,0.0,0.0,0.0,0.0,0.0,0.0,0.0,0.0,0.0,0.0,0.0,0.0,0.0,0.0,0.0,0.0,0.0,0.0,0.0,1.0,0.0,9.861411125711228
1.8677910186782187,1.8415669924625249,1.8198914120312308,0.24978623339432163,-0.28096889791342455,-1.3919316706898073,-0.6435857546051291,0.0,0.0,0.0,0.0,0.0,0.0,0.0,0.0,0.0,0.0,0.0,0.0,0.0,0.0,0.0,0.0,0.0,0.0,0.0,0.0,0.0,0.0,0.0,0.0,1.0,0.0,9.623583816901597
0.35265573853175186,-0.622025765325303,-0.7172609266350096,0.24978623339432163,1.175429517876345,0.9050096723801302,0.03679579452475739,0.0,0.0,0.0,0.0,1.0,0.0,0.0,0.0,0.0,0.0,0.0,0.0,0.0,0.0,0.0,0.0,0.0,0.0,0.0,0.0,0.0,0.0,0.0,0.0,0.0,0.0,6.1353267674944725
-0.6153473571173798,-0.6595048923454306,-0.7172609266350096,0.24978623339432163,0.884149834718391,0.9050096723801302,-0.308158222473187,0.0,1.0,0.0,0.0,0.0,0.0,0.0,0.0,0.0,0.0,0.0,0.0,0.0,0.0,0.0,0.0,0.0,0.0,0.0,0.0,0.0,0.0,0.0,0.0,0.0,0.0,6.113372397341315
1.8677910186782187,1.8415669924625249,1.8198914120312308,0.24978623339432163,-0.8635282642293323,-0.8176963349223229,-0.2530951399476935,0.0,0.0,0.0,0.0,0.0,0.0,0.0,0.0,0.0,0.0,0.0,0.0,0.0,0.0,0.0,0.0,0.0,0.0,0.0,0.0,0.0,0.0,0.0,0.0,1.0,0.0,10.072432118343981
-0.7977247519498248,-0.7471321470685459,-0.7172609266350096,0.24978623339432163,-1.154807947387286,2.053480343915099,-1.1146704312289446,0.0,0.0,0.0,0.0,0.0,0.0,0.0,1.0,0.0,0.0,0.0,0.0,0.0,0.0,0.0,0.0,0.0,0.0,0.0,0.0,0.0,0.0,0.0,0.0,0.0,0.0,6.016644845638281
1.8677910186782187,1.8415669924625249,1.8198914120312308,0.24978623339432163,0.010310785244529358,0.3307743366126458,-0.3839663598997418,0.0,0.0,0.0,0.0,0.0,0.0,0.0,0.0,0.0,0.0,0.0,0.0,0.0,0.0,0.0,0.0,0.0,0.0,0.0,0.0,0.0,0.0,0.0,0.0,1.0,0.0,10.163637829479434
-0.9239860252953638,-0.762968397922121,-0.7172609266350096,0.24978623339432163,0.5928701515604371,-1.3919316706898073,-1.2604256496787802,0.0,0.0,0.0,0.0,1.0,0.0,0.0,0.0,0.0,0.0,0.0,0.0,0.0,0.0,0.0,0.0,0.0,0.0,0.0,0.0,0.0,0.0,0.0,0.0,0.0,0.0,5.284978802108856
1.8677910186782187,1.8415669924625249,1.8198914120312308,0.24978623339432163,-0.28096889791342455,2.053480343915099,-0.5321893915720086,0.0,0.0,0.0,0.0,0.0,0.0,0.0,0.0,0.0,0.0,0.0,0.0,0.0,0.0,0.0,0.0,0.0,0.0,0.0,0.0,0.0,0.0,0.0,0.0,1.0,0.0,9.665635738089243
-0.7275796000911922,-0.6067173895001804,-0.7172609266350096,0.24978623339432163,-0.28096889791342455,0.9050096723801302,0.17769250569293188,0.0,0.0,0.0,0.0,0.0,0.0,0.0,0.0,0.0,0.0,0.0,0.0,0.0,0.0,0.0,1.0,0.0,0.0,0.0,0.0,0.0,0.0,0.0,0.0,0.0,0.0,6.0421576614235
-0.7836957215780983,-0.7191547705605633,-0.7172609266350096,0.24978623339432163,-0.5722485810713784,0.3307743366126458,-0.8571695453009015,0.0,0.0,0.0,0.0,0.0,0.0,0.0,0.0,0.0,0.0,0.0,0.0,0.0,0.0,0.0,0.0,0.0,0.0,1.0,0.0,0.0,0.0,0.0,0.0,0.0,0.0,5.048573133436648
-0.6153473571173798,-0.6394456412642355,-0.7172609266350096,0.24978623339432163,-0.8635282642293323,0.3307743366126458,-0.12353494577006185,0.0,0.0,0.0,0.0,0.0,0.0,0.0,0.0,0.0,0.0,0.0,0.0,0.0,0.0,0.0,0.0,0.0,0.0,0.0,0.0,0.0,1.0,0.0,0.0,0.0,0.0,6.080619458418875
-0.47505705340011434,-0.5132835094640875,0.8050304765647346,0.24978623339432163,-0.5722485810713784,-0.2434609991548385,-0.806155218843459,0.0,0.0,0.0,0.0,0.0,0.0,0.0,0.0,0.0,1.0,0.0,0.0,0.0,0.0,0.0,0.0,0.0,0.0,0.0,0.0,0.0,0.0,0.0,0.0,0.0,0.0,6.713854946137569
-0.8117537823215515,-0.7360467714710435,-0.7172609266350096,0.24978623339432163,-1.737367313703194,-1.3919316706898073,-1.0126417783140595,0.0,0.0,0.0,0.0,0.0,0.0,0.0,0.0,1.0,0.0,0.0,0.0,0.0,0.0,0.0,0.0,0.0,0.0,0.0,0.0,0.0,0.0,0.0,0.0,0.0,0.0,5.2533200006173
-0.6293763874891063,-0.6769247682843632,-0.7172609266350096,0.24978623339432163,-0.8635282642293323,0.3307743366126458,-0.4684889627680063,0.0,0.0,0.0,0.0,0.0,0.0,0.0,0.0,0.0,0.0,0.0,0.0,0.0,0.0,0.0,0.0,0.0,0.0,0.0,0.0,0.0,0.0,0.0,1.0,0.0,0.0,6.507650777116068
-0.012099051133138328,0.3951894145026688,-0.20983045890176158,0.24978623339432163,1.4667092010342988,0.9050096723801302,2.0968028819491016,0.0,0.0,0.0,0.0,0.0,0.0,0.0,0.0,0.0,0.0,0.0,0.0,0.0,0.0,0.0,0.0,1.0,0.0,0.0,0.0,0.0,0.0,0.0,0.0,0.0,0.0,7.878416765003172
-0.7135505697194656,-0.7191547705605633,-0.7172609266350096,0.24978623339432163,-1.4460876305452401,0.3307743366126458,-0.8571695453009015,0.0,0.0,0.0,0.0,0.0,0.0,0.0,0.0,1.0,0.0,0.0,0.0,0.0,0.0,0.0,0.0,0.0,0.0,0.0,0.0,0.0,0.0,0.0,0.0,0.0,0.0,5.5254529391317835
-0.13836032447867724,-0.2039487427909212,-0.7172609266350096,0.24978623339432163,-0.28096889791342455,-1.3919316706898073,2.0968028819491016,0.0,0.0,1.0,0.0,0.0,0.0,0.0,0.0,0.0,0.0,0.0,0.0,0.0,0.0,0.0,0.0,0.0,0.0,0.0,0.0,0.0,0.0,0.0,0.0,0.0,0.0,7.0668593845999075
-0.7135505697194656,-0.7033185197069883,-0.7172609266350096,0.24978623339432163,1.175429517876345,2.053480343915099,-0.7114143268510658,0.0,0.0,0.0,0.0,0.0,0.0,0.0,0.0,0.0,0.0,0.0,0.0,0.0,0.0,0.0,0.0,1.0,0.0,0.0,0.0,0.0,0.0,0.0,0.0,0.0,0.0,6.040397558217161
-0.4610280230283878,-0.5238410100331375,-0.20983045890176158,0.24978623339432163,0.30159046840248327,0.9050096723801302,-0.2401391205299304,0.0,0.0,0.0,0.0,0.0,0.0,0.0,0.0,1.0,0.0,0.0,0.0,0.0,0.0,0.0,0.0,0.0,0.0,0.0,0.0,0.0,0.0,0.0,0.0,0.0,0.0,6.722990740537043
-0.8818989341801842,-0.624137265439113,-0.7172609266350096,0.24978623339432163,0.010310785244529358,0.3307743366126458,0.017361765398112634,0.0,1.0,0.0,0.0,0.0,0.0,0.0,0.0,0.0,0.0,0.0,0.0,0.0,0.0,0.0,0.0,0.0,0.0,0.0,0.0,0.0,0.0,0.0,0.0,0.0,0.0,5.2644502970364595
-0.5452022052587471,-0.6299438907520905,-0.20983045890176158,-4.003423192752847,1.4667092010342988,0.9050096723801302,-0.7284191023368799,0.0,1.0,0.0,0.0,0.0,0.0,0.0,0.0,0.0,0.0,0.0,0.0,0.0,0.0,0.0,0.0,0.0,0.0,0.0,0.0,0.0,0.0,0.0,0.0,0.0,0.0,6.439605929496583
-0.8678699038084576,-0.7038463947354408,-0.7172609266350096,0.24978623339432163,-0.28096889791342455,0.3307743366126458,-0.7162728341327269,0.0,1.0,0.0,0.0,0.0,0.0,0.0,0.0,0.0,0.0,0.0,0.0,0.0,0.0,0.0,0.0,0.0,0.0,0.0,0.0,0.0,0.0,0.0,0.0,0.0,0.0,4.8758078238306135
-0.8398118430650046,-0.7038463947354408,-0.7172609266350096,0.24978623339432163,-1.4460876305452401,-0.2434609991548385,-0.7162728341327269,1.0,0.0,0.0,0.0,0.0,0.0,0.0,0.0,0.0,0.0,0.0,0.0,0.0,0.0,0.0,0.0,0.0,0.0,0.0,0.0,0.0,0.0,0.0,0.0,0.0,0.0,5.041875529832312
-0.7135505697194656,-0.4969193835820599,-0.7172609266350096,0.24978623339432163,-0.28096889791342455,-0.2434609991548385,1.1882620202784593,0.0,0.0,0.0,0.0,0.0,0.0,0.0,0.0,0.0,0.0,1.0,0.0,0.0,0.0,0.0,0.0,0.0,0.0,0.0,0.0,0.0,0.0,0.0,0.0,0.0,0.0,6.45356200478262
-0.6434054178608329,0.6997733059197626,-0.7172609266350096,0.24978623339432163,-1.737367313703194,0.9050096723801302,2.0968028819491016,0.0,0.0,0.0,0.0,0.0,0.0,0.0,0.0,0.0,0.0,0.0,0.0,0.0,0.0,0.0,0.0,0.0,0.0,0.0,0.0,0.0,0.0,1.0,0.0,0.0,0.0,7.9860832243475395
-0.0682151726200445,-0.4805552577000324,-0.7172609266350096,0.24978623339432163,0.30159046840248327,0.9050096723801302,1.338875746009956,0.0,0.0,0.0,0.0,0.0,0.0,0.0,0.0,0.0,0.0,0.0,0.0,0.0,0.0,0.0,0.0,1.0,0.0,0.0,0.0,0.0,0.0,0.0,0.0,0.0,0.0,7.146567434084286
1.8677910186782187,1.8415669924625249,1.8198914120312308,0.24978623339432163,-0.8635282642293323,-0.2434609991548385,0.09467904507006561,0.0,0.0,0.0,0.0,0.0,0.0,0.0,0.0,0.0,0.0,0.0,0.0,0.0,0.0,0.0,0.0,0.0,0.0,0.0,0.0,0.0,0.0,0.0,0.0,1.0,0.0,10.042646269529174
1.0681362874898057,1.8415669924625249,0.8050304765647346,0.24978623339432163,0.010310785244529358,-0.8176963349223229,2.0968028819491016,0.0,0.0,0.0,0.0,0.0,0.0,1.0,0.0,0.0,0.0,0.0,0.0,0.0,0.0,0.0,0.0,0.0,0.0,0.0,0.0,0.0,0.0,0.0,0.0,0.0,0.0,9.516768631534722
-0.6013183267456532,-0.5771563879068402,-0.7172609266350096,0.24978623339432163,0.30159046840248327,0.3307743366126458,0.4497689134659585,0.0,0.0,0.0,0.0,0.0,0.0,0.0,1.0,0.0,0.0,0.0,0.0,0.0,0.0,0.0,0.0,0.0,0.0,0.0,0.0,0.0,0.0,0.0,0.0,0.0,0.0,6.407110982489897
-0.41894093191320814,-0.5898253885897004,-0.20983045890176158,0.24978623339432163,1.175429517876345,-0.8176963349223229,-0.5437958256337547,0.0,0.0,0.0,0.0,0.0,0.0,0.0,0.0,1.0,0.0,0.0,0.0,0.0,0.0,0.0,0.0,0.0,0.0,0.0,0.0,0.0,0.0,0.0,0.0,0.0,0.0,6.850793316432605
1.8677910186782187,1.8415669924625249,1.8198914120312308,0.24978623339432163,0.010310785244529358,0.9050096723801302,-0.572555054220362,0.0,0.0,0.0,0.0,0.0,0.0,0.0,0.0,0.0,0.0,0.0,0.0,0.0,0.0,0.0,0.0,0.0,0.0,0.0,0.0,0.0,0.0,0.0,0.0,1.0,0.0,9.763337734947104
1.8677910186782187,0.5546076730953244,-0.7172609266350096,0.24978623339432163,0.30159046840248327,-0.8176963349223229,2.0968028819491016,0.0,0.0,0.0,0.0,0.0,0.0,0.0,0.0,0.0,0.0,0.0,0.0,0.0,0.0,0.0,0.0,0.0,0.0,0.0,0.0,0.0,0.0,0.0,1.0,0.0,0.0,8.29645175271804
-0.8678699038084576,-0.762968397922121,-0.7172609266350096,0.24978623339432163,0.010310785244529358,-0.8176963349223229,-1.2604256496787802,0.0,0.0,0.0,0.0,0.0,0.0,0.0,0.0,1.0,0.0,0.0,0.0,0.0,0.0,0.0,0.0,0.0,0.0,0.0,0.0,0.0,0.0,0.0,0.0,0.0,0.0,4.611152257665639
1.8677910186782187,1.8415669924625249,1.8198914120312308,0.24978623339432163,0.010310785244529358,-0.2434609991548385,-0.2604985796149869,0.0,0.0,0.0,0.0,0.0,0.0,0.0,0.0,0.0,0.0,0.0,0.0,0.0,0.0,0.0,0.0,0.0,0.0,0.0,0.0,0.0,0.0,0.0,0.0,1.0,0.0,9.867796124124277
-0.6574344482325595,-0.5407330109436176,-0.7172609266350096,-4.003423192752847,1.4667092010342988,0.3307743366126458,0.7850059159005806,0.0,0.0,0.0,0.0,0.0,1.0,0.0,0.0,0.0,0.0,0.0,0.0,0.0,0.0,0.0,0.0,0.0,0.0,0.0,0.0,0.0,0.0,0.0,0.0,0.0,0.0,7.1565665770449245
-0.6995215393477391,-0.6141076398985154,-0.7172609266350096,0.24978623339432163,1.175429517876345,0.9050096723801302,0.10967340374967523,0.0,1.0,0.0,0.0,0.0,0.0,0.0,0.0,0.0,0.0,0.0,0.0,0.0,0.0,0.0,0.0,0.0,0.0,0.0,0.0,0.0,0.0,0.0,0.0,0.0,0.0,6.948311638224466
-0.6013183267456532,-0.6927610191379382,-0.7172609266350096,0.24978623339432163,0.5928701515604371,-1.3919316706898073,-0.614244181217842,0.0,0.0,0.0,0.0,0.0,0.0,1.0,0.0,0.0,0.0,0.0,0.0,0.0,0.0,0.0,0.0,0.0,0.0,0.0,0.0,0.0,0.0,0.0,0.0,0.0,0.0,6.476172042718914
-0.2786506281959427,-0.18864036696579864,-0.7172609266350096,0.24978623339432163,-1.737367313703194,-1.3919316706898073,2.0968028819491016,0.0,0.0,0.0,0.0,0.0,0.0,0.0,0.0,0.0,0.0,1.0,0.0,0.0,0.0,0.0,0.0,0.0,0.0,0.0,0.0,0.0,0.0,0.0,0.0,0.0,0.0,7.800064745198688
-0.11030226373522414,-0.3728687518957219,-0.20983045890176158,0.24978623339432163,0.5928701515604371,-0.2434609991548385,0.4546274207476197,0.0,0.0,0.0,0.0,0.0,0.0,0.0,0.0,0.0,1.0,0.0,0.0,0.0,0.0,0.0,0.0,0.0,0.0,0.0,0.0,0.0,0.0,0.0,0.0,0.0,0.0,6.956583537664059
1.8677910186782187,1.8415669924625249,1.8198914120312308,0.24978623339432163,-1.154807947387286,-1.3919316706898073,-0.4410869816994373,0.0,0.0,0.0,0.0,0.0,0.0,0.0,0.0,0.0,0.0,0.0,0.0,0.0,0.0,0.0,0.0,0.0,0.0,0.0,0.0,0.0,0.0,0.0,0.0,1.0,0.0,9.69049851914828
-0.517144144515294,-0.4985030086674174,-0.7172609266350096,0.24978623339432163,1.4667092010342988,2.053480343915099,1.1736864984334756,0.0,0.0,0.0,0.0,0.0,0.0,1.0,0.0,0.0,0.0,0.0,0.0,0.0,0.0,0.0,0.0,0.0,0.0,0.0,0.0,0.0,0.0,0.0,0.0,0.0,0.0,6.652269304746673
-0.5031151141435675,-0.6088288896139904,0.2976000088314865,0.24978623339432163,0.30159046840248327,0.9050096723801302,-0.8944181011269706,0.0,0.0,0.0,0.0,0.0,0.0,0.0,0.0,0.0,1.0,0.0,0.0,0.0,0.0,0.0,0.0,0.0,0.0,0.0,0.0,0.0,0.0,0.0,0.0,0.0,0.0,6.784038422984092
-0.7696666912063718,-0.6568655172031681,-0.7172609266350096,-4.003423192752847,1.4667092010342988,-1.3919316706898073,-0.2838656860648811,0.0,0.0,0.0,0.0,0.0,0.0,0.0,0.0,0.0,1.0,0.0,0.0,0.0,0.0,0.0,0.0,0.0,0.0,0.0,0.0,0.0,0.0,0.0,0.0,0.0,0.0,6.450407228994293
-0.44699899265666126,-0.6320553908659005,-0.20983045890176158,0.24978623339432163,0.5928701515604371,2.053480343915099,-0.7381361169002023,0.0,0.0,0.0,0.0,0.0,0.0,0.0,0.0,1.0,0.0,0.0,0.0,0.0,0.0,0.0,0.0,0.0,0.0,0.0,0.0,0.0,0.0,0.0,0.0,0.0,0.0,6.655427480271958
-0.5592312356304736,-0.5101162592933725,-0.7172609266350096,0.24978623339432163,1.175429517876345,-0.2434609991548385,1.0667993382369296,0.0,0.0,0.0,0.0,0.0,1.0,0.0,0.0,0.0,0.0,0.0,0.0,0.0,0.0,0.0,0.0,0.0,0.0,0.0,0.0,0.0,0.0,0.0,0.0,0.0,0.0,6.8096130928307295
-0.012099051133138328,-0.14377098954733594,1.3124609442979827,0.24978623339432163,1.175429517876345,-0.8176963349223229,-0.2488844336369206,0.0,0.0,0.0,0.0,0.0,0.0,1.0,0.0,0.0,0.0,0.0,0.0,0.0,0.0,0.0,0.0,0.0,0.0,0.0,0.0,0.0,0.0,0.0,0.0,0.0,0.0,7.717489224396232
-0.362824810426302,-0.5481232613419527,-0.7172609266350096,0.24978623339432163,1.175429517876345,2.053480343915099,0.7169868139573239,0.0,0.0,0.0,0.0,0.0,0.0,1.0,0.0,0.0,0.0,0.0,0.0,0.0,0.0,0.0,0.0,0.0,0.0,0.0,0.0,0.0,0.0,0.0,0.0,0.0,0.0,6.822785452972044
-0.6995215393477391,-0.743964896897831,-0.7172609266350096,0.24978623339432163,1.175429517876345,2.053480343915099,-1.0855193875389773,0.0,0.0,0.0,0.0,0.0,0.0,0.0,0.0,1.0,0.0,0.0,0.0,0.0,0.0,0.0,0.0,0.0,0.0,0.0,0.0,0.0,0.0,0.0,0.0,0.0,0.0,4.8209265188682835
-0.5452022052587471,-0.6568655172031681,-0.7172609266350096,0.24978623339432163,0.884149834718391,0.9050096723801302,-0.2838656860648811,0.0,0.0,0.0,0.0,0.0,0.0,0.0,0.0,1.0,0.0,0.0,0.0,0.0,0.0,0.0,0.0,0.0,0.0,0.0,0.0,0.0,0.0,0.0,0.0,0.0,0.0,6.243389899847644
1.8677910186782187,1.8415669924625249,1.8198914120312308,0.24978623339432163,-1.154807947387286,-1.3919316706898073,-0.24603873651480473,0.0,0.0,0.0,0.0,0.0,0.0,0.0,0.0,0.0,0.0,0.0,0.0,0.0,0.0,0.0,0.0,0.0,0.0,0.0,0.0,0.0,0.0,0.0,0.0,1.0,0.0,9.836283080908393
-0.7836957215780983,-0.6684787678291232,-0.7172609266350096,0.24978623339432163,0.884149834718391,0.9050096723801302,-0.39075284626142726,0.0,0.0,0.0,0.0,0.0,0.0,0.0,0.0,0.0,0.0,0.0,0.0,0.0,0.0,0.0,1.0,0.0,0.0,0.0,0.0,0.0,0.0,0.0,0.0,0.0,0.0,5.1528868883378305
-0.8678699038084576,-0.7666635231212885,-0.20983045890176158,-4.003423192752847,1.4667092010342988,-0.8176963349223229,-1.357595795312004,0.0,0.0,0.0,0.0,0.0,0.0,0.0,0.0,1.0,0.0,0.0,0.0,0.0,0.0,0.0,0.0,0.0,0.0,0.0,0.0,0.0,0.0,0.0,0.0,0.0,0.0,5.40393784841172
0.3666847689034784,-0.11420998795399583,-0.7172609266350096,0.24978623339432163,-0.5722485810713784,0.9050096723801302,2.0968028819491016,0.0,0.0,0.0,0.0,0.0,0.0,0.0,0.0,0.0,0.0,1.0,0.0,0.0,0.0,0.0,0.0,0.0,0.0,0.0,0.0,0.0,0.0,0.0,0.0,0.0,0.0,7.584346157226365
1.8677910186782187,1.7064309851786843,1.8198914120312308,-4.003423192752847,1.4667092010342988,0.3307743366126458,-0.4670718981441885,0.0,0.0,0.0,0.0,0.0,0.0,0.0,0.0,0.0,0.0,0.0,0.0,0.0,0.0,0.0,0.0,0.0,0.0,0.0,0.0,0.0,0.0,0.0,0.0,1.0,0.0,9.249148500027935
-0.6854925089760125,-0.6748132681705532,-0.7172609266350096,0.24978623339432163,-0.8635282642293323,-0.2434609991548385,-0.44905493364136156,0.0,0.0,0.0,0.0,0.0,0.0,0.0,0.0,1.0,0.0,0.0,0.0,0.0,0.0,0.0,0.0,0.0,0.0,0.0,0.0,0.0,0.0,0.0,0.0,0.0,0.0,6.295634937064565
-0.9099569949236372,-0.741853396784021,-0.7172609266350096,0.24978623339432163,0.884149834718391,-0.8176963349223229,-1.0660853584123327,0.0,0.0,0.0,0.0,0.0,0.0,0.0,1.0,0.0,0.0,0.0,0.0,0.0,0.0,0.0,0.0,0.0,0.0,0.0,0.0,0.0,0.0,0.0,0.0,0.0,0.0,5.739792912179234
-0.7977247519498248,-0.7751095235765286,-0.7172609266350096,0.24978623339432163,0.010310785244529358,-0.2434609991548385,-1.3721713171569876,0.0,0.0,0.0,0.0,0.0,0.0,0.0,0.0,0.0,0.0,0.0,0.0,0.0,0.0,0.0,1.0,0.0,0.0,0.0,0.0,0.0,0.0,0.0,0.0,0.0,0.0,3.2965773325320527
1.8677910186782187,1.8415669924625249,1.8198914120312308,0.24978623339432163,0.30159046840248327,-0.2434609991548385,0.030694413287322416,0.0,0.0,0.0,0.0,0.0,0.0,0.0,0.0,0.0,0.0,0.0,0.0,0.0,0.0,0.0,0.0,0.0,0.0,0.0,0.0,0.0,0.0,0.0,0.0,1.0,0.0,10.138839477464405
-0.7836957215780983,-0.7186268955321108,-0.20983045890176158,0.24978623339432163,-0.28096889791342455,0.3307743366126458,-1.1365337139964198,0.0,0.0,0.0,0.0,0.0,0.0,0.0,0.0,0.0,1.0,0.0,0.0,0.0,0.0,0.0,0.0,0.0,0.0,0.0,0.0,0.0,0.0,0.0,0.0,0.0,0.0,6.165711928634362
1.8677910186782187,1.8415669924625249,1.8198914120312308,0.24978623339432163,-1.737367313703194,0.9050096723801302,-0.17023059908824983,0.0,0.0,0.0,0.0,0.0,0.0,0.0,0.0,0.0,0.0,0.0,0.0,0.0,0.0,0.0,0.0,0.0,0.0,0.0,0.0,0.0,0.0,0.0,0.0,1.0,0.0,10.068087165909128
-0.2505925674524896,-0.391872252920012,-0.20983045890176158,0.24978623339432163,0.30159046840248327,-0.8176963349223229,0.36717428967771826,0.0,0.0,0.0,0.0,0.0,0.0,0.0,0.0,0.0,0.0,1.0,0.0,0.0,0.0,0.0,0.0,0.0,0.0,0.0,0.0,0.0,0.0,0.0,0.0,0.0,0.0,7.942699778426702
-0.9239860252953638,-0.6663672677153131,-0.7172609266350096,0.24978623339432163,1.175429517876345,-0.2434609991548385,-0.37131881713478254,0.0,0.0,0.0,0.0,0.0,0.0,0.0,0.0,0.0,0.0,0.0,0.0,0.0,0.0,0.0,0.0,0.0,0.0,0.0,0.0,0.0,0.0,0.0,0.0,0.0,0.0,6.43813557602727
-0.47505705340011434,-0.638917766235783,-0.7172609266350096,0.24978623339432163,-0.28096889791342455,0.3307743366126458,-0.11867643848840066,0.0,0.0,0.0,0.0,0.0,0.0,1.0,0.0,0.0,0.0,0.0,0.0,0.0,0.0,0.0,0.0,0.0,0.0,0.0,0.0,0.0,0.0,0.0,0.0,0.0,0.0,6.921520107557851
-0.3067086889393958,-0.5671267623662427,-0.7172609266350096,0.24978623339432163,-0.28096889791342455,-1.3919316706898073,0.5420805518175211,0.0,0.0,0.0,0.0,0.0,0.0,1.0,0.0,0.0,0.0,0.0,0.0,0.0,0.0,0.0,0.0,0.0,0.0,0.0,0.0,0.0,0.0,0.0,0.0,0.0,0.0,6.866016197399398
-0.47505705340011434,-0.6500031418332856,-0.20983045890176158,0.24978623339432163,1.4667092010342988,0.3307743366126458,-0.8207307406884425,0.0,0.0,0.0,0.0,0.0,0.0,0.0,0.0,0.0,1.0,0.0,0.0,0.0,0.0,0.0,0.0,0.0,0.0,0.0,0.0,0.0,0.0,0.0,0.0,0.0,0.0,6.5465988797348516
-0.7416086304629187,-0.5697661375085052,-0.20983045890176158,0.24978623339432163,0.30159046840248327,0.3307743366126458,-0.45148418728219214,0.0,0.0,0.0,0.0,0.0,0.0,0.0,0.0,0.0,1.0,0.0,0.0,0.0,0.0,0.0,0.0,0.0,0.0,0.0,0.0,0.0,0.0,0.0,0.0,0.0,0.0,6.431572598659686
-0.4890860837718409,-0.43304650513930715,-0.20983045890176158,0.24978623339432163,-0.28096889791342455,-0.2434609991548385,0.17769250569293188,0.0,0.0,0.0,0.0,0.0,0.0,0.0,0.0,1.0,0.0,0.0,0.0,0.0,0.0,0.0,0.0,0.0,0.0,0.0,0.0,0.0,0.0,0.0,0.0,0.0,0.0,6.74927524099365
-0.22253450670903652,-0.5439002611143327,-0.7172609266350096,0.24978623339432163,0.884149834718391,0.9050096723801302,0.7558548722106134,0.0,0.0,0.0,0.0,0.0,0.0,1.0,0.0,0.0,0.0,0.0,0.0,0.0,0.0,0.0,0.0,0.0,0.0,0.0,0.0,0.0,0.0,0.0,0.0,0.0,0.0,6.80808962786831
1.8677910186782187,1.8415669924625249,1.8198914120312308,0.24978623339432163,-1.4460876305452401,-1.3919316706898073,-0.29542105473477803,0.0,0.0,0.0,0.0,0.0,0.0,0.0,0.0,0.0,0.0,0.0,0.0,0.0,0.0,0.0,0.0,0.0,0.0,0.0,0.0,0.0,0.0,0.0,0.0,1.0,0.0,10.073318930792738
-0.6854925089760125,-0.6130518898416104,-0.7172609266350096,0.24978623339432163,0.30159046840248327,-0.2434609991548385,0.11939041831299761,0.0,0.0,0.0,0.0,0.0,0.0,0.0,0.0,0.0,0.0,0.0,0.0,0.0,0.0,0.0,0.0,0.0,0.0,0.0,0.0,0.0,1.0,0.0,0.0,0.0,0.0,6.2350771702615315
-0.1243312941069507,-0.40506912863132455,-0.7172609266350096,0.24978623339432163,0.884149834718391,-0.2434609991548385,2.033642287287506,0.0,0.0,0.0,0.0,0.0,0.0,1.0,0.0,0.0,0.0,0.0,0.0,0.0,0.0,0.0,0.0,0.0,0.0,0.0,0.0,0.0,0.0,0.0,0.0,0.0,0.0,7.371332050147517
-0.9239860252953638,-0.779860398832601,-0.7172609266350096,0.24978623339432163,-0.8635282642293323,-1.3919316706898073,-1.4158978826919382,0.0,0.0,0.0,0.0,0.0,0.0,0.0,0.0,0.0,1.0,0.0,0.0,0.0,0.0,0.0,0.0,0.0,0.0,0.0,0.0,0.0,0.0,0.0,0.0,0.0,0.0,5.410529357154965
-0.6153473571173798,-0.6827313935973407,-0.20983045890176158,0.24978623339432163,0.30159046840248327,-1.3919316706898073,-0.9713444664199394,0.0,0.0,0.0,0.0,0.0,0.0,0.0,0.0,0.0,0.0,0.0,0.0,0.0,0.0,0.0,0.0,0.0,0.0,0.0,0.0,0.0,0.0,0.0,0.0,0.0,1.0,6.276699878729176
-0.8818989341801842,-0.35808825109905185,-0.7172609266350096,0.24978623339432163,0.30159046840248327,2.053480343915099,2.0968028819491016,0.0,0.0,0.0,1.0,0.0,0.0,0.0,0.0,0.0,0.0,0.0,0.0,0.0,0.0,0.0,0.0,0.0,0.0,0.0,0.0,0.0,0.0,0.0,0.0,0.0,0.0,7.267525427828172
-0.7977247519498248,-0.748187897125451,-0.7172609266350096,0.24978623339432163,-1.4460876305452401,0.9050096723801302,-1.124387445792267,0.0,0.0,0.0,0.0,0.0,0.0,1.0,0.0,0.0,0.0,0.0,0.0,0.0,0.0,0.0,0.0,0.0,0.0,0.0,0.0,0.0,0.0,0.0,0.0,0.0,0.0,5.098035484377089
0.3666847689034784,0.0605166464637824,-0.20983045890176158,0.24978623339432163,-0.5722485810713784,-0.2434609991548385,2.0968028819491016,0.0,0.0,0.0,0.0,0.0,0.0,0.0,0.0,1.0,0.0,0.0,0.0,0.0,0.0,0.0,0.0,0.0,0.0,0.0,0.0,0.0,0.0,0.0,0.0,0.0,0.0,8.012922702398631
-0.4610280230283878,-0.39345587800536946,-0.20983045890176158,0.24978623339432163,0.884149834718391,-0.2434609991548385,0.3598865287552265,0.0,0.0,0.0,0.0,0.0,0.0,0.0,0.0,1.0,0.0,0.0,0.0,0.0,0.0,0.0,0.0,0.0,0.0,0.0,0.0,0.0,0.0,0.0,0.0,0.0,0.0,7.935215223322158
-0.9239860252953638,-0.779860398832601,-0.7172609266350096,0.24978623339432163,0.5928701515604371,-0.2434609991548385,-1.4158978826919382,0.0,0.0,0.0,0.0,0.0,0.0,0.0,0.0,0.0,0.0,0.0,0.0,0.0,0.0,0.0,0.0,0.0,0.0,0.0,0.0,0.0,0.0,0.0,1.0,0.0,0.0,2.5976867322317663
-0.7977247519498248,-0.7175711454752058,-0.7172609266350096,0.24978623339432163,-0.28096889791342455,-1.3919316706898073,-0.8425940234559179,0.0,0.0,0.0,0.0,0.0,0.0,0.0,0.0,1.0,0.0,0.0,0.0,0.0,0.0,0.0,0.0,0.0,0.0,0.0,0.0,0.0,0.0,0.0,0.0,0.0,0.0,5.309455110958493
-0.8678699038084576,-0.7297122711296133,-0.7172609266350096,0.24978623339432163,0.884149834718391,0.9050096723801302,-0.9543396909341253,0.0,0.0,0.0,0.0,0.0,1.0,0.0,0.0,0.0,0.0,0.0,0.0,0.0,0.0,0.0,0.0,0.0,0.0,0.0,0.0,0.0,0.0,0.0,0.0,0.0,0.0,6.0607573736039315
-0.7696666912063718,-0.6072452645286329,-0.20983045890176158,0.24978623339432163,-0.8635282642293323,0.9050096723801302,-0.6239611957811644,0.0,0.0,0.0,0.0,0.0,0.0,0.0,0.0,1.0,0.0,0.0,0.0,0.0,0.0,0.0,0.0,0.0,0.0,0.0,0.0,0.0,0.0,0.0,0.0,0.0,0.0,5.97062388123613
-0.9099569949236372,-0.628360265666733,-0.7172609266350096,0.24978623339432163,0.30159046840248327,-0.8176963349223229,-0.02150629285517688,0.0,0.0,0.0,0.0,0.0,0.0,0.0,0.0,0.0,0.0,0.0,0.0,0.0,0.0,0.0,1.0,0.0,0.0,0.0,0.0,0.0,0.0,0.0,0.0,0.0,0.0,6.053969752459379
-0.7416086304629187,-0.657921267260073,-0.7172609266350096,0.24978623339432163,-0.8635282642293323,-0.2434609991548385,-0.29358270062820346,0.0,0.0,0.0,0.0,0.0,0.0,0.0,0.0,0.0,1.0,0.0,0.0,0.0,0.0,0.0,0.0,0.0,0.0,0.0,0.0,0.0,0.0,0.0,0.0,0.0,0.0,6.0369158100119
-0.44699899265666126,-0.5539298866549301,-0.7172609266350096,0.24978623339432163,0.010310785244529358,0.3307743366126458,0.6635432338590508,0.0,0.0,0.0,0.0,0.0,0.0,0.0,0.0,0.0,0.0,0.0,0.0,0.0,0.0,0.0,0.0,0.0,0.0,0.0,0.0,0.0,0.0,0.0,0.0,0.0,0.0,6.805822216224569
-0.8678699038084576,-0.7745816485480761,-0.7172609266350096,0.24978623339432163,-1.4460876305452401,-0.2434609991548385,-1.3673128098753264,0.0,1.0,0.0,0.0,0.0,0.0,0.0,0.0,0.0,0.0,0.0,0.0,0.0,0.0,0.0,0.0,0.0,0.0,0.0,0.0,0.0,0.0,0.0,0.0,0.0,0.0,4.446174454497633
-0.6854925089760125,-0.6827313935973407,-0.7172609266350096,0.24978623339432163,-1.154807947387286,2.053480343915099,-0.5219325428662794,0.0,0.0,0.0,0.0,0.0,0.0,0.0,0.0,1.0,0.0,0.0,0.0,0.0,0.0,0.0,0.0,0.0,0.0,0.0,0.0,0.0,0.0,0.0,0.0,0.0,0.0,5.84148432548469
-0.6153473571173798,-0.641029266349593,-0.7172609266350096,0.24978623339432163,-1.154807947387286,0.9050096723801302,-0.13811046761504542,0.0,0.0,0.0,0.0,0.0,0.0,0.0,0.0,1.0,0.0,0.0,0.0,0.0,0.0,0.0,0.0,0.0,0.0,0.0,0.0,0.0,0.0,0.0,0.0,0.0,0.0,5.8830716606798585
-0.8818989341801842,-0.6653115176584081,-0.7172609266350096,0.24978623339432163,1.4667092010342988,0.3307743366126458,-0.36160180257146013,0.0,0.0,0.0,0.0,0.0,0.0,0.0,1.0,0.0,0.0,0.0,0.0,0.0,0.0,0.0,0.0,0.0,0.0,0.0,0.0,0.0,0.0,0.0,0.0,0.0,0.0,6.792344427470809
0.11416222221240058,-0.47263713227324483,-0.20983045890176158,0.24978623339432163,-1.737367313703194,-1.3919316706898073,-0.0045015173693627175,0.0,0.0,0.0,0.0,0.0,0.0,0.0,0.0,0.0,1.0,0.0,0.0,0.0,0.0,0.0,0.0,0.0,0.0,0.0,0.0,0.0,0.0,0.0,0.0,0.0,0.0,7.183794839649844
-0.7977247519498248,-0.286825122257964,-0.7172609266350096,0.24978623339432163,-1.4460876305452401,-0.8176963349223229,2.0968028819491016,0.0,0.0,0.0,1.0,0.0,0.0,0.0,0.0,0.0,0.0,0.0,0.0,0.0,0.0,0.0,0.0,0.0,0.0,0.0,0.0,0.0,0.0,0.0,0.0,0.0,0.0,7.487571374232199
1.8677910186782187,1.8415669924625249,1.8198914120312308,0.24978623339432163,-0.5722485810713784,-0.2434609991548385,-0.14159118924966843,0.0,0.0,0.0,0.0,0.0,0.0,0.0,0.0,0.0,0.0,0.0,0.0,0.0,0.0,0.0,0.0,0.0,0.0,0.0,0.0,0.0,0.0,0.0,0.0,1.0,0.0,10.353050882466091
0.015959009610314764,0.43319641655124896,-0.7172609266350096,0.24978623339432163,1.175429517876345,-0.2434609991548385,2.0968028819491016,0.0,0.0,0.0,0.0,0.0,0.0,0.0,0.0,0.0,0.0,0.0,0.0,0.0,0.0,0.0,0.0,1.0,0.0,0.0,0.0,0.0,0.0,0.0,0.0,0.0,0.0,7.953068754782306
1.8677910186782187,1.8415669924625249,1.8198914120312308,0.24978623339432163,-0.28096889791342455,-1.3919316706898073,-0.6114411962476529,0.0,0.0,0.0,0.0,0.0,0.0,0.0,0.0,0.0,0.0,0.0,0.0,0.0,0.0,0.0,0.0,0.0,0.0,0.0,0.0,0.0,0.0,0.0,0.0,1.0,0.0,9.721943493412512
-0.671463478604286,-0.637862016178878,-0.7172609266350096,0.24978623339432163,-1.4460876305452401,-1.3919316706898073,-0.10895942392507829,0.0,0.0,0.0,0.0,0.0,0.0,0.0,0.0,0.0,0.0,0.0,0.0,0.0,0.0,0.0,0.0,0.0,0.0,0.0,0.0,0.0,0.0,0.0,1.0,0.0,0.0,6.093389166829907
1.8677910186782187,1.8415669924625249,1.8198914120312308,0.24978623339432163,-0.8635282642293323,0.9050096723801302,-0.5879640736488565,0.0,0.0,0.0,0.0,0.0,0.0,0.0,0.0,0.0,0.0,0.0,0.0,0.0,0.0,0.0,0.0,0.0,0.0,0.0,0.0,0.0,0.0,0.0,0.0,1.0,0.0,10.003868038404702
1.8677910186782187,1.8415669924625249,1.8198914120312308,0.24978623339432163,0.5928701515604371,-0.8176963349223229,-0.30210639761357394,0.0,0.0,0.0,0.0,0.0,0.0,0.0,0.0,0.0,0.0,0.0,0.0,0.0,0.0,0.0,0.0,0.0,0.0,0.0,0.0,0.0,0.0,0.0,0.0,1.0,0.0,10.039515575982648
-0.6995215393477391,-0.6167470150407779,-0.7172609266350096,0.24978623339432163,0.5928701515604371,0.9050096723801302,0.08538086734136928,0.0,1.0,0.0,0.0,0.0,0.0,0.0,0.0,0.0,0.0,0.0,0.0,0.0,0.0,0.0,0.0,0.0,0.0,0.0,0.0,0.0,0.0,0.0,0.0,0.0,0.0,6.466580088239893
-0.05418614224831796,-0.43093500502549714,0.2976000088314865,0.24978623339432163,0.010310785244529358,0.9050096723801302,-0.348645783153697,0.0,0.0,0.0,0.0,0.0,0.0,0.0,0.0,1.0,0.0,0.0,0.0,0.0,0.0,0.0,0.0,0.0,0.0,0.0,0.0,0.0,0.0,0.0,0.0,0.0,0.0,7.085273652270072
-0.34879578005457545,-0.5729333876792202,-0.20983045890176158,0.24978623339432163,-0.28096889791342455,-1.3919316706898073,-0.4660597091271757,0.0,0.0,0.0,0.0,0.0,0.0,1.0,0.0,0.0,0.0,0.0,0.0,0.0,0.0,0.0,0.0,0.0,0.0,0.0,0.0,0.0,0.0,0.0,0.0,0.0,0.0,6.706030695041227
0.5490621637359235,1.8415669924625249,0.2976000088314865,0.24978623339432163,-0.5722485810713784,0.3307743366126458,2.0968028819491016,0.0,0.0,0.0,0.0,0.0,0.0,0.0,0.0,0.0,0.0,0.0,0.0,0.0,0.0,0.0,1.0,0.0,0.0,0.0,0.0,0.0,0.0,0.0,0.0,0.0,0.0,9.709870035936321
1.8677910186782187,1.8415669924625249,1.8198914120312308,0.24978623339432163,0.884149834718391,2.053480343915099,-0.4673013276547114,0.0,0.0,0.0,0.0,0.0,0.0,0.0,0.0,0.0,0.0,0.0,0.0,0.0,0.0,0.0,0.0,0.0,0.0,0.0,0.0,0.0,0.0,0.0,0.0,1.0,0.0,10.32820350174754
-0.7836957215780983,-0.7307680211865184,-0.7172609266350096,0.24978623339432163,-1.737367313703194,0.3307743366126458,-0.9640567054974476,0.0,1.0,0.0,0.0,0.0,0.0,0.0,0.0,0.0,0.0,0.0,0.0,0.0,0.0,0.0,0.0,0.0,0.0,0.0,0.0,0.0,0.0,0.0,0.0,0.0,0.0,5.423186348593906
-0.5031151141435675,-0.655809767146263,-0.7172609266350096,0.24978623339432163,0.884149834718391,0.3307743366126458,-0.27414867150155875,0.0,0.0,0.0,0.0,0.0,0.0,0.0,1.0,0.0,0.0,0.0,0.0,0.0,0.0,0.0,0.0,0.0,0.0,0.0,0.0,0.0,0.0,0.0,0.0,0.0,0.0,6.463809184055691
-0.026128081504864873,-0.12951836377911838,0.8050304765647346,0.24978623339432163,-1.154807947387286,-0.2434609991548385,0.07687847959846221,0.0,0.0,0.0,0.0,0.0,0.0,0.0,0.0,1.0,0.0,0.0,0.0,0.0,0.0,0.0,0.0,0.0,0.0,0.0,0.0,0.0,0.0,0.0,0.0,0.0,0.0,7.545537730205496
-0.7416086304629187,-0.6663672677153131,-0.7172609266350096,0.24978623339432163,-1.4460876305452401,-0.8176963349223229,-0.37131881713478254,0.0,0.0,0.0,0.0,0.0,0.0,0.0,0.0,1.0,0.0,0.0,0.0,0.0,0.0,0.0,0.0,0.0,0.0,0.0,0.0,0.0,0.0,0.0,0.0,0.0,0.0,5.312516085947849
-0.6293763874891063,-0.6267766405813755,-0.7172609266350096,0.24978623339432163,1.175429517876345,-0.2434609991548385,-0.006930771010193312,0.0,0.0,0.0,0.0,0.0,0.0,0.0,0.0,1.0,0.0,0.0,0.0,0.0,0.0,0.0,0.0,0.0,0.0,0.0,0.0,0.0,0.0,0.0,0.0,0.0,0.0,6.452742720035359
-0.9099569949236372,-0.777748898718791,-0.7172609266350096,0.24978623339432163,1.175429517876345,0.3307743366126458,-1.3964638535652936,0.0,0.0,0.0,0.0,0.0,0.0,0.0,0.0,0.0,0.0,0.0,0.0,0.0,0.0,0.0,0.0,0.0,0.0,0.0,1.0,0.0,0.0,0.0,0.0,0.0,0.0,4.083452121055677
-0.7836957215780983,-0.6769247682843632,-0.7172609266350096,0.24978623339432163,1.4667092010342988,0.9050096723801302,-0.4684889627680063,0.0,0.0,0.0,0.0,0.0,0.0,0.0,0.0,0.0,0.0,0.0,0.0,0.0,0.0,0.0,0.0,0.0,1.0,0.0,0.0,0.0,0.0,0.0,0.0,0.0,0.0,5.601971208509516
-0.0682151726200445,-0.4150987541719221,-0.20983045890176158,0.24978623339432163,-1.737367313703194,-0.2434609991548385,0.2602871294811721,0.0,0.0,0.0,0.0,0.0,0.0,0.0,0.0,0.0,1.0,0.0,0.0,0.0,0.0,0.0,0.0,0.0,0.0,0.0,0.0,0.0,0.0,0.0,0.0,0.0,0.0,7.070520178226873
-0.5452022052587471,-0.17649924131139108,0.8050304765647346,0.24978623339432163,0.30159046840248327,-0.2434609991548385,-0.03122330741849926,0.0,0.0,0.0,0.0,0.0,0.0,0.0,0.0,1.0,0.0,0.0,0.0,0.0,0.0,0.0,0.0,0.0,0.0,0.0,0.0,0.0,0.0,0.0,0.0,0.0,0.0,7.673827589556639
-0.7275796000911922,-0.6373341411504255,-0.7172609266350096,0.24978623339432163,0.010310785244529358,0.3307743366126458,-0.1041009166434171,0.0,0.0,0.0,0.0,0.0,0.0,0.0,0.0,0.0,0.0,0.0,0.0,0.0,0.0,0.0,0.0,0.0,0.0,0.0,0.0,0.0,0.0,0.0,0.0,0.0,1.0,5.533587097660087
-0.8398118430650046,-0.7239056458166359,-0.7172609266350096,0.24978623339432163,-1.154807947387286,0.3307743366126458,-0.9008961108358522,0.0,0.0,0.0,0.0,0.0,0.0,0.0,0.0,0.0,0.0,0.0,0.0,0.0,0.0,0.0,0.0,0.0,0.0,0.0,0.0,0.0,0.0,1.0,0.0,0.0,0.0,5.292802185859927
-0.7556376608346452,-0.7001512695362733,-0.7172609266350096,0.24978623339432163,0.010310785244529358,0.9050096723801302,-0.6822632831610986,0.0,0.0,0.0,0.0,0.0,0.0,0.0,0.0,0.0,0.0,0.0,0.0,0.0,0.0,0.0,0.0,0.0,0.0,0.0,0.0,0.0,0.0,0.0,1.0,0.0,0.0,5.891091572961195
-0.4610280230283878,-0.4367416303384747,-0.7172609266350096,0.24978623339432163,-0.5722485810713784,0.9050096723801302,1.742131850387835,0.0,1.0,0.0,0.0,0.0,0.0,0.0,0.0,0.0,0.0,0.0,0.0,0.0,0.0,0.0,0.0,0.0,0.0,0.0,0.0,0.0,0.0,0.0,0.0,0.0,0.0,6.589517774484942
1.8677910186782187,1.8415669924625249,1.8198914120312308,0.24978623339432163,1.175429517876345,-1.3919316706898073,0.3109795066609143,0.0,0.0,0.0,0.0,0.0,0.0,0.0,0.0,0.0,0.0,0.0,0.0,0.0,0.0,0.0,0.0,0.0,0.0,0.0,0.0,0.0,0.0,0.0,0.0,1.0,0.0,11.32383545378087
1.8677910186782187,1.8415669924625249,1.8198914120312308,0.24978623339432163,-1.4460876305452401,0.9050096723801302,-0.33346765575439885,0.0,0.0,0.0,0.0,0.0,0.0,0.0,0.0,0.0,0.0,0.0,0.0,0.0,0.0,0.0,0.0,0.0,0.0,0.0,0.0,0.0,0.0,0.0,0.0,1.0,0.0,9.917717820289711
-0.026128081504864873,-0.4346301302246647,-0.7172609266350096,0.24978623339432163,-0.8635282642293323,-0.2434609991548385,1.7615658795144795,0.0,0.0,0.0,0.0,0.0,0.0,1.0,0.0,0.0,0.0,0.0,0.0,0.0,0.0,0.0,0.0,0.0,0.0,0.0,0.0,0.0,0.0,0.0,0.0,0.0,0.0,6.863792942077565
-0.5592312356304736,-0.6341668909797105,-0.7172609266350096,0.24978623339432163,-1.154807947387286,-0.2434609991548385,-0.07494987295344996,0.0,0.0,0.0,0.0,0.0,0.0,0.0,0.0,0.0,0.0,0.0,0.0,0.0,0.0,0.0,1.0,0.0,0.0,0.0,0.0,0.0,0.0,0.0,0.0,0.0,0.0,6.099870420951769
-0.6995215393477391,-0.6737575181136481,-0.7172609266350096,0.24978623339432163,0.5928701515604371,-0.8176963349223229,-0.43933791907803915,0.0,0.0,0.0,0.0,0.0,0.0,1.0,0.0,0.0,0.0,0.0,0.0,0.0,0.0,0.0,0.0,0.0,0.0,0.0,0.0,0.0,0.0,0.0,0.0,0.0,0.0,6.655826376236174
-0.33476674968284886,-0.5312312604314725,-0.7172609266350096,0.24978623339432163,0.010310785244529358,2.053480343915099,0.8724590469704819,0.0,0.0,0.0,0.0,0.0,0.0,0.0,0.0,0.0,1.0,0.0,0.0,0.0,0.0,0.0,0.0,0.0,0.0,0.0,0.0,0.0,0.0,0.0,0.0,0.0,0.0,6.418528054768642
-0.7556376608346452,-0.7334073963287809,-0.7172609266350096,0.24978623339432163,1.175429517876345,-1.3919316706898073,-0.9883492419057536,0.0,0.0,0.0,0.0,0.0,0.0,0.0,0.0,0.0,0.0,0.0,0.0,0.0,0.0,0.0,0.0,0.0,0.0,0.0,1.0,0.0,0.0,0.0,0.0,0.0,0.0,5.408337011586586
-0.18044741559385688,-0.3749802520095319,-0.20983045890176158,0.24978623339432163,-1.4460876305452401,0.9050096723801302,0.4449104061842973,0.0,0.0,0.0,0.0,0.0,0.0,0.0,0.0,1.0,0.0,0.0,0.0,0.0,0.0,0.0,0.0,0.0,0.0,0.0,0.0,0.0,0.0,0.0,0.0,0.0,0.0,6.883052666341765
-0.7135505697194656,-0.6315275158374479,-0.7172609266350096,0.24978623339432163,-0.8635282642293323,-1.3919316706898073,-0.05065733654514402,0.0,0.0,0.0,0.0,0.0,0.0,0.0,0.0,0.0,0.0,0.0,0.0,0.0,0.0,0.0,0.0,0.0,0.0,0.0,0.0,0.0,0.0,0.0,0.0,0.0,1.0,5.704115752446321
0.9839621052594464,0.0869103978864075,-0.20983045890176158,0.24978623339432163,0.30159046840248327,-0.2434609991548385,2.0968028819491016,0.0,0.0,0.0,0.0,0.0,0.0,0.0,0.0,0.0,1.0,0.0,0.0,0.0,0.0,0.0,0.0,0.0,0.0,0.0,0.0,0.0,0.0,0.0,0.0,0.0,0.0,8.601111456329708
-0.362824810426302,-0.38606562760703445,-0.7172609266350096,0.24978623339432163,-0.5722485810713784,-0.2434609991548385,2.0968028819491016,0.0,0.0,0.0,0.0,0.0,0.0,0.0,0.0,0.0,0.0,0.0,0.0,0.0,0.0,0.0,0.0,0.0,0.0,0.0,0.0,0.0,1.0,0.0,0.0,0.0,0.0,7.2306428026629845
-0.3067086889393958,0.8465225638295582,0.2976000088314865,0.24978623339432163,1.175429517876345,-0.2434609991548385,2.0968028819491016,0.0,0.0,0.0,0.0,0.0,0.0,1.0,0.0,0.0,0.0,0.0,0.0,0.0,0.0,0.0,0.0,0.0,0.0,0.0,0.0,0.0,0.0,0.0,0.0,0.0,0.0,8.498477133589587
-0.05418614224831796,-0.45785663147657474,-0.7172609266350096,-4.003423192752847,1.4667092010342988,2.053480343915099,1.5477915591213873,0.0,0.0,0.0,0.0,0.0,0.0,0.0,0.0,1.0,0.0,0.0,0.0,0.0,0.0,0.0,0.0,0.0,0.0,0.0,0.0,0.0,0.0,0.0,0.0,0.0,0.0,7.331662612334899
-0.5311731748870205,-0.5692382624800527,-0.7172609266350096,0.24978623339432163,0.30159046840248327,-0.2434609991548385,0.5226465226908763,0.0,0.0,0.0,0.0,0.0,0.0,0.0,0.0,1.0,0.0,0.0,0.0,0.0,0.0,0.0,0.0,0.0,0.0,0.0,0.0,0.0,0.0,0.0,0.0,0.0,0.0,6.364888441004683
1.8677910186782187,1.8415669924625249,1.8198914120312308,0.24978623339432163,0.5928701515604371,0.9050096723801302,-0.16551548525066556,0.0,0.0,0.0,0.0,0.0,0.0,0.0,0.0,0.0,0.0,0.0,0.0,0.0,0.0,0.0,0.0,0.0,0.0,0.0,0.0,0.0,0.0,0.0,0.0,1.0,0.0,10.555280565746974
-0.3207377193111223,-0.5465396362565951,-0.20983045890176158,0.24978623339432163,-1.737367313703194,0.3307743366126458,-0.344597027085646,0.0,0.0,0.0,0.0,0.0,0.0,0.0,0.0,1.0,0.0,0.0,0.0,0.0,0.0,0.0,0.0,0.0,0.0,0.0,0.0,0.0,0.0,0.0,0.0,0.0,0.0,6.684636727355432
0.38071379927520493,-0.05561585979576808,1.3124609442979827,0.24978623339432163,1.175429517876345,0.3307743366126458,-0.0866102904294367,0.0,0.0,0.0,0.0,0.0,0.0,0.0,0.0,0.0,1.0,0.0,0.0,0.0,0.0,0.0,0.0,0.0,0.0,0.0,0.0,0.0,0.0,0.0,0.0,0.0,0.0,8.222005690234184
-0.7556376608346452,-0.6083010145855379,-0.20983045890176158,0.24978623339432163,1.175429517876345,0.9050096723801302,-0.6288197030628255,0.0,0.0,0.0,0.0,0.0,0.0,0.0,1.0,0.0,0.0,0.0,0.0,0.0,0.0,0.0,0.0,0.0,0.0,0.0,0.0,0.0,0.0,0.0,0.0,0.0,0.0,7.187112798287686
0.044017070353767854,-0.535982135687545,-0.7172609266350096,0.24978623339432163,0.010310785244529358,0.9050096723801302,0.8287324814355312,0.0,0.0,0.0,0.0,0.0,0.0,0.0,0.0,0.0,0.0,0.0,0.0,0.0,0.0,0.0,0.0,0.0,0.0,0.0,0.0,0.0,0.0,0.0,0.0,0.0,1.0,6.442428695287364
-0.8117537823215515,-0.7318237712434233,-0.7172609266350096,0.24978623339432163,-0.28096889791342455,0.9050096723801302,-0.97377372006077,0.0,0.0,0.0,0.0,0.0,0.0,0.0,0.0,0.0,1.0,0.0,0.0,0.0,0.0,0.0,0.0,0.0,0.0,0.0,0.0,0.0,0.0,0.0,0.0,0.0,0.0,6.443176906381466
0.02998803998204131,-0.3327502497333317,-0.7172609266350096,0.24978623339432163,-1.154807947387286,-1.3919316706898073,2.0968028819491016,0.0,0.0,0.0,0.0,0.0,0.0,0.0,0.0,1.0,0.0,0.0,0.0,0.0,0.0,0.0,0.0,0.0,0.0,0.0,0.0,0.0,0.0,0.0,0.0,0.0,0.0,7.036412311190399
0.044017070353767854,-0.5037817589519424,-0.20983045890176158,0.24978623339432163,-0.28096889791342455,2.053480343915099,-0.1478274821783678,0.0,1.0,0.0,0.0,0.0,0.0,0.0,0.0,0.0,0.0,0.0,0.0,0.0,0.0,0.0,0.0,0.0,0.0,0.0,0.0,0.0,0.0,0.0,0.0,0.0,0.0,7.167901701239397
-0.6995215393477391,-0.7180990205036584,-0.7172609266350096,0.24978623339432163,0.884149834718391,-0.8176963349223229,-0.8474525307375791,0.0,1.0,0.0,0.0,0.0,0.0,0.0,0.0,0.0,0.0,0.0,0.0,0.0,0.0,0.0,0.0,0.0,0.0,0.0,0.0,0.0,0.0,0.0,0.0,0.0,0.0,5.851282516508119
-0.5732602660022001,-0.6251930154960179,-0.7172609266350096,0.24978623339432163,-0.28096889791342455,0.3307743366126458,0.007644750834790256,0.0,1.0,0.0,0.0,0.0,0.0,0.0,0.0,0.0,0.0,0.0,0.0,0.0,0.0,0.0,0.0,0.0,0.0,0.0,0.0,0.0,0.0,0.0,0.0,0.0,0.0,6.091174126256959
-0.9239860252953638,-0.653698267032453,-0.7172609266350096,-4.003423192752847,1.4667092010342988,-0.8176963349223229,-0.254714642374914,0.0,0.0,0.0,0.0,0.0,0.0,0.0,0.0,0.0,0.0,0.0,0.0,0.0,0.0,0.0,0.0,0.0,0.0,0.0,0.0,0.0,0.0,1.0,0.0,0.0,0.0,7.080867896690782
-0.8117537823215515,-0.7392140216417584,-0.7172609266350096,0.24978623339432163,1.175429517876345,0.3307743366126458,-1.0417928220040267,0.0,0.0,0.0,1.0,0.0,0.0,0.0,0.0,0.0,0.0,0.0,0.0,0.0,0.0,0.0,0.0,0.0,0.0,0.0,0.0,0.0,0.0,0.0,0.0,0.0,0.0,5.35955356601861
1.8677910186782187,1.8415669924625249,1.8198914120312308,-4.003423192752847,1.4667092010342988,2.053480343915099,-0.5806651308914242,0.0,0.0,0.0,0.0,0.0,0.0,0.0,0.0,0.0,0.0,0.0,0.0,0.0,0.0,0.0,0.0,0.0,0.0,0.0,0.0,0.0,0.0,0.0,0.0,1.0,0.0,10.160228342560858
-0.825782812693278,-0.765079898035931,-0.7172609266350096,0.24978623339432163,0.884149834718391,0.3307743366126458,-1.2798596788054248,0.0,0.0,0.0,0.0,0.0,0.0,0.0,0.0,1.0,0.0,0.0,0.0,0.0,0.0,0.0,0.0,0.0,0.0,0.0,0.0,0.0,0.0,0.0,0.0,0.0,0.0,5.062595033026967
-0.7135505697194656,-0.6885380189103182,-0.7172609266350096,0.24978623339432163,-1.154807947387286,0.3307743366126458,-0.5753761229645524,0.0,0.0,0.0,0.0,0.0,0.0,0.0,0.0,0.0,0.0,0.0,0.0,0.0,0.0,0.0,0.0,0.0,0.0,0.0,1.0,0.0,0.0,0.0,0.0,0.0,0.0,6.031934479661695
0.45085895113383767,-0.281546371973439,-0.20983045890176158,0.24978623339432163,1.175429517876345,-1.3919316706898073,0.8748883006113125,0.0,0.0,0.0,0.0,0.0,0.0,1.0,0.0,0.0,0.0,0.0,0.0,0.0,0.0,0.0,0.0,0.0,0.0,0.0,0.0,0.0,0.0,0.0,0.0,0.0,0.0,7.538936626203445
1.8677910186782187,0.9689895704305387,1.8198914120312308,0.24978623339432163,-0.28096889791342455,2.053480343915099,-0.7207088625203307,0.0,0.0,0.0,0.0,0.0,0.0,0.0,0.0,0.0,0.0,0.0,0.0,0.0,0.0,0.0,0.0,0.0,0.0,0.0,0.0,0.0,0.0,0.0,0.0,1.0,0.0,8.744649031433994
-0.5311731748870205,-0.531759135459925,-0.20983045890176158,0.24978623339432163,0.5928701515604371,0.3307743366126458,-0.2765779251423893,0.0,1.0,0.0,0.0,0.0,0.0,0.0,0.0,0.0,0.0,0.0,0.0,0.0,0.0,0.0,0.0,0.0,0.0,0.0,0.0,0.0,0.0,0.0,0.0,0.0,0.0,6.560761888619366
1.8677910186782187,1.8415669924625249,1.8198914120312308,0.24978623339432163,0.30159046840248327,-0.2434609991548385,-0.21086022138518276,0.0,0.0,0.0,0.0,0.0,0.0,0.0,0.0,0.0,0.0,0.0,0.0,0.0,0.0,0.0,0.0,0.0,0.0,0.0,0.0,0.0,0.0,0.0,0.0,1.0,0.0,9.759431830066816
-0.6434054178608329,-0.6985676444509158,-0.7172609266350096,0.24978623339432163,-1.737367313703194,0.3307743366126458,-0.6676877613161151,0.0,0.0,0.0,0.0,0.0,0.0,1.0,0.0,0.0,0.0,0.0,0.0,0.0,0.0,0.0,0.0,0.0,0.0,0.0,0.0,0.0,0.0,0.0,0.0,0.0,0.0,6.3369142228061595
-0.22253450670903652,-0.5481232613419527,-0.7172609266350096,0.24978623339432163,-1.154807947387286,0.3307743366126458,0.7169868139573239,0.0,0.0,0.0,0.0,0.0,0.0,0.0,0.0,0.0,0.0,0.0,0.0,0.0,1.0,0.0,0.0,0.0,0.0,0.0,0.0,0.0,0.0,0.0,0.0,0.0,0.0,6.926262950537876
-0.7836957215780983,-0.7165153954183008,-0.7172609266350096,-4.003423192752847,1.4667092010342988,-0.2434609991548385,-0.8328770088925955,0.0,0.0,0.0,0.0,0.0,0.0,0.0,0.0,1.0,0.0,0.0,0.0,0.0,0.0,0.0,0.0,0.0,0.0,0.0,0.0,0.0,0.0,0.0,0.0,0.0,0.0,5.162211233551045
-0.5452022052587471,-0.6584491422885256,-0.20983045890176158,0.24978623339432163,-0.5722485810713784,-0.8176963349223229,-0.8595987989417321,0.0,0.0,0.0,0.0,0.0,0.0,0.0,0.0,0.0,0.0,0.0,0.0,0.0,0.0,0.0,1.0,0.0,0.0,0.0,0.0,0.0,0.0,0.0,0.0,0.0,0.0,6.182126228176938
0.5069750726207438,1.8415669924625249,-0.20983045890176158,0.24978623339432163,0.5928701515604371,-1.3919316706898073,2.0968028819491016,0.0,0.0,0.0,0.0,0.0,0.0,0.0,0.0,0.0,0.0,0.0,0.0,0.0,0.0,0.0,1.0,0.0,0.0,0.0,0.0,0.0,0.0,0.0,0.0,0.0,0.0,9.656261327580962
1.8677910186782187,1.8415669924625249,1.8198914120312308,0.24978623339432163,-0.5722485810713784,-0.2434609991548385,-0.1338283934006999,0.0,0.0,0.0,0.0,0.0,0.0,0.0,0.0,0.0,0.0,0.0,0.0,0.0,0.0,0.0,0.0,0.0,0.0,0.0,0.0,0.0,0.0,0.0,0.0,1.0,0.0,10.118923879352014
0.14222028295585368,-0.4472991309075247,-0.20983045890176158,0.24978623339432163,1.175429517876345,0.3307743366126458,0.11210265739050583,0.0,0.0,0.0,0.0,0.0,0.0,1.0,0.0,0.0,0.0,0.0,0.0,0.0,0.0,0.0,0.0,0.0,0.0,0.0,0.0,0.0,0.0,0.0,0.0,0.0,0.0,7.379894127024883
1.8677910186782187,1.8415669924625249,1.8198914120312308,0.24978623339432163,1.175429517876345,0.9050096723801302,-0.3204622344202511,0.0,0.0,0.0,0.0,0.0,0.0,0.0,0.0,0.0,0.0,0.0,0.0,0.0,0.0,0.0,0.0,0.0,0.0,0.0,0.0,0.0,0.0,0.0,0.0,1.0,0.0,10.760614732211614
-0.6574344482325595,-0.6600327673738831,-0.7172609266350096,0.24978623339432163,0.010310785244529358,-0.8176963349223229,-0.31301672975484823,0.0,0.0,0.0,0.0,0.0,0.0,0.0,1.0,0.0,0.0,0.0,0.0,0.0,0.0,0.0,0.0,0.0,0.0,0.0,0.0,0.0,0.0,0.0,0.0,0.0,0.0,6.45116528335782
-0.5732602660022001,-0.6600327673738831,-0.7172609266350096,0.24978623339432163,-1.737367313703194,-0.2434609991548385,-0.31301672975484823,0.0,0.0,0.0,0.0,0.0,0.0,0.0,0.0,0.0,0.0,0.0,0.0,0.0,1.0,0.0,0.0,0.0,0.0,0.0,0.0,0.0,0.0,0.0,0.0,0.0,0.0,6.117766746972636
-0.47505705340011434,-0.5602643869963602,-0.20983045890176158,0.24978623339432163,1.175429517876345,0.3307743366126458,-0.40775762174724145,0.0,0.0,0.0,0.0,0.0,0.0,0.0,0.0,0.0,1.0,0.0,0.0,0.0,0.0,0.0,0.0,0.0,0.0,0.0,0.0,0.0,0.0,0.0,0.0,0.0,0.0,6.708047453145543
-0.6434054178608329,-0.6542261420609056,-0.20983045890176158,0.24978623339432163,1.175429517876345,-1.3919316706898073,-0.8401647698150873,0.0,0.0,0.0,0.0,0.0,0.0,0.0,0.0,0.0,1.0,0.0,0.0,0.0,0.0,0.0,0.0,0.0,0.0,0.0,0.0,0.0,0.0,0.0,0.0,0.0,0.0,6.395895787625848
-0.8398118430650046,-0.647363766691023,-0.7172609266350096,0.24978623339432163,0.010310785244529358,-0.8176963349223229,-0.1964125549949797,0.0,0.0,0.0,0.0,0.0,0.0,1.0,0.0,0.0,0.0,0.0,0.0,0.0,0.0,0.0,0.0,0.0,0.0,0.0,0.0,0.0,0.0,0.0,0.0,0.0,0.0,5.985873948794737
1.8677910186782187,1.8415669924625249,1.8198914120312308,0.24978623339432163,0.884149834718391,0.3307743366126458,-0.4051140221969258,0.0,0.0,0.0,0.0,0.0,0.0,0.0,0.0,0.0,0.0,0.0,0.0,0.0,0.0,0.0,0.0,0.0,0.0,0.0,0.0,0.0,0.0,0.0,0.0,1.0,0.0,10.216034052085615
-0.5592312356304736,-0.6505310168617381,-0.20983045890176158,0.24978623339432163,1.175429517876345,-0.8176963349223229,-0.8231599943292731,0.0,1.0,0.0,0.0,0.0,0.0,0.0,0.0,0.0,0.0,0.0,0.0,0.0,0.0,0.0,0.0,0.0,0.0,0.0,0.0,0.0,0.0,0.0,0.0,0.0,0.0,6.2295952282304405
-0.5872892963739267,-0.5602643869963602,-0.7172609266350096,0.24978623339432163,-1.154807947387286,0.3307743366126458,0.6052411464791165,0.0,0.0,0.0,0.0,0.0,0.0,1.0,0.0,0.0,0.0,0.0,0.0,0.0,0.0,0.0,0.0,0.0,0.0,0.0,0.0,0.0,0.0,0.0,0.0,0.0,0.0,5.947460411609927
-0.7135505697194656,-0.7022627696500833,-0.7172609266350096,0.24978623339432163,0.010310785244529358,-0.2434609991548385,-0.7016973122877433,0.0,0.0,0.0,0.0,0.0,0.0,0.0,0.0,0.0,0.0,0.0,0.0,0.0,0.0,0.0,0.0,0.0,0.0,1.0,0.0,0.0,0.0,0.0,0.0,0.0,0.0,5.481471909645883
-0.3207377193111223,-0.4272398798263296,-0.7172609266350096,0.24978623339432163,1.175429517876345,0.9050096723801302,1.8295849814577363,0.0,0.0,0.0,0.0,0.0,0.0,0.0,0.0,0.0,0.0,0.0,0.0,0.0,0.0,0.0,0.0,0.0,0.0,0.0,0.0,0.0,0.0,0.0,1.0,0.0,0.0,6.8315651406240905
1.8677910186782187,1.8415669924625249,1.8198914120312308,0.24978623339432163,0.30159046840248327,-0.2434609991548385,1.0529474238594274,0.0,0.0,0.0,0.0,0.0,0.0,0.0,0.0,0.0,0.0,0.0,0.0,0.0,0.0,0.0,0.0,0.0,0.0,0.0,0.0,0.0,0.0,0.0,0.0,1.0,0.0,10.814625431236024
-0.6293763874891063,-0.6785083933697207,-0.7172609266350096,0.24978623339432163,-0.5722485810713784,0.3307743366126458,-0.4830644846129899,0.0,0.0,0.0,0.0,0.0,0.0,1.0,0.0,0.0,0.0,0.0,0.0,0.0,0.0,0.0,0.0,0.0,0.0,0.0,0.0,0.0,0.0,0.0,0.0,0.0,0.0,5.907702431002652
-0.7135505697194656,-0.7112366451337758,-0.7172609266350096,-4.003423192752847,1.4667092010342988,-0.8176963349223229,-0.7842919360759836,0.0,0.0,0.0,0.0,0.0,0.0,0.0,0.0,0.0,0.0,0.0,0.0,0.0,1.0,0.0,0.0,0.0,0.0,0.0,0.0,0.0,0.0,0.0,0.0,0.0,0.0,5.95246380975825
-0.9099569949236372,-0.7624405228936685,-0.7172609266350096,0.24978623339432163,1.175429517876345,0.9050096723801302,-1.255567142397119,0.0,0.0,0.0,0.0,0.0,0.0,0.0,0.0,0.0,0.0,0.0,0.0,0.0,0.0,0.0,1.0,0.0,0.0,0.0,0.0,0.0,0.0,0.0,0.0,0.0,0.0,5.117993812416755
0.0019299792385882172,-0.4187938793710896,-0.20983045890176158,0.24978623339432163,1.175429517876345,-1.3919316706898073,0.24328235399535794,0.0,0.0,0.0,0.0,0.0,0.0,0.0,0.0,0.0,1.0,0.0,0.0,0.0,0.0,0.0,0.0,0.0,0.0,0.0,0.0,0.0,0.0,0.0,0.0,0.0,0.0,7.251968902169573
0.0019299792385882172,-0.7096530200484183,-0.7172609266350096,-4.003423192752847,1.4667092010342988,-0.2434609991548385,-0.769716414231,0.0,0.0,0.0,0.0,0.0,0.0,0.0,0.0,1.0,0.0,0.0,0.0,0.0,0.0,0.0,0.0,0.0,0.0,0.0,0.0,0.0,0.0,0.0,0.0,0.0,0.0,5.282645197153741
0.8717298622856341,0.4875675444818567,-0.20983045890176158,0.24978623339432163,-1.4460876305452401,-0.8176963349223229,2.0968028819491016,0.0,0.0,0.0,0.0,0.0,0.0,1.0,0.0,0.0,0.0,0.0,0.0,0.0,0.0,0.0,0.0,0.0,0.0,0.0,0.0,0.0,0.0,0.0,0.0,0.0,0.0,8.381029766603366
-0.7696666912063718,-0.6727017680567432,-0.7172609266350096,0.24978623339432163,-0.8635282642293323,-1.3919316706898073,-0.4296209045147168,0.0,1.0,0.0,0.0,0.0,0.0,0.0,0.0,0.0,0.0,0.0,0.0,0.0,0.0,0.0,0.0,0.0,0.0,0.0,0.0,0.0,0.0,0.0,0.0,0.0,0.0,5.60086342064836
-0.7275796000911922,-0.7550502724953335,-0.7172609266350096,0.24978623339432163,0.5928701515604371,-0.8176963349223229,-1.1875480404538623,0.0,0.0,0.0,0.0,0.0,0.0,0.0,0.0,0.0,0.0,0.0,0.0,0.0,1.0,0.0,0.0,0.0,0.0,0.0,0.0,0.0,0.0,0.0,0.0,0.0,0.0,5.637642672151656
0.11416222221240058,-0.21925711861604377,0.2976000088314865,0.24978623339432163,0.30159046840248327,-1.3919316706898073,0.3007746901616819,0.0,0.0,0.0,0.0,0.0,0.0,0.0,0.0,0.0,1.0,0.0,0.0,0.0,0.0,0.0,0.0,0.0,0.0,0.0,0.0,0.0,0.0,0.0,0.0,0.0,0.0,7.727698092787823
-0.5311731748870205,-0.5729333876792202,-0.7172609266350096,0.24978623339432163,-0.28096889791342455,-1.3919316706898073,0.488636971719248,0.0,0.0,0.0,0.0,0.0,1.0,0.0,0.0,0.0,0.0,0.0,0.0,0.0,0.0,0.0,0.0,0.0,0.0,0.0,0.0,0.0,0.0,0.0,0.0,0.0,0.0,7.026781985403778
1.8677910186782187,1.8415669924625249,1.8198914120312308,0.24978623339432163,-1.737367313703194,-0.2434609991548385,-0.2859834969312462,0.0,0.0,0.0,0.0,0.0,0.0,0.0,0.0,0.0,0.0,0.0,0.0,0.0,0.0,0.0,0.0,0.0,0.0,0.0,0.0,0.0,0.0,0.0,0.0,1.0,0.0,9.991033120153869
1.8677910186782187,1.8415669924625249,1.8198914120312308,0.24978623339432163,-1.737367313703194,0.9050096723801302,-0.5599432174816287,0.0,0.0,0.0,0.0,0.0,0.0,0.0,0.0,0.0,0.0,0.0,0.0,0.0,0.0,0.0,0.0,0.0,0.0,0.0,0.0,0.0,0.0,0.0,0.0,1.0,0.0,9.619915688260638
1.8677910186782187,1.8415669924625249,1.8198914120312308,0.24978623339432163,1.175429517876345,-0.2434609991548385,-0.26795729939041524,0.0,0.0,0.0,0.0,0.0,0.0,0.0,0.0,0.0,0.0,0.0,0.0,0.0,0.0,0.0,0.0,0.0,0.0,0.0,0.0,0.0,0.0,0.0,0.0,1.0,0.0,10.920524209202332
-0.6153473571173798,-0.6521146419470956,-0.7172609266350096,0.24978623339432163,0.5928701515604371,0.3307743366126458,-0.2401391205299304,0.0,0.0,0.0,0.0,0.0,0.0,0.0,0.0,0.0,0.0,0.0,0.0,0.0,0.0,0.0,0.0,0.0,0.0,0.0,0.0,0.0,1.0,0.0,0.0,0.0,0.0,6.133376350787405
-0.9099569949236372,-0.7291843961011609,-0.7172609266350096,-4.003423192752847,1.4667092010342988,-0.2434609991548385,-0.949481183652464,0.0,0.0,0.0,0.0,0.0,0.0,0.0,0.0,0.0,0.0,0.0,0.0,0.0,0.0,0.0,1.0,0.0,0.0,0.0,0.0,0.0,0.0,0.0,0.0,0.0,0.0,5.265794174842477
-0.2646215978242161,-0.1305741138360234,0.2976000088314865,0.24978623339432163,0.5928701515604371,0.3307743366126458,0.5728510979347086,0.0,0.0,0.0,0.0,0.0,0.0,0.0,0.0,1.0,0.0,0.0,0.0,0.0,0.0,0.0,0.0,0.0,0.0,0.0,0.0,0.0,0.0,0.0,0.0,0.0,0.0,7.89624015280474
-0.9239860252953638,-0.7793325238041486,-0.7172609266350096,0.24978623339432163,-0.5722485810713784,-0.2434609991548385,-1.411039375410277,0.0,0.0,0.0,0.0,0.0,0.0,0.0,0.0,0.0,0.0,0.0,0.0,0.0,0.0,0.0,0.0,0.0,0.0,0.0,0.0,0.0,0.0,1.0,0.0,0.0,0.0,2.5976867322317663
-0.9239860252953638,-0.7793325238041486,-0.7172609266350096,0.24978623339432163,-0.28096889791342455,-1.3919316706898073,-1.411039375410277,0.0,0.0,0.0,0.0,0.0,0.0,1.0,0.0,0.0,0.0,0.0,0.0,0.0,0.0,0.0,0.0,0.0,0.0,0.0,0.0,0.0,0.0,0.0,0.0,0.0,0.0,8.050103711908523
-0.20850547633730998,-0.5687103874516002,-0.7172609266350096,0.24978623339432163,-0.5722485810713784,-1.3919316706898073,0.5275050299725376,0.0,0.0,0.0,0.0,0.0,0.0,1.0,0.0,0.0,0.0,0.0,0.0,0.0,0.0,0.0,0.0,0.0,0.0,0.0,0.0,0.0,0.0,0.0,0.0,0.0,0.0,6.916467219584159
-0.34879578005457545,-0.5549856367118352,-0.7172609266350096,0.24978623339432163,-0.28096889791342455,-1.3919316706898073,0.6538262192957285,0.0,0.0,0.0,0.0,0.0,0.0,1.0,0.0,0.0,0.0,0.0,0.0,0.0,0.0,0.0,0.0,0.0,0.0,0.0,0.0,0.0,0.0,0.0,0.0,0.0,0.0,6.712129613704667
1.8677910186782187,1.8415669924625249,1.8198914120312308,0.24978623339432163,0.30159046840248327,0.9050096723801302,-0.37211204281342103,0.0,0.0,0.0,0.0,0.0,0.0,0.0,0.0,0.0,0.0,0.0,0.0,0.0,0.0,0.0,0.0,0.0,0.0,0.0,0.0,0.0,0.0,0.0,0.0,1.0,0.0,9.747432978117892
-0.7696666912063718,-0.531759135459925,-0.20983045890176158,0.24978623339432163,-0.28096889791342455,0.3307743366126458,-0.2765779251423893,0.0,0.0,0.0,0.0,0.0,0.0,0.0,0.0,0.0,1.0,0.0,0.0,0.0,0.0,0.0,0.0,0.0,0.0,0.0,0.0,0.0,0.0,0.0,0.0,0.0,0.0,6.528469482657275
-0.13836032447867724,-0.5951041388742253,-0.7172609266350096,0.24978623339432163,0.884149834718391,0.3307743366126458,0.28457966588947803,0.0,0.0,0.0,0.0,0.0,0.0,0.0,0.0,0.0,0.0,0.0,0.0,0.0,0.0,0.0,0.0,0.0,1.0,0.0,0.0,0.0,0.0,0.0,0.0,0.0,0.0,6.9110598129904375
-0.19447644596558342,0.4136650404985064,-0.7172609266350096,0.24978623339432163,0.5928701515604371,-1.3919316706898073,2.0968028819491016,0.0,0.0,0.0,0.0,0.0,0.0,0.0,0.0,0.0,0.0,0.0,0.0,0.0,0.0,0.0,0.0,1.0,0.0,0.0,0.0,0.0,0.0,0.0,0.0,0.0,0.0,8.38201014985595
-0.0682151726200445,-0.4731650073016973,-0.7172609266350096,0.24978623339432163,0.884149834718391,-0.8176963349223229,1.4068948479532128,0.0,0.0,0.0,0.0,0.0,0.0,0.0,0.0,0.0,0.0,0.0,0.0,0.0,0.0,0.0,0.0,0.0,0.0,0.0,0.0,0.0,0.0,0.0,1.0,0.0,0.0,7.33234304469739
-0.2646215978242161,-0.4647190068464573,-0.20983045890176158,0.24978623339432163,-0.28096889791342455,0.9050096723801302,0.031937287243096205,0.0,1.0,0.0,0.0,0.0,0.0,0.0,0.0,0.0,0.0,0.0,0.0,0.0,0.0,0.0,0.0,0.0,0.0,0.0,0.0,0.0,0.0,0.0,0.0,0.0,0.0,6.900750804829254
-0.6854925089760125,-0.7196826455890158,-0.7172609266350096,0.24978623339432163,-0.28096889791342455,-1.3919316706898073,-0.8620280525825627,0.0,0.0,0.0,0.0,0.0,0.0,0.0,0.0,1.0,0.0,0.0,0.0,0.0,0.0,0.0,0.0,0.0,0.0,0.0,0.0,0.0,0.0,0.0,0.0,0.0,0.0,5.920102800622285
-0.6013183267456532,-0.6595048923454306,-0.7172609266350096,0.24978623339432163,0.884149834718391,0.3307743366126458,-0.308158222473187,0.0,0.0,0.0,0.0,0.0,0.0,1.0,0.0,0.0,0.0,0.0,0.0,0.0,0.0,0.0,0.0,0.0,0.0,0.0,0.0,0.0,0.0,0.0,0.0,0.0,0.0,6.045715961939898
1.460949137898149,0.818017312293123,-0.7172609266350096,0.24978623339432163,0.30159046840248327,0.3307743366126458,2.0968028819491016,0.0,0.0,0.0,0.0,0.0,0.0,0.0,0.0,0.0,0.0,0.0,0.0,1.0,0.0,0.0,0.0,0.0,0.0,0.0,0.0,0.0,0.0,0.0,0.0,0.0,0.0,8.491836408313453
-0.7836957215780983,-0.22084074370140128,-0.7172609266350096,0.24978623339432163,1.175429517876345,-1.3919316706898073,2.0968028819491016,0.0,0.0,0.0,0.0,0.0,0.0,0.0,0.0,0.0,0.0,0.0,0.0,0.0,0.0,0.0,0.0,0.0,0.0,0.0,0.0,0.0,0.0,1.0,0.0,0.0,0.0,7.122447215806543
-0.6995215393477391,-0.6647836426299556,-0.20983045890176158,0.24978623339432163,1.4667092010342988,-1.3919316706898073,-0.8887498426316992,0.0,0.0,0.0,0.0,0.0,0.0,1.0,0.0,0.0,0.0,0.0,0.0,0.0,0.0,0.0,0.0,0.0,0.0,0.0,0.0,0.0,0.0,0.0,0.0,0.0,0.0,6.377406988727283
-0.3207377193111223,-0.5497068864273101,0.2976000088314865,0.24978623339432163,-1.154807947387286,-0.8176963349223229,-0.7130338292782862,0.0,0.0,0.0,0.0,0.0,0.0,0.0,0.0,0.0,1.0,0.0,0.0,0.0,0.0,0.0,0.0,0.0,0.0,0.0,0.0,0.0,0.0,0.0,0.0,0.0,0.0,6.786299256159424
-0.6854925089760125,-0.5090605092364675,-0.20983045890176158,0.24978623339432163,1.175429517876345,-0.8176963349223229,-0.17212001858667375,0.0,0.0,0.0,0.0,0.0,0.0,0.0,0.0,0.0,0.0,0.0,0.0,0.0,0.0,0.0,1.0,0.0,0.0,0.0,0.0,0.0,0.0,0.0,0.0,0.0,0.0,6.697774714194209
1.8677910186782187,1.8415669924625249,1.8198914120312308,0.24978623339432163,0.884149834718391,0.9050096723801302,-0.2676445407857865,0.0,0.0,0.0,0.0,0.0,0.0,0.0,0.0,0.0,0.0,0.0,0.0,0.0,0.0,0.0,0.0,0.0,0.0,0.0,0.0,0.0,0.0,0.0,0.0,1.0,0.0,10.180688514546175
-0.6854925089760125,-0.6769247682843632,-0.7172609266350096,0.24978623339432163,-0.28096889791342455,0.3307743366126458,-0.4684889627680063,0.0,0.0,0.0,0.0,0.0,0.0,0.0,0.0,0.0,0.0,0.0,1.0,0.0,0.0,0.0,0.0,0.0,0.0,0.0,0.0,0.0,0.0,0.0,0.0,0.0,0.0,5.949391770686074
-0.7416086304629187,-0.7444927719262835,-0.7172609266350096,0.24978623339432163,1.175429517876345,-1.3919316706898073,-1.0903778948206386,0.0,0.0,0.0,0.0,0.0,0.0,0.0,0.0,0.0,0.0,0.0,0.0,0.0,0.0,0.0,0.0,0.0,0.0,0.0,1.0,0.0,0.0,0.0,0.0,0.0,0.0,6.067221159507229
-0.5872892963739267,-0.6642557676015031,-0.7172609266350096,0.24978623339432163,-0.28096889791342455,-0.2434609991548385,-0.35188478800813777,0.0,0.0,0.0,0.0,0.0,0.0,0.0,0.0,0.0,0.0,0.0,0.0,0.0,0.0,0.0,0.0,0.0,0.0,0.0,1.0,0.0,0.0,0.0,0.0,0.0,0.0,6.1950378441253156
-0.9239860252953638,-0.779860398832601,-0.7172609266350096,0.24978623339432163,-0.28096889791342455,-0.2434609991548385,-1.4158978826919382,0.0,0.0,0.0,0.0,0.0,0.0,0.0,0.0,0.0,0.0,0.0,0.0,0.0,0.0,0.0,0.0,1.0,0.0,0.0,0.0,0.0,0.0,0.0,0.0,0.0,0.0,6.55250788703459
-0.8678699038084576,-0.7429091468409259,-0.7172609266350096,0.24978623339432163,-1.4460876305452401,2.053480343915099,-1.075802372975655,0.0,0.0,0.0,0.0,0.0,0.0,0.0,0.0,1.0,0.0,0.0,0.0,0.0,0.0,0.0,0.0,0.0,0.0,0.0,0.0,0.0,0.0,0.0,0.0,0.0,0.0,4.71492104994721
-0.671463478604286,-0.6420850164064981,-0.7172609266350096,0.24978623339432163,0.5928701515604371,-1.3919316706898073,-0.1478274821783678,0.0,0.0,0.0,0.0,0.0,0.0,0.0,0.0,0.0,1.0,0.0,0.0,0.0,0.0,0.0,0.0,0.0,0.0,0.0,0.0,0.0,0.0,0.0,0.0,0.0,0.0,6.558254538791405
-0.6153473571173798,-0.5877138884758903,-0.7172609266350096,0.24978623339432163,1.175429517876345,-1.3919316706898073,0.3525987678327347,0.0,1.0,0.0,0.0,0.0,0.0,0.0,0.0,0.0,0.0,0.0,0.0,0.0,0.0,0.0,0.0,0.0,0.0,0.0,0.0,0.0,0.0,0.0,0.0,0.0,0.0,6.627379781712794
-0.6293763874891063,-0.638917766235783,-0.7172609266350096,0.24978623339432163,0.884149834718391,2.053480343915099,-0.11867643848840066,0.0,1.0,0.0,0.0,0.0,0.0,0.0,0.0,0.0,0.0,0.0,0.0,0.0,0.0,0.0,0.0,0.0,0.0,0.0,0.0,0.0,0.0,0.0,0.0,0.0,0.0,5.703982454658868
0.25445252592966605,-0.04453048419826554,-0.7172609266350096,0.24978623339432163,0.884149834718391,-0.8176963349223229,2.0968028819491016,0.0,0.0,0.0,0.0,0.0,0.0,0.0,0.0,0.0,0.0,0.0,0.0,0.0,0.0,0.0,0.0,0.0,0.0,0.0,0.0,0.0,0.0,0.0,1.0,0.0,0.0,7.400412858792405
-0.6434054178608329,-0.5850745133336278,-0.7172609266350096,0.24978623339432163,-0.8635282642293323,0.9050096723801302,0.37689130424104067,0.0,0.0,0.0,0.0,0.0,0.0,0.0,0.0,0.0,0.0,0.0,0.0,0.0,0.0,0.0,0.0,0.0,0.0,0.0,1.0,0.0,0.0,0.0,0.0,0.0,0.0,6.178898015788112
-0.5592312356304736,-0.6151633899554204,0.2976000088314865,0.24978623339432163,-0.5722485810713784,0.3307743366126458,-0.9138521302536154,0.0,0.0,0.0,0.0,0.0,0.0,1.0,0.0,0.0,0.0,0.0,0.0,0.0,0.0,0.0,0.0,0.0,0.0,0.0,0.0,0.0,0.0,0.0,0.0,0.0,0.0,6.204638567384701
-0.7275796000911922,-0.739741896670211,-0.7172609266350096,0.24978623339432163,-0.28096889791342455,0.3307743366126458,-1.0466513292856878,0.0,0.0,0.0,0.0,0.0,0.0,0.0,0.0,0.0,0.0,0.0,0.0,0.0,0.0,0.0,0.0,0.0,0.0,1.0,0.0,0.0,0.0,0.0,0.0,0.0,0.0,5.767226647212736
1.8677910186782187,1.8415669924625249,1.8198914120312308,0.24978623339432163,-0.8635282642293323,-0.2434609991548385,-0.3599823001442397,0.0,0.0,0.0,0.0,0.0,0.0,0.0,0.0,0.0,0.0,0.0,0.0,0.0,0.0,0.0,0.0,0.0,0.0,0.0,0.0,0.0,0.0,0.0,0.0,1.0,0.0,9.705485903110638
-0.517144144515294,-0.6441965165203081,-0.7172609266350096,0.24978623339432163,-0.5722485810713784,2.053480343915099,-0.16726151130501257,0.0,0.0,0.0,0.0,0.0,0.0,0.0,0.0,0.0,1.0,0.0,0.0,0.0,0.0,0.0,0.0,0.0,0.0,0.0,0.0,0.0,0.0,0.0,0.0,0.0,0.0,6.369438547154207
-0.3207377193111223,-0.5808515131060078,-0.7172609266350096,0.24978623339432163,-0.28096889791342455,-0.2434609991548385,0.41575936249433015,0.0,0.0,0.0,0.0,0.0,0.0,0.0,0.0,0.0,0.0,0.0,0.0,0.0,0.0,0.0,0.0,0.0,1.0,0.0,0.0,0.0,0.0,0.0,0.0,0.0,0.0,6.726425230481338
-0.5311731748870205,-0.6399735162926881,-0.20983045890176158,0.24978623339432163,0.884149834718391,0.3307743366126458,-0.7745749215126613,0.0,0.0,0.0,0.0,0.0,0.0,0.0,0.0,0.0,0.0,0.0,0.0,0.0,0.0,0.0,0.0,0.0,0.0,0.0,0.0,0.0,0.0,0.0,0.0,0.0,0.0,6.521739794695286
-0.19447644596558342,-0.4705256321594348,0.2976000088314865,0.24978623339432163,1.175429517876345,-0.2434609991548385,-0.47010846519522675,0.0,0.0,0.0,0.0,0.0,0.0,1.0,0.0,0.0,0.0,0.0,0.0,0.0,0.0,0.0,0.0,0.0,0.0,0.0,0.0,0.0,0.0,0.0,0.0,0.0,0.0,7.3750301886566145
-0.5592312356304736,-0.6246651404675655,-0.7172609266350096,0.24978623339432163,-0.28096889791342455,-1.3919316706898073,0.012503258116451445,0.0,0.0,0.0,0.0,0.0,0.0,0.0,0.0,0.0,1.0,0.0,0.0,0.0,0.0,0.0,0.0,0.0,0.0,0.0,0.0,0.0,0.0,0.0,0.0,0.0,0.0,6.241834084675783
-0.7275796000911922,-0.7202105206174684,-0.7172609266350096,0.24978623339432163,0.884149834718391,-1.3919316706898073,-0.8668865598642238,0.0,0.0,0.0,0.0,0.0,0.0,0.0,0.0,0.0,1.0,0.0,0.0,0.0,0.0,0.0,0.0,0.0,0.0,0.0,0.0,0.0,0.0,0.0,0.0,0.0,0.0,5.647494270309412
-0.7556376608346452,-0.6816756435404356,-0.7172609266350096,0.24978623339432163,0.30159046840248327,-0.2434609991548385,-0.512215528302957,0.0,0.0,0.0,0.0,0.0,0.0,0.0,0.0,0.0,1.0,0.0,0.0,0.0,0.0,0.0,0.0,0.0,0.0,0.0,0.0,0.0,0.0,0.0,0.0,0.0,0.0,5.40285754582196
-0.9239860252953638,-0.7592732727229535,-0.7172609266350096,0.24978623339432163,1.4667092010342988,-1.3919316706898073,-1.226416098707152,0.0,0.0,0.0,0.0,0.0,0.0,0.0,0.0,0.0,0.0,0.0,0.0,0.0,0.0,0.0,0.0,0.0,0.0,0.0,0.0,0.0,0.0,1.0,0.0,0.0,0.0,5.476463551931511
-0.8959279645519107,-0.7724701484342661,-0.7172609266350096,0.24978623339432163,-1.4460876305452401,-1.3919316706898073,-1.3478787807486816,0.0,1.0,0.0,0.0,0.0,0.0,0.0,0.0,0.0,0.0,0.0,0.0,0.0,0.0,0.0,0.0,0.0,0.0,0.0,0.0,0.0,0.0,0.0,0.0,0.0,0.0,5.016948656152848
-0.7416086304629187,-0.5776842629352927,-0.7172609266350096,0.24978623339432163,-1.154807947387286,-0.8176963349223229,0.4449104061842973,0.0,0.0,0.0,0.0,0.0,0.0,0.0,0.0,0.0,1.0,0.0,0.0,0.0,0.0,0.0,0.0,0.0,0.0,0.0,0.0,0.0,0.0,0.0,0.0,0.0,0.0,6.637913124658687
-0.8398118430650046,-0.2567362456361714,-0.7172609266350096,0.24978623339432163,0.30159046840248327,0.9050096723801302,2.0968028819491016,0.0,0.0,0.0,0.0,0.0,0.0,0.0,0.0,0.0,0.0,0.0,0.0,0.0,0.0,0.0,1.0,0.0,0.0,0.0,0.0,0.0,0.0,0.0,0.0,0.0,0.0,6.717320902077632
-0.9099569949236372,-0.760856897808311,-0.7172609266350096,0.24978623339432163,-0.5722485810713784,-0.2434609991548385,-1.2409916205521354,0.0,0.0,0.0,0.0,0.0,0.0,0.0,0.0,0.0,0.0,0.0,0.0,0.0,0.0,0.0,0.0,0.0,0.0,0.0,0.0,0.0,0.0,1.0,0.0,0.0,0.0,4.758749273916392
-0.47505705340011434,-0.6679508928006707,-0.7172609266350096,0.24978623339432163,0.884149834718391,-0.2434609991548385,-0.3858943389797661,0.0,1.0,0.0,0.0,0.0,0.0,0.0,0.0,0.0,0.0,0.0,0.0,0.0,0.0,0.0,0.0,0.0,0.0,0.0,0.0,0.0,0.0,0.0,0.0,0.0,0.0,6.669434636068081
-0.18044741559385688,-0.5391493858582601,-0.7172609266350096,0.24978623339432163,0.30159046840248327,0.9050096723801302,0.7995814377455641,0.0,0.0,0.0,0.0,0.0,0.0,0.0,0.0,0.0,0.0,0.0,0.0,0.0,1.0,0.0,0.0,0.0,0.0,0.0,0.0,0.0,0.0,0.0,0.0,0.0,0.0,6.854090754396444
-0.2786506281959427,-0.4773880075293173,0.2976000088314865,0.24978623339432163,-1.737367313703194,0.9050096723801302,-0.49116199674909183,0.0,0.0,0.0,0.0,0.0,0.0,0.0,0.0,1.0,0.0,0.0,0.0,0.0,0.0,0.0,0.0,0.0,0.0,0.0,0.0,0.0,0.0,0.0,0.0,0.0,0.0,6.985484543477641
-0.8818989341801842,-0.7782767737472436,-0.7172609266350096,0.24978623339432163,0.884149834718391,-0.2434609991548385,-1.4013223608469547,0.0,0.0,0.0,0.0,0.0,0.0,0.0,0.0,0.0,0.0,0.0,0.0,0.0,0.0,0.0,1.0,0.0,0.0,0.0,0.0,0.0,0.0,0.0,0.0,0.0,0.0,4.530985287798715
-0.517144144515294,0.6786583047816624,-0.20983045890176158,0.24978623339432163,0.010310785244529358,2.053480343915099,2.0968028819491016,0.0,0.0,0.0,0.0,0.0,0.0,0.0,0.0,0.0,0.0,0.0,0.0,0.0,0.0,0.0,0.0,0.0,0.0,0.0,0.0,0.0,0.0,1.0,0.0,0.0,0.0,8.288531945584715
1.8677910186782187,1.8415669924625249,1.8198914120312308,0.24978623339432163,-1.4460876305452401,0.9050096723801302,-0.1884910757314017,0.0,0.0,0.0,0.0,0.0,0.0,0.0,0.0,0.0,0.0,0.0,0.0,0.0,0.0,0.0,0.0,0.0,0.0,0.0,0.0,0.0,0.0,0.0,0.0,1.0,0.0,10.026623347691014
0.5771202244793766,0.0124800188746047,-0.20983045890176158,0.24978623339432163,-1.4460876305452401,-1.3919316706898073,2.0968028819491016,0.0,0.0,0.0,0.0,0.0,0.0,1.0,0.0,0.0,0.0,0.0,0.0,0.0,0.0,0.0,0.0,0.0,0.0,0.0,0.0,0.0,0.0,0.0,0.0,0.0,0.0,8.046136207587304
-0.41894093191320814,-0.45996813159038474,-0.7172609266350096,0.24978623339432163,0.30159046840248327,-1.3919316706898073,1.5283575299947425,0.0,0.0,0.0,0.0,0.0,0.0,0.0,0.0,1.0,0.0,0.0,0.0,0.0,0.0,0.0,0.0,0.0,0.0,0.0,0.0,0.0,0.0,0.0,0.0,0.0,0.0,7.057958176561298
1.8677910186782187,1.8415669924625249,1.8198914120312308,0.24978623339432163,0.30159046840248327,0.9050096723801302,-0.46628055036725113,0.0,0.0,0.0,0.0,0.0,0.0,0.0,0.0,0.0,0.0,0.0,0.0,0.0,0.0,0.0,0.0,0.0,0.0,0.0,0.0,0.0,0.0,0.0,0.0,1.0,0.0,10.193957734595543
0.38071379927520493,0.15447840152832779,-0.7172609266350096,0.24978623339432163,-0.5722485810713784,0.3307743366126458,2.0968028819491016,0.0,0.0,0.0,0.0,0.0,0.0,0.0,0.0,0.0,0.0,0.0,0.0,0.0,0.0,0.0,0.0,0.0,0.0,0.0,0.0,0.0,0.0,0.0,1.0,0.0,0.0,7.778759900313973
1.8677910186782187,1.8415669924625249,1.8198914120312308,0.24978623339432163,-1.4460876305452401,0.3307743366126458,-0.3822504585185202,0.0,0.0,0.0,0.0,0.0,0.0,0.0,0.0,0.0,0.0,0.0,0.0,0.0,0.0,0.0,0.0,0.0,0.0,0.0,0.0,0.0,0.0,0.0,0.0,1.0,0.0,9.957949222317149
-0.19447644596558342,-0.7318237712434233,-0.7172609266350096,0.24978623339432163,1.4667092010342988,-0.2434609991548385,-0.97377372006077,0.0,0.0,0.0,0.0,0.0,0.0,0.0,0.0,0.0,0.0,0.0,0.0,0.0,0.0,0.0,0.0,0.0,0.0,0.0,0.0,0.0,1.0,0.0,0.0,0.0,0.0,4.977767690470639
1.8677910186782187,1.8415669924625249,1.8198914120312308,0.24978623339432163,0.884149834718391,2.053480343915099,-0.6025606279928949,0.0,0.0,0.0,0.0,0.0,0.0,0.0,0.0,0.0,0.0,0.0,0.0,0.0,0.0,0.0,0.0,0.0,0.0,0.0,0.0,0.0,0.0,0.0,0.0,1.0,0.0,9.420614263339665
-0.6574344482325595,-0.6811477685119832,-0.20983045890176158,0.24978623339432163,-0.28096889791342455,0.3307743366126458,-0.9640567054974476,0.0,0.0,0.0,0.0,0.0,0.0,1.0,0.0,0.0,0.0,0.0,0.0,0.0,0.0,0.0,0.0,0.0,0.0,0.0,0.0,0.0,0.0,0.0,0.0,0.0,0.0,5.922382385920538
-0.11030226373522414,-0.748187897125451,-0.7172609266350096,0.24978623339432163,-0.28096889791342455,-1.3919316706898073,-1.124387445792267,0.0,0.0,0.0,0.0,0.0,0.0,0.0,0.0,0.0,0.0,0.0,0.0,0.0,0.0,0.0,1.0,0.0,0.0,0.0,0.0,0.0,0.0,0.0,0.0,0.0,0.0,5.047738382047758
1.8677910186782187,1.8415669924625249,1.8198914120312308,0.24978623339432163,1.175429517876345,-0.2434609991548385,-0.19080658505460138,0.0,0.0,0.0,0.0,0.0,0.0,0.0,0.0,0.0,0.0,0.0,0.0,0.0,0.0,0.0,0.0,0.0,0.0,0.0,0.0,0.0,0.0,0.0,0.0,1.0,0.0,11.077102020578344
-0.3067086889393958,-0.514867134549445,-0.7172609266350096,0.24978623339432163,0.010310785244529358,0.9050096723801302,1.0230727727019788,0.0,0.0,0.0,0.0,0.0,0.0,0.0,0.0,1.0,0.0,0.0,0.0,0.0,0.0,0.0,0.0,0.0,0.0,0.0,0.0,0.0,0.0,0.0,0.0,0.0,0.0,6.520473841307601
-0.6434054178608329,-0.5892975135612478,-0.20983045890176158,0.24978623339432163,-1.4460876305452401,-0.2434609991548385,-0.5413665719929242,0.0,0.0,0.0,0.0,0.0,0.0,0.0,0.0,1.0,0.0,0.0,0.0,0.0,0.0,0.0,0.0,0.0,0.0,0.0,0.0,0.0,0.0,0.0,0.0,0.0,0.0,6.088500509619577
-0.7696666912063718,-0.7276007710158033,-0.7172609266350096,0.24978623339432163,0.010310785244529358,-0.8176963349223229,-0.9349056618074805,1.0,0.0,0.0,0.0,0.0,0.0,0.0,0.0,0.0,0.0,0.0,0.0,0.0,0.0,0.0,0.0,0.0,0.0,0.0,0.0,0.0,0.0,0.0,0.0,0.0,0.0,6.185920516557937
-0.7135505697194656,-0.6811477685119832,-0.7172609266350096,-4.003423192752847,1.4667092010342988,-0.8176963349223229,-0.5073570210212959,0.0,1.0,0.0,0.0,0.0,0.0,0.0,0.0,0.0,0.0,0.0,0.0,0.0,0.0,0.0,0.0,0.0,0.0,0.0,0.0,0.0,0.0,0.0,0.0,0.0,0.0,5.4761706220024395
-0.5872892963739267,-0.628360265666733,-0.7172609266350096,0.24978623339432163,-1.737367313703194,-1.3919316706898073,-0.02150629285517688,0.0,0.0,0.0,0.0,0.0,0.0,0.0,0.0,0.0,0.0,0.0,0.0,0.0,0.0,0.0,0.0,0.0,0.0,1.0,0.0,0.0,0.0,0.0,0.0,0.0,0.0,6.420353170159735
0.14222028295585368,-0.6373341411504255,-0.20983045890176158,0.24978623339432163,0.010310785244529358,-0.8176963349223229,-0.7624286533085083,0.0,0.0,0.0,0.0,0.0,0.0,0.0,0.0,0.0,0.0,0.0,0.0,0.0,0.0,0.0,0.0,0.0,0.0,0.0,0.0,0.0,0.0,0.0,0.0,0.0,0.0,6.465631373210922
0.6612944067097358,0.0837431477156925,0.2976000088314865,0.24978623339432163,0.5928701515604371,-0.2434609991548385,1.2303690833861893,0.0,0.0,0.0,0.0,0.0,0.0,0.0,0.0,1.0,0.0,0.0,0.0,0.0,0.0,0.0,0.0,0.0,0.0,0.0,0.0,0.0,0.0,0.0,0.0,0.0,0.0,7.969274722312956
-0.8538408734367311,-0.755578147523786,-0.7172609266350096,0.24978623339432163,0.010310785244529358,2.053480343915099,-1.1924065477355235,0.0,0.0,0.0,0.0,0.0,0.0,0.0,0.0,1.0,0.0,0.0,0.0,0.0,0.0,0.0,0.0,0.0,0.0,0.0,0.0,0.0,0.0,0.0,0.0,0.0,0.0,5.017941869278694
-0.4890860837718409,0.07793652240271497,-0.7172609266350096,0.24978623339432163,-0.8635282642293323,-0.8176963349223229,2.0968028819491016,0.0,0.0,0.0,0.0,0.0,0.0,0.0,0.0,0.0,0.0,0.0,0.0,0.0,0.0,1.0,0.0,0.0,0.0,0.0,0.0,0.0,0.0,0.0,0.0,0.0,0.0,8.188794674429161
1.2645427126939774,0.06315602160604492,1.8198914120312308,0.24978623339432163,1.175429517876345,0.9050096723801302,-0.3116285848172308,0.0,0.0,0.0,0.0,0.0,0.0,0.0,0.0,0.0,1.0,0.0,0.0,0.0,0.0,0.0,0.0,0.0,0.0,0.0,0.0,0.0,0.0,0.0,0.0,0.0,0.0,8.016258490798219
-0.8678699038084576,-0.7487157721539035,-0.7172609266350096,0.24978623339432163,1.4667092010342988,-1.3919316706898073,-1.129245953073928,0.0,0.0,0.0,1.0,0.0,0.0,0.0,0.0,0.0,0.0,0.0,0.0,0.0,0.0,0.0,0.0,0.0,0.0,0.0,0.0,0.0,0.0,0.0,0.0,0.0,0.0,5.295312857527738
1.8677910186782187,1.8415669924625249,1.8198914120312308,0.24978623339432163,-1.4460876305452401,0.3307743366126458,-0.3585751914779663,0.0,0.0,0.0,0.0,0.0,0.0,0.0,0.0,0.0,0.0,0.0,0.0,0.0,0.0,0.0,0.0,0.0,0.0,0.0,0.0,0.0,0.0,0.0,0.0,1.0,0.0,10.092775206304905
-0.3768538407980285,-0.6394456412642355,-0.7172609266350096,0.24978623339432163,0.5928701515604371,-0.2434609991548385,-0.12353494577006185,0.0,1.0,0.0,0.0,0.0,0.0,0.0,0.0,0.0,0.0,0.0,0.0,0.0,0.0,0.0,0.0,0.0,0.0,0.0,0.0,0.0,0.0,0.0,0.0,0.0,0.0,6.722617761088698
1.8677910186782187,1.8415669924625249,1.8198914120312308,0.24978623339432163,1.4667092010342988,0.3307743366126458,-0.02750549315079324,0.0,0.0,0.0,0.0,0.0,0.0,0.0,0.0,0.0,0.0,0.0,0.0,0.0,0.0,0.0,0.0,0.0,0.0,0.0,0.0,0.0,0.0,0.0,0.0,1.0,0.0,11.278771015600224
-0.7416086304629187,-0.18600099182353613,-0.7172609266350096,0.24978623339432163,-1.4460876305452401,-0.8176963349223229,2.0968028819491016,0.0,0.0,0.0,0.0,0.0,0.0,0.0,0.0,0.0,0.0,0.0,0.0,0.0,0.0,0.0,1.0,0.0,0.0,0.0,0.0,0.0,0.0,0.0,0.0,0.0,0.0,7.175703921743529
1.8677910186782187,1.8415669924625249,1.8198914120312308,0.24978623339432163,0.010310785244529358,2.053480343915099,0.0753039633497757,0.0,0.0,0.0,0.0,0.0,0.0,0.0,0.0,0.0,0.0,0.0,0.0,0.0,0.0,0.0,0.0,0.0,0.0,0.0,0.0,0.0,0.0,0.0,0.0,1.0,0.0,10.142345779001252
-0.9239860252953638,-0.7677192731781936,-0.7172609266350096,0.24978623339432163,-0.28096889791342455,0.3307743366126458,-1.3041522152137308,0.0,0.0,0.0,0.0,0.0,0.0,0.0,0.0,0.0,0.0,0.0,0.0,0.0,1.0,0.0,0.0,0.0,0.0,0.0,0.0,0.0,0.0,0.0,0.0,0.0,0.0,3.7832801295354206
-0.7135505697194656,-0.6373341411504255,-0.7172609266350096,0.24978623339432163,1.175429517876345,-1.3919316706898073,-0.1041009166434171,0.0,0.0,0.0,0.0,0.0,0.0,0.0,0.0,1.0,0.0,0.0,0.0,0.0,0.0,0.0,0.0,0.0,0.0,0.0,0.0,0.0,0.0,0.0,0.0,0.0,0.0,5.988259416159034
-0.5592312356304736,-0.655809767146263,-0.7172609266350096,0.24978623339432163,0.884149834718391,-0.8176963349223229,-0.27414867150155875,0.0,0.0,0.0,0.0,0.0,0.0,0.0,0.0,0.0,0.0,1.0,0.0,0.0,0.0,0.0,0.0,0.0,0.0,0.0,0.0,0.0,0.0,0.0,0.0,0.0,0.0,6.0507235309829035
1.8677910186782187,1.8415669924625249,1.8198914120312308,0.24978623339432163,-1.154807947387286,-0.8176963349223229,-0.6490986899775852,0.0,0.0,0.0,0.0,0.0,0.0,0.0,0.0,0.0,0.0,0.0,0.0,0.0,0.0,0.0,0.0,0.0,0.0,0.0,0.0,0.0,0.0,0.0,0.0,1.0,0.0,9.719433095136845
-0.7556376608346452,-0.6938167691948433,-0.20983045890176158,0.24978623339432163,-1.154807947387286,-1.3919316706898073,-1.0223587928773819,0.0,0.0,0.0,0.0,0.0,0.0,0.0,0.0,0.0,0.0,0.0,0.0,0.0,1.0,0.0,0.0,0.0,0.0,0.0,0.0,0.0,0.0,0.0,0.0,0.0,0.0,5.788429948716486
-0.33476674968284886,-0.40401337857441955,-0.20983045890176158,0.24978623339432163,-1.4460876305452401,0.9050096723801302,0.3113014559386146,0.0,0.0,0.0,0.0,0.0,0.0,0.0,0.0,0.0,1.0,0.0,0.0,0.0,0.0,0.0,0.0,0.0,0.0,0.0,0.0,0.0,0.0,0.0,0.0,0.0,0.0,7.171195887060883
0.19833640444275985,1.8415669924625249,-0.20983045890176158,0.24978623339432163,0.884149834718391,-0.2434609991548385,2.0968028819491016,0.0,0.0,0.0,0.0,0.0,0.0,0.0,0.0,0.0,0.0,0.0,0.0,0.0,0.0,0.0,0.0,0.0,0.0,0.0,0.0,0.0,0.0,0.0,0.0,0.0,0.0,9.709463993608265
0.3947428296469315,-0.19127974210806115,0.2976000088314865,0.24978623339432163,0.5928701515604371,0.9050096723801302,0.386608318804363,0.0,0.0,0.0,0.0,0.0,0.0,0.0,0.0,1.0,0.0,0.0,0.0,0.0,0.0,0.0,0.0,0.0,0.0,0.0,0.0,0.0,0.0,0.0,0.0,0.0,0.0,7.638101900531189
-0.04015711187659142,-0.4436040057083572,-0.20983045890176158,0.24978623339432163,1.175429517876345,2.053480343915099,0.12910743287631998,0.0,0.0,0.0,1.0,0.0,0.0,0.0,0.0,0.0,0.0,0.0,0.0,0.0,0.0,0.0,0.0,0.0,0.0,0.0,0.0,0.0,0.0,0.0,0.0,0.0,0.0,7.173299098686906
-0.9239860252953638,0.29647678418205087,-0.7172609266350096,0.24978623339432163,1.175429517876345,-0.8176963349223229,2.0968028819491016,0.0,0.0,0.0,0.0,0.0,0.0,0.0,0.0,0.0,0.0,0.0,0.0,0.0,0.0,1.0,0.0,0.0,0.0,0.0,0.0,0.0,0.0,0.0,0.0,0.0,0.0,8.203194521757942
-0.517144144515294,-0.5206737598624225,-0.20983045890176158,0.24978623339432163,1.4667092010342988,0.3307743366126458,-0.22556359868494683,0.0,0.0,0.0,0.0,0.0,0.0,0.0,0.0,1.0,0.0,0.0,0.0,0.0,0.0,0.0,0.0,0.0,0.0,0.0,0.0,0.0,0.0,0.0,0.0,0.0,0.0,6.837751182093363
-0.2786506281959427,-0.5122277594071825,-0.20983045890176158,0.24978623339432163,1.175429517876345,0.3307743366126458,-0.18669554043165731,0.0,0.0,0.0,0.0,0.0,0.0,0.0,0.0,0.0,0.0,0.0,0.0,0.0,0.0,0.0,0.0,0.0,0.0,0.0,0.0,0.0,1.0,0.0,0.0,0.0,0.0,7.077548685198821
1.8677910186782187,1.8415669924625249,1.8198914120312308,-4.003423192752847,1.4667092010342988,-0.8176963349223229,-0.6021474896186039,0.0,0.0,0.0,0.0,0.0,0.0,0.0,0.0,0.0,0.0,0.0,0.0,0.0,0.0,0.0,0.0,0.0,0.0,0.0,0.0,0.0,0.0,0.0,0.0,1.0,0.0,10.523498288856239
1.8677910186782187,1.8415669924625249,1.8198914120312308,0.24978623339432163,-0.8635282642293323,2.053480343915099,-0.4702330423050129,0.0,0.0,0.0,0.0,0.0,0.0,0.0,0.0,0.0,0.0,0.0,0.0,0.0,0.0,0.0,0.0,0.0,0.0,0.0,0.0,0.0,0.0,0.0,0.0,1.0,0.0,9.363021973235753
-0.8538408734367311,-0.7323516462718759,-0.7172609266350096,0.24978623339432163,1.175429517876345,-0.8176963349223229,-0.9786322273424312,0.0,0.0,0.0,0.0,0.0,0.0,0.0,1.0,0.0,0.0,0.0,0.0,0.0,0.0,0.0,0.0,0.0,0.0,0.0,0.0,0.0,0.0,0.0,0.0,0.0,0.0,5.430222437427975
-0.4890860837718409,-0.393983753033822,-0.7172609266350096,0.24978623339432163,-0.8635282642293323,-0.8176963349223229,2.0968028819491016,0.0,0.0,0.0,0.0,0.0,0.0,0.0,0.0,0.0,0.0,1.0,0.0,0.0,0.0,0.0,0.0,0.0,0.0,0.0,0.0,0.0,0.0,0.0,0.0,0.0,0.0,7.339953193491974
1.8677910186782187,1.8415669924625249,1.8198914120312308,0.24978623339432163,0.884149834718391,0.9050096723801302,-0.16907438715637874,0.0,0.0,0.0,0.0,0.0,0.0,0.0,0.0,0.0,0.0,0.0,0.0,0.0,0.0,0.0,0.0,0.0,0.0,0.0,0.0,0.0,0.0,0.0,0.0,1.0,0.0,10.247945674069102
-0.6434054178608329,-0.33961262510321427,-0.20983045890176158,0.24978623339432163,-1.154807947387286,0.9050096723801302,0.6076704001199471,0.0,0.0,0.0,0.0,0.0,0.0,0.0,0.0,0.0,0.0,0.0,0.0,0.0,0.0,0.0,1.0,0.0,0.0,0.0,0.0,0.0,0.0,0.0,0.0,0.0,0.0,7.355327954906982
-0.2786506281959427,-0.4430761306799047,0.8050304765647346,0.24978623339432163,1.175429517876345,-0.8176963349223229,-0.6446098517282244,0.0,0.0,0.0,0.0,0.0,0.0,0.0,0.0,0.0,1.0,0.0,0.0,0.0,0.0,0.0,0.0,0.0,0.0,0.0,0.0,0.0,0.0,0.0,0.0,0.0,0.0,7.2151370322548205
-0.20850547633730998,-0.4161545042288271,-0.7172609266350096,0.24978623339432163,-1.737367313703194,-0.2434609991548385,1.9316136343726213,0.0,0.0,0.0,0.0,0.0,0.0,1.0,0.0,0.0,0.0,0.0,0.0,0.0,0.0,0.0,0.0,0.0,0.0,0.0,0.0,0.0,0.0,0.0,0.0,0.0,0.0,6.689051855693949
-0.15238935485040378,-0.2044766178193737,-0.7172609266350096,0.24978623339432163,-1.737367313703194,-0.8176963349223229,2.0968028819491016,0.0,0.0,0.0,0.0,0.0,0.0,0.0,0.0,0.0,0.0,0.0,0.0,0.0,0.0,0.0,0.0,0.0,0.0,0.0,0.0,1.0,0.0,0.0,0.0,0.0,0.0,7.627578469752005
-0.825782812693278,-0.6331111409228055,-0.20983045890176158,0.24978623339432163,-0.5722485810713784,-0.2434609991548385,-0.7429946241818635,0.0,0.0,0.0,0.0,0.0,0.0,0.0,0.0,0.0,0.0,0.0,0.0,0.0,0.0,0.0,1.0,0.0,0.0,0.0,0.0,0.0,0.0,0.0,0.0,0.0,0.0,6.7158681173184815
-0.5872892963739267,-0.6341668909797105,-0.20983045890176158,0.24978623339432163,1.175429517876345,-1.3919316706898073,-0.7478531314635247,0.0,0.0,0.0,0.0,0.0,0.0,0.0,0.0,0.0,1.0,0.0,0.0,0.0,0.0,0.0,0.0,0.0,0.0,0.0,0.0,0.0,0.0,0.0,0.0,0.0,0.0,6.309645513756943
0.40877186001865806,-0.27890699683117653,-0.20983045890176158,0.24978623339432163,0.5928701515604371,0.3307743366126458,0.8870345688154655,0.0,0.0,0.0,0.0,0.0,0.0,1.0,0.0,0.0,0.0,0.0,0.0,0.0,0.0,0.0,0.0,0.0,0.0,0.0,0.0,0.0,0.0,0.0,0.0,0.0,0.0,7.645904505461867
-0.6995215393477391,-0.6584491422885256,-0.7172609266350096,0.24978623339432163,-0.5722485810713784,-1.3919316706898073,-0.29844120790986467,0.0,0.0,0.0,0.0,0.0,0.0,0.0,0.0,0.0,0.0,0.0,0.0,0.0,0.0,0.0,0.0,0.0,0.0,0.0,0.0,0.0,0.0,0.0,0.0,0.0,0.0,6.159285645233409
-0.7416086304629187,-0.6943446442232958,-0.7172609266350096,0.24978623339432163,0.5928701515604371,0.9050096723801302,-0.6288197030628255,0.0,0.0,0.0,0.0,0.0,0.0,0.0,0.0,0.0,0.0,0.0,0.0,0.0,0.0,0.0,0.0,0.0,0.0,0.0,0.0,0.0,0.0,1.0,0.0,0.0,0.0,5.738022857810901
1.8677910186782187,1.8415669924625249,1.8198914120312308,-4.003423192752847,1.4667092010342988,-1.3919316706898073,-0.36696118689246787,0.0,0.0,0.0,0.0,0.0,0.0,0.0,0.0,0.0,0.0,0.0,0.0,0.0,0.0,0.0,0.0,0.0,0.0,0.0,0.0,0.0,0.0,0.0,0.0,1.0,0.0,10.884125287209388
-0.9099569949236372,-0.7170432704467533,-0.7172609266350096,0.24978623339432163,0.010310785244529358,2.053480343915099,-0.8377355161742567,0.0,0.0,0.0,0.0,0.0,0.0,0.0,0.0,0.0,0.0,0.0,0.0,0.0,0.0,1.0,0.0,0.0,0.0,0.0,0.0,0.0,0.0,0.0,0.0,0.0,0.0,5.1647859739235145
-0.6293763874891063,-0.6742853931421007,-0.7172609266350096,0.24978623339432163,-0.8635282642293323,0.9050096723801302,-0.44419642635970036,0.0,0.0,0.0,0.0,0.0,0.0,0.0,0.0,0.0,0.0,0.0,0.0,0.0,0.0,0.0,0.0,0.0,0.0,0.0,0.0,0.0,0.0,1.0,0.0,0.0,0.0,6.188469440812497
-0.825782812693278,-0.7038463947354408,-0.7172609266350096,0.24978623339432163,0.5928701515604371,0.9050096723801302,-0.7162728341327269,0.0,0.0,0.0,0.0,0.0,0.0,0.0,0.0,0.0,0.0,0.0,0.0,0.0,0.0,0.0,1.0,0.0,0.0,0.0,0.0,0.0,0.0,0.0,0.0,0.0,0.0,5.234098794221386
1.8677910186782187,1.8415669924625249,1.8198914120312308,0.24978623339432163,-0.28096889791342455,0.3307743366126458,-0.2355961007340914,0.0,0.0,0.0,0.0,0.0,0.0,0.0,0.0,0.0,0.0,0.0,0.0,0.0,0.0,0.0,0.0,0.0,0.0,0.0,0.0,0.0,0.0,0.0,0.0,1.0,0.0,10.33924129358199
-0.18044741559385688,-0.43304650513930715,0.8050304765647346,0.24978623339432163,-1.4460876305452401,-1.3919316706898073,-0.6215319421403338,0.0,0.0,0.0,0.0,0.0,0.0,0.0,0.0,1.0,0.0,0.0,0.0,0.0,0.0,0.0,0.0,0.0,0.0,0.0,0.0,0.0,0.0,0.0,0.0,0.0,0.0,7.281048373383951
-0.2786506281959427,-0.43515800525311715,-0.7172609266350096,0.24978623339432163,-0.5722485810713784,-0.8176963349223229,1.7567073722328184,0.0,0.0,0.0,0.0,0.0,0.0,0.0,0.0,0.0,0.0,0.0,0.0,0.0,0.0,0.0,0.0,0.0,0.0,0.0,0.0,0.0,0.0,0.0,0.0,0.0,1.0,6.74955641630831
-0.5031151141435675,-0.5681825124231478,-0.20983045890176158,0.24978623339432163,-0.8635282642293323,2.053480343915099,-0.44419642635970036,0.0,0.0,0.0,0.0,0.0,0.0,0.0,0.0,1.0,0.0,0.0,0.0,0.0,0.0,0.0,0.0,0.0,0.0,0.0,0.0,0.0,0.0,0.0,0.0,0.0,0.0,6.447654454707758
0.22639446518621295,1.8415669924625249,-0.20983045890176158,0.24978623339432163,1.4667092010342988,-0.2434609991548385,2.0968028819491016,0.0,0.0,0.0,0.0,0.0,0.0,0.0,0.0,0.0,0.0,0.0,0.0,0.0,0.0,0.0,1.0,0.0,0.0,0.0,0.0,0.0,0.0,0.0,0.0,0.0,0.0,9.348224029739567
1.8677910186782187,1.8415669924625249,1.8198914120312308,0.24978623339432163,-1.737367313703194,0.3307743366126458,-0.3419364159552125,0.0,0.0,0.0,0.0,0.0,0.0,0.0,0.0,0.0,0.0,0.0,0.0,0.0,0.0,0.0,0.0,0.0,0.0,0.0,0.0,0.0,0.0,0.0,0.0,1.0,0.0,9.812661454194766
-0.3207377193111223,0.4907347946525717,-0.7172609266350096,0.24978623339432163,0.5928701515604371,0.3307743366126458,2.0968028819491016,0.0,0.0,0.0,0.0,0.0,0.0,0.0,0.0,0.0,0.0,0.0,0.0,0.0,0.0,0.0,0.0,0.0,0.0,0.0,0.0,0.0,0.0,0.0,1.0,0.0,0.0,8.48913110853125
-0.6854925089760125,-0.6093567646424429,-0.20983045890176158,0.24978623339432163,-0.5722485810713784,0.9050096723801302,-0.6336782103444868,0.0,0.0,0.0,0.0,0.0,0.0,0.0,0.0,0.0,1.0,0.0,0.0,0.0,0.0,0.0,0.0,0.0,0.0,0.0,0.0,0.0,0.0,0.0,0.0,0.0,0.0,6.7824187876708395
-0.5732602660022001,-0.6647836426299556,-0.20983045890176158,0.24978623339432163,1.175429517876345,-0.2434609991548385,-0.8887498426316992,0.0,0.0,0.0,0.0,0.0,0.0,0.0,0.0,1.0,0.0,0.0,0.0,0.0,0.0,0.0,0.0,0.0,0.0,0.0,0.0,0.0,0.0,0.0,0.0,0.0,0.0,5.856160155077084
-0.7696666912063718,-0.7038463947354408,-0.7172609266350096,0.24978623339432163,-1.737367313703194,0.9050096723801302,-0.7162728341327269,0.0,0.0,0.0,0.0,0.0,0.0,0.0,0.0,0.0,0.0,0.0,0.0,0.0,1.0,0.0,0.0,0.0,0.0,0.0,0.0,0.0,0.0,0.0,0.0,0.0,0.0,5.834810737062605
-0.9239860252953638,-0.7782767737472436,-0.7172609266350096,0.24978623339432163,0.5928701515604371,0.3307743366126458,-1.4013223608469547,0.0,0.0,0.0,0.0,0.0,0.0,0.0,0.0,0.0,0.0,0.0,0.0,0.0,0.0,0.0,0.0,0.0,0.0,0.0,0.0,0.0,0.0,0.0,1.0,0.0,0.0,5.081404364984463
-0.7696666912063718,-0.6125240148131579,-0.7172609266350096,0.24978623339432163,0.884149834718391,-0.2434609991548385,0.1242489255946588,0.0,0.0,0.0,0.0,0.0,0.0,0.0,0.0,0.0,0.0,0.0,0.0,0.0,0.0,0.0,0.0,0.0,0.0,0.0,0.0,0.0,1.0,0.0,0.0,0.0,0.0,5.855988407545532
0.19833640444275985,-0.2023651177055637,0.2976000088314865,0.24978623339432163,0.884149834718391,-0.2434609991548385,0.3525987678327347,0.0,0.0,0.0,1.0,0.0,0.0,0.0,0.0,0.0,0.0,0.0,0.0,0.0,0.0,0.0,0.0,0.0,0.0,0.0,0.0,0.0,0.0,0.0,0.0,0.0,0.0,7.474204806496124
0.2684815563013926,0.3033391595519334,1.3124609442979827,0.24978623339432163,0.884149834718391,0.9050096723801302,0.574146699876485,0.0,0.0,0.0,0.0,0.0,0.0,0.0,0.0,0.0,1.0,0.0,0.0,0.0,0.0,0.0,0.0,0.0,0.0,0.0,0.0,0.0,0.0,0.0,0.0,0.0,0.0,7.961317899096523
0.3666847689034784,0.09482852331319504,1.8198914120312308,-4.003423192752847,1.4667092010342988,0.9050096723801302,-0.41383075584931794,0.0,0.0,0.0,0.0,0.0,0.0,0.0,0.0,0.0,1.0,0.0,0.0,0.0,0.0,0.0,0.0,0.0,0.0,0.0,0.0,0.0,0.0,0.0,0.0,0.0,0.0,8.453575845866125
0.0019299792385882172,-0.40401337857441955,-0.7172609266350096,0.24978623339432163,-0.8635282642293323,0.9050096723801302,2.0433593018508285,0.0,0.0,0.0,0.0,0.0,0.0,1.0,0.0,0.0,0.0,0.0,0.0,0.0,0.0,0.0,0.0,0.0,0.0,0.0,0.0,0.0,0.0,0.0,0.0,0.0,0.0,7.250060470795794
-0.22253450670903652,-0.4420203806229997,-0.20983045890176158,0.24978623339432163,-1.737367313703194,2.053480343915099,0.13639519379881176,0.0,0.0,0.0,0.0,0.0,0.0,0.0,0.0,0.0,0.0,0.0,0.0,0.0,0.0,0.0,0.0,0.0,0.0,0.0,1.0,0.0,0.0,0.0,0.0,0.0,0.0,7.004119448598549
-0.7556376608346452,-0.7207383956459209,-0.7172609266350096,0.24978623339432163,-1.737367313703194,-0.2434609991548385,-0.8717450671458851,0.0,0.0,0.0,0.0,0.0,0.0,0.0,0.0,0.0,0.0,0.0,0.0,0.0,0.0,0.0,0.0,0.0,0.0,0.0,0.0,0.0,0.0,0.0,0.0,0.0,0.0,5.4785534168509695
-0.8678699038084576,-0.769302898263551,-0.7172609266350096,0.24978623339432163,1.175429517876345,-0.8176963349223229,-1.3187277370587145,0.0,1.0,0.0,0.0,0.0,0.0,0.0,0.0,0.0,0.0,0.0,0.0,0.0,0.0,0.0,0.0,0.0,0.0,0.0,0.0,0.0,0.0,0.0,0.0,0.0,0.0,5.645093478307522
-0.15238935485040378,-0.5270082602038525,-0.20983045890176158,0.24978623339432163,0.5928701515604371,-1.3919316706898073,-0.254714642374914,0.0,0.0,0.0,0.0,0.0,0.0,1.0,0.0,0.0,0.0,0.0,0.0,0.0,0.0,0.0,0.0,0.0,0.0,0.0,0.0,0.0,0.0,0.0,0.0,0.0,0.0,7.053706722466366
1.306629803809157,-0.21397836833151873,-0.20983045890176158,0.24978623339432163,-0.28096889791342455,0.3307743366126458,1.1858327666376287,0.0,0.0,0.0,0.0,0.0,0.0,0.0,0.0,0.0,1.0,0.0,0.0,0.0,0.0,0.0,0.0,0.0,0.0,0.0,0.0,0.0,0.0,0.0,0.0,0.0,0.0,7.597501683452661
-0.671463478604286,-0.5861302633905328,-0.7172609266350096,0.24978623339432163,-0.5722485810713784,-0.2434609991548385,0.36717428967771826,0.0,0.0,0.0,0.0,0.0,1.0,0.0,0.0,0.0,0.0,0.0,0.0,0.0,0.0,0.0,0.0,0.0,0.0,0.0,0.0,0.0,0.0,0.0,0.0,0.0,0.0,6.247462435293139
1.8677910186782187,1.8415669924625249,1.8198914120312308,0.24978623339432163,-0.5722485810713784,-0.8176963349223229,-0.4528092347226452,0.0,0.0,0.0,0.0,0.0,0.0,0.0,0.0,0.0,0.0,0.0,0.0,0.0,0.0,0.0,0.0,0.0,0.0,0.0,0.0,0.0,0.0,0.0,0.0,1.0,0.0,10.700787519742729
-0.825782812693278,-0.7228498957597309,-0.7172609266350096,0.24978623339432163,-0.28096889791342455,-0.8176963349223229,-0.8911790962725298,0.0,0.0,0.0,0.0,0.0,0.0,0.0,0.0,1.0,0.0,0.0,0.0,0.0,0.0,0.0,0.0,0.0,0.0,0.0,0.0,0.0,0.0,0.0,0.0,0.0,0.0,4.907346704590325
-0.9239860252953638,-0.779860398832601,-0.7172609266350096,0.24978623339432163,0.884149834718391,0.9050096723801302,-1.4158978826919382,0.0,0.0,0.0,0.0,0.0,0.0,0.0,0.0,0.0,0.0,0.0,0.0,0.0,0.0,0.0,0.0,0.0,0.0,0.0,0.0,0.0,0.0,1.0,0.0,0.0,0.0,2.772588722239781
-0.362824810426302,-0.5423166360289751,0.8050304765647346,0.24978623339432163,-0.5722485810713784,-1.3919316706898073,-0.8729596939663004,0.0,0.0,0.0,0.0,0.0,0.0,0.0,0.0,0.0,1.0,0.0,0.0,0.0,0.0,0.0,0.0,0.0,0.0,0.0,0.0,0.0,0.0,0.0,0.0,0.0,0.0,6.930152576424176
-0.7836957215780983,-0.5365100107159976,-0.7172609266350096,0.24978623339432163,0.30159046840248327,-1.3919316706898073,0.8238739741538701,0.0,0.0,0.0,0.0,0.0,0.0,0.0,0.0,0.0,1.0,0.0,0.0,0.0,0.0,0.0,0.0,0.0,0.0,0.0,0.0,0.0,0.0,0.0,0.0,0.0,0.0,5.937852777659333
-0.517144144515294,-0.389760752806202,-0.20983045890176158,0.24978623339432163,-0.28096889791342455,0.3307743366126458,0.37689130424104067,0.0,0.0,0.0,0.0,0.0,0.0,0.0,0.0,0.0,0.0,0.0,0.0,0.0,0.0,0.0,0.0,0.0,0.0,0.0,0.0,0.0,0.0,0.0,0.0,0.0,0.0,7.474182104762846
-0.6293763874891063,-0.6668951427437656,-0.20983045890176158,0.24978623339432163,-0.8635282642293323,0.3307743366126458,-0.8984668571950216,0.0,0.0,0.0,0.0,0.0,0.0,0.0,0.0,0.0,1.0,0.0,0.0,0.0,0.0,0.0,0.0,0.0,0.0,0.0,0.0,0.0,0.0,0.0,0.0,0.0,0.0,5.949600343009283
-0.3768538407980285,-0.5607922620248127,-0.20983045890176158,0.24978623339432163,0.010310785244529358,0.9050096723801302,-0.410186875388072,0.0,0.0,0.0,0.0,0.0,0.0,0.0,0.0,0.0,1.0,0.0,0.0,0.0,0.0,0.0,0.0,0.0,0.0,0.0,0.0,0.0,0.0,0.0,0.0,0.0,0.0,7.199013449566031
0.19833640444275985,-0.28207424700189154,-0.7172609266350096,0.24978623339432163,-1.154807947387286,-0.2434609991548385,2.0968028819491016,0.0,0.0,0.0,1.0,0.0,0.0,0.0,0.0,0.0,0.0,0.0,0.0,0.0,0.0,0.0,0.0,0.0,0.0,0.0,0.0,0.0,0.0,0.0,0.0,0.0,0.0,7.363507842458012
-0.5031151141435675,-0.4742207573586023,-0.7172609266350096,0.24978623339432163,0.30159046840248327,-1.3919316706898073,1.3971778333898903,0.0,0.0,0.0,0.0,0.0,0.0,1.0,0.0,0.0,0.0,0.0,0.0,0.0,0.0,0.0,0.0,0.0,0.0,0.0,0.0,0.0,0.0,0.0,0.0,0.0,0.0,6.149365329360255
-0.4610280230283878,-0.5412608859720701,-0.7172609266350096,0.24978623339432163,1.175429517876345,0.3307743366126458,0.7801474086189194,0.0,0.0,0.0,0.0,0.0,0.0,0.0,0.0,0.0,0.0,0.0,0.0,0.0,0.0,0.0,0.0,0.0,0.0,0.0,0.0,0.0,0.0,0.0,0.0,0.0,1.0,6.451338923244918
-0.9239860252953638,-0.7788046487756961,0.2976000088314865,0.24978623339432163,-0.5722485810713784,-1.3919316706898073,-1.4158978826919382,0.0,0.0,0.0,0.0,0.0,0.0,0.0,0.0,0.0,0.0,0.0,0.0,0.0,0.0,0.0,0.0,0.0,0.0,0.0,1.0,0.0,0.0,0.0,0.0,0.0,0.0,8.020493984985148
0.4228008903903846,1.8415669924625249,-0.7172609266350096,0.24978623339432163,0.30159046840248327,0.3307743366126458,2.0968028819491016,0.0,0.0,0.0,0.0,0.0,0.0,0.0,0.0,0.0,0.0,0.0,0.0,0.0,0.0,0.0,0.0,0.0,0.0,0.0,0.0,0.0,0.0,0.0,0.0,0.0,0.0,9.993394067898638
-0.22253450670903652,-0.5011423838096799,-0.20983045890176158,0.24978623339432163,-0.28096889791342455,2.053480343915099,-0.13568121397421484,0.0,0.0,0.0,0.0,0.0,0.0,0.0,0.0,0.0,1.0,0.0,0.0,0.0,0.0,0.0,0.0,0.0,0.0,0.0,0.0,0.0,0.0,0.0,0.0,0.0,0.0,6.911378706432904
-0.9239860252953638,-0.7782767737472436,-0.7172609266350096,0.24978623339432163,-1.4460876305452401,-0.2434609991548385,-1.4013223608469547,0.0,0.0,0.0,0.0,0.0,0.0,1.0,0.0,0.0,0.0,0.0,0.0,0.0,0.0,0.0,0.0,0.0,0.0,0.0,0.0,0.0,0.0,0.0,0.0,0.0,0.0,2.772588722239781
-0.9099569949236372,-0.7788046487756961,-0.7172609266350096,0.24978623339432163,0.30159046840248327,2.053480343915099,-1.4061808681286159,0.0,0.0,0.0,0.0,0.0,0.0,0.0,0.0,0.0,0.0,0.0,0.0,0.0,0.0,0.0,0.0,0.0,0.0,0.0,0.0,0.0,1.0,0.0,0.0,0.0,0.0,2.6567569067146595
-0.05418614224831796,-0.4367416303384747,-0.7172609266350096,0.24978623339432163,0.30159046840248327,-1.3919316706898073,1.742131850387835,0.0,0.0,0.0,0.0,0.0,0.0,0.0,0.0,0.0,1.0,0.0,0.0,0.0,0.0,0.0,0.0,0.0,0.0,0.0,0.0,0.0,0.0,0.0,0.0,0.0,0.0,6.9940980992041535
1.8677910186782187,1.8415669924625249,1.8198914120312308,0.24978623339432163,0.30159046840248327,2.053480343915099,-0.5619733442565216,0.0,0.0,0.0,0.0,0.0,0.0,0.0,0.0,0.0,0.0,0.0,0.0,0.0,0.0,0.0,0.0,0.0,0.0,0.0,0.0,0.0,0.0,0.0,0.0,1.0,0.0,8.918986232397412
-0.33476674968284886,-0.49903088369586995,-0.7172609266350096,0.24978623339432163,-1.154807947387286,0.9050096723801302,1.1688279911518145,0.0,0.0,0.0,0.0,0.0,0.0,1.0,0.0,0.0,0.0,0.0,0.0,0.0,0.0,0.0,0.0,0.0,0.0,0.0,0.0,0.0,0.0,0.0,0.0,0.0,0.0,6.621898206870374
1.8677910186782187,1.8415669924625249,1.8198914120312308,0.24978623339432163,-1.4460876305452401,0.9050096723801302,-0.37315425321896556,0.0,0.0,0.0,0.0,0.0,0.0,0.0,0.0,0.0,0.0,0.0,0.0,0.0,0.0,0.0,0.0,0.0,0.0,0.0,0.0,0.0,0.0,0.0,0.0,1.0,0.0,9.848349508139359
-0.7275796000911922,-0.7196826455890158,-0.20983045890176158,0.24978623339432163,0.884149834718391,-0.8176963349223229,-1.141392221278081,0.0,0.0,0.0,0.0,0.0,0.0,0.0,0.0,1.0,0.0,0.0,0.0,0.0,0.0,0.0,0.0,0.0,0.0,0.0,0.0,0.0,0.0,0.0,0.0,0.0,0.0,5.881370624310908
-0.362824810426302,-0.4900570082121774,0.2976000088314865,0.24978623339432163,1.175429517876345,0.9050096723801302,-0.5300300550023813,0.0,0.0,0.0,0.0,0.0,0.0,0.0,0.0,1.0,0.0,0.0,0.0,0.0,0.0,0.0,0.0,0.0,0.0,0.0,0.0,0.0,0.0,0.0,0.0,0.0,0.0,6.978847279089551
-0.6574344482325595,-0.7223220207312784,-0.7172609266350096,0.24978623339432163,-1.737367313703194,0.9050096723801302,-0.8863205889908686,0.0,0.0,0.0,0.0,0.0,0.0,0.0,0.0,0.0,0.0,0.0,0.0,0.0,0.0,0.0,0.0,0.0,0.0,0.0,0.0,0.0,0.0,0.0,0.0,0.0,0.0,5.955008010097367
1.8677910186782187,1.8415669924625249,1.8198914120312308,0.24978623339432163,1.175429517876345,0.3307743366126458,0.25377466227383905,0.0,0.0,0.0,0.0,0.0,0.0,0.0,0.0,0.0,0.0,0.0,0.0,0.0,0.0,0.0,0.0,0.0,0.0,0.0,0.0,0.0,0.0,0.0,0.0,1.0,0.0,10.99923858504546
-0.7836957215780983,-0.6811477685119832,-0.7172609266350096,0.24978623339432163,-0.28096889791342455,0.3307743366126458,-0.5073570210212959,0.0,0.0,0.0,0.0,0.0,0.0,0.0,0.0,0.0,0.0,0.0,0.0,0.0,0.0,0.0,0.0,0.0,0.0,0.0,0.0,0.0,0.0,1.0,0.0,0.0,0.0,5.771285347757787
1.8677910186782187,1.8415669924625249,1.8198914120312308,0.24978623339432163,0.30159046840248327,0.3307743366126458,0.2958149639783196,0.0,0.0,0.0,0.0,0.0,0.0,0.0,0.0,0.0,0.0,0.0,0.0,0.0,0.0,0.0,0.0,0.0,0.0,0.0,0.0,0.0,0.0,0.0,0.0,1.0,0.0,10.830467747978147
0.02998803998204131,1.8415669924625249,-0.7172609266350096,0.24978623339432163,-1.4460876305452401,-0.8176963349223229,2.0968028819491016,0.0,0.0,0.0,0.0,0.0,0.0,0.0,0.0,0.0,0.0,0.0,0.0,0.0,0.0,0.0,0.0,0.0,0.0,0.0,0.0,0.0,0.0,0.0,0.0,0.0,0.0,9.54851972207824
-0.5732602660022001,-0.5180343847201601,-0.20983045890176158,0.24978623339432163,-0.5722485810713784,-1.3919316706898073,-0.21341733048079387,0.0,0.0,0.0,0.0,0.0,0.0,0.0,0.0,1.0,0.0,0.0,0.0,0.0,0.0,0.0,0.0,0.0,0.0,0.0,0.0,0.0,0.0,0.0,0.0,0.0,0.0,6.320588421959424
1.8677910186782187,1.8415669924625249,1.8198914120312308,0.24978623339432163,-0.28096889791342455,-0.8176963349223229,-0.2319978380579576,0.0,0.0,0.0,0.0,0.0,0.0,0.0,0.0,0.0,0.0,0.0,0.0,0.0,0.0,0.0,0.0,0.0,0.0,0.0,0.0,0.0,0.0,0.0,0.0,1.0,0.0,10.510383521652845
-0.7836957215780983,-0.6890658939387707,-0.7172609266350096,0.24978623339432163,1.4667092010342988,-1.3919316706898073,-0.5802346302462137,0.0,0.0,0.0,0.0,0.0,1.0,0.0,0.0,0.0,0.0,0.0,0.0,0.0,0.0,0.0,0.0,0.0,0.0,0.0,0.0,0.0,0.0,0.0,0.0,0.0,0.0,5.135210028677887
-0.23656353708076305,-0.5116998843787299,-0.7172609266350096,0.24978623339432163,0.5928701515604371,2.053480343915099,1.052223816391946,0.0,0.0,0.0,0.0,0.0,0.0,0.0,0.0,1.0,0.0,0.0,0.0,0.0,0.0,0.0,0.0,0.0,0.0,0.0,0.0,0.0,0.0,0.0,0.0,0.0,0.0,6.79438499280983
-0.1243312941069507,-0.4900570082121774,-0.7172609266350096,0.24978623339432163,0.30159046840248327,-1.3919316706898073,1.2514226149400547,1.0,0.0,0.0,0.0,0.0,0.0,0.0,0.0,0.0,0.0,0.0,0.0,0.0,0.0,0.0,0.0,0.0,0.0,0.0,0.0,0.0,0.0,0.0,0.0,0.0,0.0,6.889978198879456
-0.5031151141435675,-0.5623758871101702,-0.7172609266350096,0.24978623339432163,-0.28096889791342455,0.9050096723801302,0.5858071173524718,0.0,0.0,0.0,0.0,0.0,0.0,0.0,0.0,1.0,0.0,0.0,0.0,0.0,0.0,0.0,0.0,0.0,0.0,0.0,0.0,0.0,0.0,0.0,0.0,0.0,0.0,6.454789674725118
1.8677910186782187,1.8415669924625249,1.8198914120312308,0.24978623339432163,-1.154807947387286,-0.2434609991548385,-0.4547429421662331,0.0,0.0,0.0,0.0,0.0,0.0,0.0,0.0,0.0,0.0,0.0,0.0,0.0,0.0,0.0,0.0,0.0,0.0,0.0,0.0,0.0,0.0,0.0,0.0,1.0,0.0,9.789627125879749
-0.9239860252953638,0.005089768476269669,-0.7172609266350096,-4.003423192752847,1.4667092010342988,0.3307743366126458,2.0968028819491016,0.0,0.0,0.0,0.0,0.0,0.0,0.0,0.0,0.0,0.0,0.0,0.0,0.0,0.0,1.0,0.0,0.0,0.0,0.0,0.0,0.0,0.0,0.0,0.0,0.0,0.0,8.241545086119878
-0.517144144515294,-0.6436686414918555,-0.7172609266350096,0.24978623339432163,-1.737367313703194,0.3307743366126458,-0.16240300402335137,0.0,0.0,0.0,1.0,0.0,0.0,0.0,0.0,0.0,0.0,0.0,0.0,0.0,0.0,0.0,0.0,0.0,0.0,0.0,0.0,0.0,0.0,0.0,0.0,0.0,0.0,6.517050696347197
-0.671463478604286,-0.6948725192517482,-0.7172609266350096,0.24978623339432163,-0.28096889791342455,0.3307743366126458,-0.6336782103444868,0.0,0.0,0.0,0.0,0.0,0.0,0.0,0.0,0.0,0.0,0.0,0.0,0.0,0.0,0.0,0.0,0.0,0.0,0.0,0.0,0.0,0.0,1.0,0.0,0.0,0.0,5.969985515430857
-0.5592312356304736,-0.6214978902968504,-0.7172609266350096,0.24978623339432163,-1.4460876305452401,-0.2434609991548385,0.04165430180641858,0.0,0.0,0.0,0.0,0.0,0.0,0.0,0.0,1.0,0.0,0.0,0.0,0.0,0.0,0.0,0.0,0.0,0.0,0.0,0.0,0.0,0.0,0.0,0.0,0.0,0.0,6.122536668201702
1.8677910186782187,1.8415669924625249,1.8198914120312308,-4.003423192752847,1.4667092010342988,0.9050096723801302,-0.3583627977170194,0.0,0.0,0.0,0.0,0.0,0.0,0.0,0.0,0.0,0.0,0.0,0.0,0.0,0.0,0.0,0.0,0.0,0.0,0.0,0.0,0.0,0.0,0.0,0.0,1.0,0.0,10.62885237612639
1.8677910186782187,1.8415669924625249,1.8198914120312308,0.24978623339432163,0.5928701515604371,-1.3919316706898073,-0.31355656389725506,0.0,0.0,0.0,0.0,0.0,0.0,0.0,0.0,0.0,0.0,0.0,0.0,0.0,0.0,0.0,0.0,0.0,0.0,0.0,0.0,0.0,0.0,0.0,0.0,1.0,0.0,9.860232914035345
1.0681362874898057,-0.387649252692392,-0.7172609266350096,0.24978623339432163,0.30159046840248327,0.9050096723801302,2.0968028819491016,0.0,0.0,0.0,0.0,0.0,0.0,1.0,0.0,0.0,0.0,0.0,0.0,0.0,0.0,0.0,0.0,0.0,0.0,0.0,0.0,0.0,0.0,0.0,0.0,0.0,0.0,7.361203876778995
0.07207513109722094,-0.406652753716682,-0.7172609266350096,0.24978623339432163,-1.737367313703194,0.3307743366126458,2.0190667654425227,0.0,0.0,0.0,0.0,0.0,0.0,0.0,0.0,1.0,0.0,0.0,0.0,0.0,0.0,0.0,0.0,0.0,0.0,0.0,0.0,0.0,0.0,0.0,0.0,0.0,0.0,7.32493813204429
-0.11030226373522414,-0.40506912863132455,0.2976000088314865,0.24978623339432163,0.884149834718391,0.3307743366126458,-0.26929016421989754,0.0,0.0,0.0,0.0,0.0,0.0,0.0,0.0,0.0,1.0,0.0,0.0,0.0,0.0,0.0,0.0,0.0,0.0,0.0,0.0,0.0,0.0,0.0,0.0,0.0,0.0,7.020235390066138
-0.7977247519498248,-0.7339352713572334,-0.7172609266350096,0.24978623339432163,-1.154807947387286,-1.3919316706898073,-0.9932077491874147,0.0,0.0,1.0,0.0,0.0,0.0,0.0,0.0,0.0,0.0,0.0,0.0,0.0,0.0,0.0,0.0,0.0,0.0,0.0,0.0,0.0,0.0,0.0,0.0,0.0,0.0,4.952582362647639
-0.4610280230283878,-0.5333427605452826,-0.7172609266350096,0.24978623339432163,-0.8635282642293323,-0.2434609991548385,0.8530250178438372,0.0,0.0,0.0,0.0,0.0,0.0,0.0,0.0,0.0,1.0,0.0,0.0,0.0,0.0,0.0,0.0,0.0,0.0,0.0,0.0,0.0,0.0,0.0,0.0,0.0,0.0,7.099036577147563
-0.012099051133138328,-0.23562124449807134,0.2976000088314865,0.24978623339432163,1.175429517876345,-0.8176963349223229,0.25057011491784975,0.0,0.0,0.0,0.0,0.0,0.0,0.0,0.0,1.0,0.0,0.0,0.0,0.0,0.0,0.0,0.0,0.0,0.0,0.0,0.0,0.0,0.0,0.0,0.0,0.0,0.0,7.526076537416254
-0.39088287116975506,-0.6394456412642355,-0.7172609266350096,0.24978623339432163,0.30159046840248327,-0.8176963349223229,-0.12353494577006185,0.0,1.0,0.0,0.0,0.0,0.0,0.0,0.0,0.0,0.0,0.0,0.0,0.0,0.0,0.0,0.0,0.0,0.0,0.0,0.0,0.0,0.0,0.0,0.0,0.0,0.0,6.657946858958438
-0.4049119015414816,-0.5006145087812275,-0.7172609266350096,0.24978623339432163,-0.5722485810713784,-0.8176963349223229,1.154252469306831,0.0,0.0,0.0,0.0,0.0,0.0,0.0,0.0,0.0,1.0,0.0,0.0,0.0,0.0,0.0,0.0,0.0,0.0,0.0,0.0,0.0,0.0,0.0,0.0,0.0,0.0,6.635001227114593
1.8677910186782187,1.8415669924625249,1.8198914120312308,0.24978623339432163,0.010310785244529358,-0.8176963349223229,0.07323459913721632,0.0,0.0,0.0,0.0,0.0,0.0,0.0,0.0,0.0,0.0,0.0,0.0,0.0,0.0,0.0,0.0,0.0,0.0,0.0,0.0,0.0,0.0,0.0,0.0,1.0,0.0,10.577937015162664
-0.7275796000911922,-0.755578147523786,-0.7172609266350096,0.24978623339432163,-1.737367313703194,-1.3919316706898073,-1.1924065477355235,0.0,0.0,0.0,0.0,0.0,0.0,1.0,0.0,0.0,0.0,0.0,0.0,0.0,0.0,0.0,0.0,0.0,0.0,0.0,0.0,0.0,0.0,0.0,0.0,0.0,0.0,5.647000460557217
-0.2505925674524896,-0.5449560111712376,-0.7172609266350096,0.24978623339432163,-0.5722485810713784,2.053480343915099,0.746137857647291,0.0,0.0,0.0,0.0,0.0,0.0,1.0,0.0,0.0,0.0,0.0,0.0,0.0,0.0,0.0,0.0,0.0,0.0,0.0,0.0,0.0,0.0,0.0,0.0,0.0,0.0,6.761028639310968
1.8677910186782187,1.8415669924625249,1.8198914120312308,0.24978623339432163,1.175429517876345,0.9050096723801302,0.4619437611247094,0.0,0.0,0.0,0.0,0.0,0.0,0.0,0.0,0.0,0.0,0.0,0.0,0.0,0.0,0.0,0.0,0.0,0.0,0.0,0.0,0.0,0.0,0.0,0.0,1.0,0.0,10.964793361403348
-0.9099569949236372,-0.754522397466881,-0.7172609266350096,0.24978623339432163,0.30159046840248327,-0.8176963349223229,-1.1826895331722012,0.0,0.0,0.0,0.0,0.0,0.0,0.0,0.0,0.0,0.0,0.0,0.0,0.0,0.0,0.0,0.0,0.0,0.0,1.0,0.0,0.0,0.0,0.0,0.0,0.0,0.0,4.843556966714995
-0.6854925089760125,-0.7260171459304459,-0.7172609266350096,0.24978623339432163,0.5928701515604371,-0.8176963349223229,-0.9203301399624969,0.0,0.0,0.0,0.0,0.0,0.0,0.0,0.0,0.0,0.0,0.0,0.0,0.0,0.0,0.0,0.0,1.0,0.0,0.0,0.0,0.0,0.0,0.0,0.0,0.0,0.0,5.906042815053986
-0.7556376608346452,-0.7365746464994959,-0.7172609266350096,0.24978623339432163,-0.5722485810713784,0.3307743366126458,-1.0175002855957207,0.0,1.0,0.0,0.0,0.0,0.0,0.0,0.0,0.0,0.0,0.0,0.0,0.0,0.0,0.0,0.0,0.0,0.0,0.0,0.0,0.0,0.0,0.0,0.0,0.0,0.0,5.208502062225673
-0.20850547633730998,-0.4235447546271621,0.8050304765647346,0.24978623339432163,0.5928701515604371,-0.8176963349223229,-0.5996686593728584,0.0,0.0,0.0,0.0,0.0,0.0,0.0,0.0,0.0,1.0,0.0,0.0,0.0,0.0,0.0,0.0,0.0,0.0,0.0,0.0,0.0,0.0,0.0,0.0,0.0,0.0,6.911189375716419
0.5490621637359235,-0.21608986844532876,0.8050304765647346,0.24978623339432163,-1.737367313703194,-1.3919316706898073,-0.12232031894964655,0.0,0.0,0.0,0.0,0.0,0.0,0.0,0.0,0.0,1.0,0.0,0.0,0.0,0.0,0.0,0.0,0.0,0.0,0.0,0.0,0.0,0.0,0.0,0.0,0.0,0.0,7.7550002808294956
1.8677910186782187,1.8415669924625249,1.8198914120312308,0.24978623339432163,-0.5722485810713784,0.9050096723801302,-0.3858943389797661,0.0,0.0,0.0,0.0,0.0,0.0,0.0,0.0,0.0,0.0,0.0,0.0,0.0,0.0,0.0,0.0,0.0,0.0,0.0,0.0,0.0,0.0,0.0,0.0,1.0,0.0,10.092427575549822
-0.20850547633730998,-0.4847782579276524,-0.7172609266350096,0.24978623339432163,-1.4460876305452401,0.3307743366126458,1.3000076877566666,0.0,0.0,0.0,0.0,0.0,0.0,0.0,0.0,0.0,0.0,0.0,0.0,0.0,0.0,0.0,0.0,0.0,0.0,0.0,0.0,0.0,0.0,0.0,1.0,0.0,0.0,7.201409482704207
-0.671463478604286,-0.5940483888173204,-0.7172609266350096,0.24978623339432163,0.884149834718391,0.9050096723801302,0.29429668045280044,0.0,0.0,0.0,0.0,0.0,0.0,1.0,0.0,0.0,0.0,0.0,0.0,0.0,0.0,0.0,0.0,0.0,0.0,0.0,0.0,0.0,0.0,0.0,0.0,0.0,0.0,6.010874940627805
0.21236543481448641,1.8415669924625249,-0.7172609266350096,0.24978623339432163,-1.154807947387286,0.3307743366126458,2.0968028819491016,0.0,0.0,0.0,0.0,0.0,0.0,0.0,0.0,0.0,0.0,0.0,0.0,0.0,0.0,0.0,0.0,0.0,0.0,0.0,0.0,0.0,0.0,0.0,0.0,0.0,0.0,9.724829676261196
0.11416222221240058,-0.6156912649838729,-0.20983045890176158,0.24978623339432163,-0.5722485810713784,0.3307743366126458,-0.6628292540344539,0.0,0.0,0.0,0.0,0.0,0.0,0.0,0.0,0.0,0.0,0.0,0.0,0.0,0.0,0.0,0.0,0.0,0.0,0.0,1.0,0.0,0.0,0.0,0.0,0.0,0.0,7.0575105990669735
-0.05418614224831796,1.022832823332694,0.8050304765647346,0.24978623339432163,-1.154807947387286,0.3307743366126458,2.0968028819491016,0.0,0.0,0.0,0.0,0.0,0.0,1.0,0.0,0.0,0.0,0.0,0.0,0.0,0.0,0.0,0.0,0.0,0.0,0.0,0.0,0.0,0.0,0.0,0.0,0.0,0.0,8.726322196129782
0.044017070353767854,-0.40876425383049203,-0.7172609266350096,0.24978623339432163,0.010310785244529358,-0.2434609991548385,1.999632736315878,0.0,1.0,0.0,0.0,0.0,0.0,0.0,0.0,0.0,0.0,0.0,0.0,0.0,0.0,0.0,0.0,0.0,0.0,0.0,0.0,0.0,0.0,0.0,0.0,0.0,0.0,7.103165800317809
-0.517144144515294,-0.5724055126507678,-0.7172609266350096,0.24978623339432163,-0.28096889791342455,0.3307743366126458,0.4934954790009092,0.0,0.0,0.0,0.0,0.0,0.0,1.0,0.0,0.0,0.0,0.0,0.0,0.0,0.0,0.0,0.0,0.0,0.0,0.0,0.0,0.0,0.0,0.0,0.0,0.0,0.0,6.629838701820636
1.8677910186782187,1.8415669924625249,1.8198914120312308,0.24978623339432163,-1.737367313703194,0.3307743366126458,-0.2710049314957779,0.0,0.0,0.0,0.0,0.0,0.0,0.0,0.0,0.0,0.0,0.0,0.0,0.0,0.0,0.0,0.0,0.0,0.0,0.0,0.0,0.0,0.0,0.0,0.0,1.0,0.0,9.702340299093814
-0.8818989341801842,-0.7634962729505735,-0.7172609266350096,0.24978623339432163,-0.5722485810713784,-0.8176963349223229,-1.2652841569604414,0.0,0.0,0.0,0.0,0.0,0.0,0.0,0.0,0.0,1.0,0.0,0.0,0.0,0.0,0.0,0.0,0.0,0.0,0.0,0.0,0.0,0.0,0.0,0.0,0.0,0.0,4.330206885944085
1.8677910186782187,1.8415669924625249,1.8198914120312308,0.24978623339432163,-0.28096889791342455,0.9050096723801302,-0.669134976251078,0.0,0.0,0.0,0.0,0.0,0.0,0.0,0.0,0.0,0.0,0.0,0.0,0.0,0.0,0.0,0.0,0.0,0.0,0.0,0.0,0.0,0.0,0.0,0.0,1.0,0.0,10.913650339700002
0.29653961704484566,-0.2250637439290213,0.2976000088314865,0.24978623339432163,0.5928701515604371,2.053480343915099,0.2829601634622577,0.0,0.0,0.0,0.0,0.0,0.0,0.0,0.0,0.0,1.0,0.0,0.0,0.0,0.0,0.0,0.0,0.0,0.0,0.0,0.0,0.0,0.0,0.0,0.0,0.0,0.0,7.4114898203454525
-0.8398118430650046,-0.7386861466133059,0.2976000088314865,0.24978623339432163,-1.4460876305452401,-1.3919316706898073,-1.2928156982231882,0.0,0.0,0.0,0.0,0.0,0.0,0.0,0.0,0.0,0.0,0.0,0.0,0.0,0.0,0.0,0.0,0.0,0.0,0.0,0.0,0.0,0.0,0.0,0.0,0.0,0.0,5.564328818089423
-0.2505925674524896,-0.4504663810782397,-0.20983045890176158,0.24978623339432163,0.884149834718391,-0.8176963349223229,0.09752713554552225,0.0,0.0,0.0,0.0,0.0,0.0,1.0,0.0,0.0,0.0,0.0,0.0,0.0,0.0,0.0,0.0,0.0,0.0,0.0,0.0,0.0,0.0,0.0,0.0,0.0,0.0,7.321962067027056
-0.5872892963739267,-0.5882417635043428,-0.20983045890176158,0.24978623339432163,0.010310785244529358,0.9050096723801302,-0.536508064711263,0.0,0.0,0.0,0.0,0.0,0.0,0.0,0.0,1.0,0.0,0.0,0.0,0.0,0.0,0.0,0.0,0.0,0.0,0.0,0.0,0.0,0.0,0.0,0.0,0.0,0.0,6.115583026944376
-0.825782812693278,-0.7355188964425909,-0.7172609266350096,0.24978623339432163,-0.8635282642293323,0.3307743366126458,-1.0077832710323984,0.0,0.0,0.0,0.0,0.0,0.0,0.0,0.0,0.0,1.0,0.0,0.0,0.0,0.0,0.0,0.0,0.0,0.0,0.0,0.0,0.0,0.0,0.0,0.0,0.0,0.0,5.662543726639604
-0.7556376608346452,-0.7180990205036584,-0.7172609266350096,-4.003423192752847,1.4667092010342988,0.3307743366126458,-0.8474525307375791,0.0,0.0,0.0,0.0,0.0,0.0,0.0,0.0,0.0,0.0,0.0,0.0,0.0,0.0,0.0,0.0,0.0,0.0,0.0,1.0,0.0,0.0,0.0,0.0,0.0,0.0,5.541381185297377
-0.8398118430650046,-0.7603290227798585,-0.7172609266350096,0.24978623339432163,0.30159046840248327,0.3307743366126458,-1.2361331132704743,0.0,0.0,0.0,0.0,0.0,0.0,1.0,0.0,0.0,0.0,0.0,0.0,0.0,0.0,0.0,0.0,0.0,0.0,0.0,0.0,0.0,0.0,0.0,0.0,0.0,0.0,4.8892206722058225
-0.16641838522213034,-0.388705002749297,0.2976000088314865,0.24978623339432163,-0.5722485810713784,-0.2434609991548385,-0.2190855889760652,0.0,0.0,0.0,0.0,0.0,0.0,0.0,0.0,1.0,0.0,0.0,0.0,0.0,0.0,0.0,0.0,0.0,0.0,0.0,0.0,0.0,0.0,0.0,0.0,0.0,0.0,7.156036222006599
-0.41894093191320814,-0.5961598889311304,0.2976000088314865,0.24978623339432163,-0.5722485810713784,-0.8176963349223229,-0.8555500428736812,0.0,0.0,0.0,0.0,0.0,0.0,1.0,0.0,0.0,0.0,0.0,0.0,0.0,0.0,0.0,0.0,0.0,0.0,0.0,0.0,0.0,0.0,0.0,0.0,0.0,0.0,6.698822770761891
-0.7696666912063718,-0.5016702588381324,-0.7172609266350096,-4.003423192752847,1.4667092010342988,0.9050096723801302,1.1445354547435085,0.0,1.0,0.0,0.0,0.0,0.0,0.0,0.0,0.0,0.0,0.0,0.0,0.0,0.0,0.0,0.0,0.0,0.0,0.0,0.0,0.0,0.0,0.0,0.0,0.0,0.0,5.849612922867741
1.8677910186782187,1.8415669924625249,1.8198914120312308,0.24978623339432163,-1.154807947387286,0.3307743366126458,-0.4181548273299963,0.0,0.0,0.0,0.0,0.0,0.0,0.0,0.0,0.0,0.0,0.0,0.0,0.0,0.0,0.0,0.0,0.0,0.0,0.0,0.0,0.0,0.0,0.0,0.0,1.0,0.0,9.786632336322135
-0.3067086889393958,-0.5512905115126676,-0.7172609266350096,0.24978623339432163,-0.5722485810713784,-1.3919316706898073,0.6878357702673568,1.0,0.0,0.0,0.0,0.0,0.0,0.0,0.0,0.0,0.0,0.0,0.0,0.0,0.0,0.0,0.0,0.0,0.0,0.0,0.0,0.0,0.0,0.0,0.0,0.0,0.0,6.98894809425907
-0.05418614224831796,-0.10206886229958828,-0.20983045890176158,0.24978623339432163,0.5928701515604371,-0.8176963349223229,1.7008345384937147,0.0,0.0,0.0,0.0,0.0,0.0,1.0,0.0,0.0,0.0,0.0,0.0,0.0,0.0,0.0,0.0,0.0,0.0,0.0,0.0,0.0,0.0,0.0,0.0,0.0,0.0,8.351183470306468
-0.7696666912063718,-0.752410897353071,-0.7172609266350096,0.24978623339432163,1.175429517876345,2.053480343915099,-1.1632555040455563,0.0,0.0,0.0,0.0,0.0,0.0,0.0,0.0,0.0,1.0,0.0,0.0,0.0,0.0,0.0,0.0,0.0,0.0,0.0,0.0,0.0,0.0,0.0,0.0,0.0,0.0,5.393627546352362
-0.8117537823215515,-0.7033185197069883,-0.7172609266350096,-4.003423192752847,1.4667092010342988,0.9050096723801302,-0.7114143268510658,0.0,0.0,0.0,0.0,0.0,0.0,0.0,0.0,0.0,0.0,0.0,0.0,0.0,0.0,0.0,0.0,0.0,0.0,0.0,0.0,0.0,0.0,0.0,0.0,0.0,0.0,6.032366538428407
-0.825782812693278,-0.7466042720400935,-0.7172609266350096,0.24978623339432163,-1.154807947387286,-0.8176963349223229,-1.1098119239472832,0.0,0.0,0.0,0.0,0.0,0.0,0.0,0.0,0.0,0.0,0.0,0.0,0.0,0.0,0.0,0.0,1.0,0.0,0.0,0.0,0.0,0.0,0.0,0.0,0.0,0.0,5.0834519566780525
-0.23656353708076305,1.6816208588414165,-0.7172609266350096,0.24978623339432163,-0.5722485810713784,0.3307743366126458,2.0968028819491016,0.0,0.0,0.0,0.0,0.0,0.0,0.0,0.0,0.0,0.0,0.0,0.0,0.0,0.0,0.0,1.0,0.0,0.0,0.0,0.0,0.0,0.0,0.0,0.0,0.0,0.0,9.102964493504997
-0.3067086889393958,-0.5766285128783878,-0.7172609266350096,0.24978623339432163,-1.737367313703194,0.3307743366126458,0.4546274207476197,0.0,0.0,0.0,0.0,0.0,0.0,0.0,0.0,0.0,0.0,0.0,0.0,0.0,0.0,0.0,0.0,0.0,1.0,0.0,0.0,0.0,0.0,0.0,0.0,0.0,0.0,7.435367220848186
1.8677910186782187,1.8415669924625249,1.8198914120312308,0.24978623339432163,1.175429517876345,-0.8176963349223229,-0.2368372223773451,0.0,0.0,0.0,0.0,0.0,0.0,0.0,0.0,0.0,0.0,0.0,0.0,0.0,0.0,0.0,0.0,0.0,0.0,0.0,0.0,0.0,0.0,0.0,0.0,1.0,0.0,10.919301576579556
-0.7135505697194656,-0.6769247682843632,-0.7172609266350096,-4.003423192752847,1.4667092010342988,2.053480343915099,-0.4684889627680063,0.0,0.0,0.0,0.0,0.0,0.0,0.0,0.0,0.0,0.0,0.0,0.0,0.0,0.0,1.0,0.0,0.0,0.0,0.0,0.0,0.0,0.0,0.0,0.0,0.0,0.0,5.771690313263376
-0.4890860837718409,-0.4641911318180048,-0.7172609266350096,0.24978623339432163,0.884149834718391,0.9050096723801302,1.489489471741453,0.0,0.0,0.0,0.0,0.0,0.0,0.0,0.0,0.0,0.0,0.0,0.0,0.0,0.0,0.0,0.0,0.0,0.0,0.0,0.0,1.0,0.0,0.0,0.0,0.0,0.0,6.908015245187994
-0.4610280230283878,-0.6315275158374479,-0.7172609266350096,0.24978623339432163,0.010310785244529358,0.9050096723801302,-0.05065733654514402,0.0,0.0,0.0,0.0,0.0,0.0,0.0,0.0,0.0,0.0,0.0,0.0,0.0,0.0,0.0,0.0,0.0,0.0,0.0,0.0,0.0,0.0,0.0,1.0,0.0,0.0,6.442349065407006
-0.8538408734367311,-0.769302898263551,-0.7172609266350096,0.24978623339432163,-1.4460876305452401,0.3307743366126458,-1.3187277370587145,0.0,1.0,0.0,0.0,0.0,0.0,0.0,0.0,0.0,0.0,0.0,0.0,0.0,0.0,0.0,0.0,0.0,0.0,0.0,0.0,0.0,0.0,0.0,0.0,0.0,0.0,5.370172803648464
-0.6153473571173798,-0.6610885174307881,-0.7172609266350096,0.24978623339432163,-0.5722485810713784,0.9050096723801302,-0.32273374431817065,0.0,0.0,0.0,0.0,0.0,0.0,1.0,0.0,0.0,0.0,0.0,0.0,0.0,0.0,0.0,0.0,0.0,0.0,0.0,0.0,0.0,0.0,0.0,0.0,0.0,0.0,5.943638917625377
1.8677910186782187,1.8415669924625249,1.8198914120312308,0.24978623339432163,0.884149834718391,2.053480343915099,-0.25679685978134015,0.0,0.0,0.0,0.0,0.0,0.0,0.0,0.0,0.0,0.0,0.0,0.0,0.0,0.0,0.0,0.0,0.0,0.0,0.0,0.0,0.0,0.0,0.0,0.0,1.0,0.0,9.361818626912072
-0.7556376608346452,-0.6922331441094858,-0.20983045890176158,0.24978623339432163,0.010310785244529358,-0.2434609991548385,-1.0150710319548901,0.0,0.0,0.0,0.0,0.0,0.0,0.0,0.0,0.0,0.0,0.0,0.0,0.0,0.0,0.0,0.0,0.0,0.0,0.0,0.0,0.0,1.0,0.0,0.0,0.0,0.0,5.444579873526289
-0.5311731748870205,-0.5998550141302978,-0.20983045890176158,0.24978623339432163,-1.154807947387286,0.3307743366126458,-0.589951644809536,0.0,0.0,0.0,0.0,0.0,0.0,0.0,0.0,1.0,0.0,0.0,0.0,0.0,0.0,0.0,0.0,0.0,0.0,0.0,0.0,0.0,0.0,0.0,0.0,0.0,0.0,6.352908103121816
-0.5311731748870205,-0.6130518898416104,-0.7172609266350096,0.24978623339432163,-1.154807947387286,-0.8176963349223229,0.11939041831299761,0.0,0.0,0.0,0.0,0.0,0.0,0.0,0.0,1.0,0.0,0.0,0.0,0.0,0.0,0.0,0.0,0.0,0.0,0.0,0.0,0.0,0.0,0.0,0.0,0.0,0.0,6.33954768697801
-0.671463478604286,-0.6753411431990056,-0.7172609266350096,0.24978623339432163,-1.4460876305452401,-0.8176963349223229,-0.4539134409230227,0.0,0.0,0.0,0.0,0.0,0.0,0.0,0.0,0.0,0.0,0.0,0.0,0.0,0.0,0.0,0.0,0.0,0.0,1.0,0.0,0.0,0.0,0.0,0.0,0.0,0.0,5.590427122326969
0.5069750726207438,1.8415669924625249,-0.20983045890176158,0.24978623339432163,-1.154807947387286,-0.8176963349223229,2.0968028819491016,0.0,0.0,0.0,0.0,0.0,0.0,0.0,0.0,0.0,0.0,0.0,0.0,0.0,0.0,0.0,1.0,0.0,0.0,0.0,0.0,0.0,0.0,0.0,0.0,0.0,0.0,9.811838163851887
1.8677910186782187,1.8415669924625249,1.8198914120312308,0.24978623339432163,-0.8635282642293323,0.3307743366126458,-0.2735934135265117,0.0,0.0,0.0,0.0,0.0,0.0,0.0,0.0,0.0,0.0,0.0,0.0,0.0,0.0,0.0,0.0,0.0,0.0,0.0,0.0,0.0,0.0,0.0,0.0,1.0,0.0,10.268005311045195
-0.7416086304629187,-0.6763968932559107,-0.7172609266350096,0.24978623339432163,0.30159046840248327,-0.2434609991548385,-0.4636304554863451,0.0,0.0,0.0,0.0,0.0,0.0,0.0,0.0,1.0,0.0,0.0,0.0,0.0,0.0,0.0,0.0,0.0,0.0,0.0,0.0,0.0,0.0,0.0,0.0,0.0,0.0,5.518857531992132
0.4789170118772908,-0.2308703692419988,1.3124609442979827,0.24978623339432163,0.884149834718391,-0.2434609991548385,-0.40921517393173984,0.0,0.0,0.0,0.0,0.0,0.0,1.0,0.0,0.0,0.0,0.0,0.0,0.0,0.0,0.0,0.0,0.0,0.0,0.0,0.0,0.0,0.0,0.0,0.0,0.0,0.0,7.702357358197415
1.8677910186782187,1.8415669924625249,1.8198914120312308,0.24978623339432163,1.4667092010342988,0.9050096723801302,2.0968028819491016,0.0,0.0,0.0,0.0,0.0,0.0,0.0,0.0,0.0,0.0,0.0,0.0,0.0,0.0,0.0,0.0,0.0,0.0,0.0,0.0,0.0,0.0,0.0,0.0,1.0,0.0,11.544625133590133
-0.7416086304629187,-0.7033185197069883,-0.7172609266350096,0.24978623339432163,-0.28096889791342455,-0.8176963349223229,-0.7114143268510658,0.0,0.0,0.0,0.0,0.0,0.0,0.0,0.0,0.0,0.0,0.0,0.0,0.0,0.0,0.0,0.0,0.0,0.0,0.0,1.0,0.0,0.0,0.0,0.0,0.0,0.0,5.497987561676604
-0.7696666912063718,-0.6785083933697207,-0.7172609266350096,0.24978623339432163,-1.4460876305452401,-0.8176963349223229,-0.4830644846129899,0.0,0.0,0.0,0.0,0.0,0.0,0.0,0.0,0.0,0.0,0.0,0.0,0.0,0.0,0.0,0.0,0.0,0.0,0.0,0.0,0.0,1.0,0.0,0.0,0.0,0.0,5.669811955085048
0.02998803998204131,-0.33222237470487925,-0.20983045890176158,0.24978623339432163,0.30159046840248327,0.9050096723801302,0.6416799510915755,0.0,0.0,0.0,0.0,0.0,0.0,1.0,0.0,0.0,0.0,0.0,0.0,0.0,0.0,0.0,0.0,0.0,0.0,0.0,0.0,0.0,0.0,0.0,0.0,0.0,0.0,7.281495774507163
-0.22253450670903652,-0.09942948715732576,-0.7172609266350096,0.24978623339432163,0.884149834718391,0.3307743366126458,2.0968028819491016,0.0,1.0,0.0,0.0,0.0,0.0,0.0,0.0,0.0,0.0,0.0,0.0,0.0,0.0,0.0,0.0,0.0,0.0,0.0,0.0,0.0,0.0,0.0,0.0,0.0,0.0,7.308268144956232
1.8677910186782187,1.8415669924625249,1.8198914120312308,0.24978623339432163,1.175429517876345,-0.2434609991548385,0.14676705064792336,0.0,0.0,0.0,0.0,0.0,0.0,0.0,0.0,0.0,0.0,0.0,0.0,0.0,0.0,0.0,0.0,0.0,0.0,0.0,0.0,0.0,0.0,0.0,0.0,1.0,0.0,11.063262514323537
-0.2786506281959427,-0.4816110077569374,1.8198914120312308,0.24978623339432163,0.884149834718391,0.3307743366126458,-0.9624372030702273,0.0,0.0,0.0,0.0,0.0,0.0,0.0,0.0,1.0,0.0,0.0,0.0,0.0,0.0,0.0,0.0,0.0,0.0,0.0,0.0,0.0,0.0,0.0,0.0,0.0,0.0,9.151323644304858
1.8677910186782187,1.8415669924625249,1.8198914120312308,0.24978623339432163,-0.28096889791342455,0.9050096723801302,-0.48803341251468885,0.0,0.0,0.0,0.0,0.0,0.0,0.0,0.0,0.0,0.0,0.0,0.0,0.0,0.0,0.0,0.0,0.0,0.0,0.0,0.0,0.0,0.0,0.0,0.0,1.0,0.0,9.692798002206425
1.7836168364478595,0.6227035517656972,0.8050304765647346,0.24978623339432163,-1.737367313703194,0.9050096723801302,1.807721698690261,0.0,0.0,0.0,0.0,0.0,0.0,0.0,0.0,0.0,1.0,0.0,0.0,0.0,0.0,0.0,0.0,0.0,0.0,0.0,0.0,0.0,0.0,0.0,0.0,0.0,0.0,8.288315732629197
-0.5031151141435675,-0.6273045156098279,-0.20983045890176158,0.24978623339432163,0.010310785244529358,-1.3919316706898073,-0.7162728341327269,0.0,0.0,0.0,0.0,0.0,0.0,0.0,0.0,1.0,0.0,0.0,0.0,0.0,0.0,0.0,0.0,0.0,0.0,0.0,0.0,0.0,0.0,0.0,0.0,0.0,0.0,6.416862992923597
1.8677910186782187,1.8415669924625249,1.8198914120312308,0.24978623339432163,-1.154807947387286,-1.3919316706898073,-0.590231943306555,0.0,0.0,0.0,0.0,0.0,0.0,0.0,0.0,0.0,0.0,0.0,0.0,0.0,0.0,0.0,0.0,0.0,0.0,0.0,0.0,0.0,0.0,0.0,0.0,1.0,0.0,9.845293661598292
1.8677910186782187,1.8415669924625249,1.8198914120312308,0.24978623339432163,1.4667092010342988,2.053480343915099,-0.5289320872551133,0.0,0.0,0.0,0.0,0.0,0.0,0.0,0.0,0.0,0.0,0.0,0.0,0.0,0.0,0.0,0.0,0.0,0.0,0.0,0.0,0.0,0.0,0.0,0.0,1.0,0.0,9.982166099396029
0.43682992076211113,-0.44782700593597724,-0.7172609266350096,0.24978623339432163,-1.737367313703194,0.9050096723801302,1.6401031974729499,0.0,0.0,0.0,0.0,0.0,0.0,0.0,0.0,0.0,0.0,0.0,0.0,0.0,0.0,0.0,0.0,0.0,0.0,0.0,0.0,0.0,1.0,0.0,0.0,0.0,0.0,7.0384940257987365
-0.9239860252953638,-0.7518830223246185,-0.7172609266350096,-4.003423192752847,1.4667092010342988,-1.3919316706898073,-1.1583969967638952,0.0,0.0,0.0,0.0,0.0,0.0,0.0,0.0,0.0,0.0,0.0,0.0,0.0,0.0,0.0,0.0,0.0,1.0,0.0,0.0,0.0,0.0,0.0,0.0,0.0,0.0,5.331461965140338
1.8677910186782187,1.8415669924625249,1.8198914120312308,0.24978623339432163,-0.8635282642293323,-0.2434609991548385,-0.04869826102834528,0.0,0.0,0.0,0.0,0.0,0.0,0.0,0.0,0.0,0.0,0.0,0.0,0.0,0.0,0.0,0.0,0.0,0.0,0.0,0.0,0.0,0.0,0.0,0.0,1.0,0.0,10.087796300224396
-0.18044741559385688,1.8415669924625249,-0.7172609266350096,-4.003423192752847,1.4667092010342988,-0.8176963349223229,2.0968028819491016,0.0,0.0,0.0,0.0,0.0,0.0,0.0,0.0,0.0,0.0,0.0,0.0,0.0,0.0,0.0,1.0,0.0,0.0,0.0,0.0,0.0,0.0,0.0,0.0,0.0,0.0,9.050396946548064
0.6192073155945562,-0.08676048647446571,0.8050304765647346,0.24978623339432163,0.30159046840248327,0.3307743366126458,0.17526325205210128,0.0,0.0,0.0,0.0,0.0,0.0,0.0,0.0,1.0,0.0,0.0,0.0,0.0,0.0,0.0,0.0,0.0,0.0,0.0,0.0,0.0,0.0,0.0,0.0,0.0,0.0,7.682579216045734
-0.517144144515294,-0.6009107641872029,-0.7172609266350096,0.24978623339432163,0.30159046840248327,0.3307743366126458,0.23113608579120498,0.0,1.0,0.0,0.0,0.0,0.0,0.0,0.0,0.0,0.0,0.0,0.0,0.0,0.0,0.0,0.0,0.0,0.0,0.0,0.0,0.0,0.0,0.0,0.0,0.0,0.0,6.15326446818114
-0.7696666912063718,-0.7059578948492508,-0.7172609266350096,0.24978623339432163,-1.4460876305452401,0.3307743366126458,-0.7357068632593717,0.0,0.0,0.0,0.0,0.0,0.0,0.0,1.0,0.0,0.0,0.0,0.0,0.0,0.0,0.0,0.0,0.0,0.0,0.0,0.0,0.0,0.0,0.0,0.0,0.0,0.0,5.328652566344109
-0.0682151726200445,0.1814000279794054,-0.20983045890176158,0.24978623339432163,-1.737367313703194,-1.3919316706898073,2.0968028819491016,0.0,0.0,0.0,0.0,0.0,0.0,0.0,0.0,1.0,0.0,0.0,0.0,0.0,0.0,0.0,0.0,0.0,0.0,0.0,0.0,0.0,0.0,0.0,0.0,0.0,0.0,8.186734437510056
-0.5031151141435675,-0.7186268955321108,-0.7172609266350096,0.24978623339432163,1.175429517876345,-0.8176963349223229,-0.8523110380192402,0.0,0.0,0.0,0.0,0.0,0.0,0.0,0.0,0.0,0.0,0.0,0.0,0.0,0.0,0.0,0.0,0.0,0.0,0.0,0.0,0.0,1.0,0.0,0.0,0.0,0.0,5.145981705244338
-0.9239860252953638,-0.7788046487756961,-0.7172609266350096,0.24978623339432163,1.175429517876345,-0.8176963349223229,-1.4061808681286159,0.0,0.0,0.0,0.0,0.0,0.0,0.0,0.0,0.0,0.0,0.0,0.0,0.0,1.0,0.0,0.0,0.0,0.0,0.0,0.0,0.0,0.0,0.0,0.0,0.0,0.0,4.795790545596741
1.8677910186782187,1.8415669924625249,1.8198914120312308,0.24978623339432163,-0.5722485810713784,-1.3919316706898073,0.0384152969519777,0.0,0.0,0.0,0.0,0.0,0.0,0.0,0.0,0.0,0.0,0.0,0.0,0.0,0.0,0.0,0.0,0.0,0.0,0.0,0.0,0.0,0.0,0.0,0.0,1.0,0.0,10.208139936237599
-0.7556376608346452,-0.6975118943940107,-0.7172609266350096,0.24978623339432163,-0.28096889791342455,0.3307743366126458,-0.6579707467527927,0.0,0.0,0.0,0.0,0.0,0.0,0.0,1.0,0.0,0.0,0.0,0.0,0.0,0.0,0.0,0.0,0.0,0.0,0.0,0.0,0.0,0.0,0.0,0.0,0.0,0.0,5.800788185931274
-0.9239860252953638,-0.7297122711296133,-0.7172609266350096,0.24978623339432163,-1.737367313703194,-1.3919316706898073,-0.9543396909341253,0.0,0.0,0.0,0.0,0.0,0.0,0.0,0.0,0.0,0.0,0.0,0.0,0.0,0.0,0.0,0.0,0.0,0.0,0.0,0.0,0.0,0.0,0.0,0.0,0.0,0.0,4.414009680526933
-0.41894093191320814,0.5266302965873418,0.2976000088314865,0.24978623339432163,0.884149834718391,0.9050096723801302,2.0968028819491016,0.0,0.0,0.0,0.0,0.0,0.0,0.0,0.0,0.0,0.0,0.0,0.0,0.0,0.0,0.0,1.0,0.0,0.0,0.0,0.0,0.0,0.0,0.0,0.0,0.0,0.0,8.109712052482893
-0.6013183267456532,-0.5222573849477801,-0.7172609266350096,0.24978623339432163,0.884149834718391,0.9050096723801302,0.9550536707587222,0.0,0.0,0.0,0.0,0.0,0.0,0.0,0.0,0.0,0.0,0.0,0.0,0.0,0.0,0.0,0.0,0.0,1.0,0.0,0.0,0.0,0.0,0.0,0.0,0.0,0.0,6.596722692922105
-0.23656353708076305,-0.3316944996764267,0.2976000088314865,0.24978623339432163,-1.154807947387286,-1.3919316706898073,-0.04417932683626252,0.0,0.0,0.0,0.0,0.0,0.0,0.0,0.0,0.0,1.0,0.0,0.0,0.0,0.0,0.0,0.0,0.0,0.0,0.0,0.0,0.0,0.0,0.0,0.0,0.0,0.0,6.994428265390798
-0.6153473571173798,0.7367245579114378,-0.20983045890176158,0.24978623339432163,-0.28096889791342455,-0.2434609991548385,2.0968028819491016,0.0,0.0,0.0,0.0,0.0,0.0,0.0,0.0,0.0,0.0,0.0,0.0,0.0,0.0,0.0,1.0,0.0,0.0,0.0,0.0,0.0,0.0,0.0,0.0,0.0,0.0,8.598551955784059
1.8677910186782187,1.8415669924625249,1.8198914120312308,0.24978623339432163,-1.154807947387286,-0.2434609991548385,-0.1459667772619868,0.0,0.0,0.0,0.0,0.0,0.0,0.0,0.0,0.0,0.0,0.0,0.0,0.0,0.0,0.0,0.0,0.0,0.0,0.0,0.0,0.0,0.0,0.0,0.0,1.0,0.0,9.91179842139373
-0.4049119015414816,-0.5998550141302978,-0.7172609266350096,0.24978623339432163,-0.5722485810713784,0.9050096723801302,0.24085310035452734,0.0,0.0,0.0,0.0,0.0,0.0,0.0,0.0,0.0,1.0,0.0,0.0,0.0,0.0,0.0,0.0,0.0,0.0,0.0,0.0,0.0,0.0,0.0,0.0,0.0,0.0,6.57609345375749
-0.026128081504864873,-0.33380599979023673,-0.7172609266350096,0.24978623339432163,0.884149834718391,-0.8176963349223229,2.0968028819491016,0.0,0.0,0.0,0.0,0.0,0.0,0.0,0.0,0.0,0.0,0.0,0.0,0.0,1.0,0.0,0.0,0.0,0.0,0.0,0.0,0.0,0.0,0.0,0.0,0.0,0.0,7.085332264745334
-0.15238935485040378,-0.6040780143579179,-0.20983045890176158,0.24978623339432163,0.884149834718391,0.9050096723801302,-0.6093856739361808,0.0,0.0,0.0,0.0,0.0,0.0,0.0,0.0,0.0,0.0,0.0,0.0,0.0,0.0,0.0,0.0,0.0,0.0,0.0,0.0,0.0,0.0,0.0,1.0,0.0,0.0,6.01856888329999
-0.7275796000911922,-0.7286565210727084,-0.7172609266350096,0.24978623339432163,-1.4460876305452401,-0.2434609991548385,-0.9446226763708029,0.0,0.0,0.0,0.0,0.0,0.0,0.0,0.0,0.0,0.0,0.0,0.0,0.0,0.0,0.0,0.0,1.0,0.0,0.0,0.0,0.0,0.0,0.0,0.0,0.0,0.0,5.695414224985685
-0.11030226373522414,-0.4203775044564471,0.2976000088314865,0.24978623339432163,-1.737367313703194,-0.2434609991548385,-0.31625573460928896,0.0,0.0,0.0,0.0,0.0,0.0,0.0,0.0,1.0,0.0,0.0,0.0,0.0,0.0,0.0,0.0,0.0,0.0,0.0,0.0,0.0,0.0,0.0,0.0,0.0,0.0,7.256036090562458
-0.43296996228493473,-0.5924647637319628,-0.20983045890176158,0.24978623339432163,-1.154807947387286,0.3307743366126458,-0.5559420938379077,0.0,1.0,0.0,0.0,0.0,0.0,0.0,0.0,0.0,0.0,0.0,0.0,0.0,0.0,0.0,0.0,0.0,0.0,0.0,0.0,0.0,0.0,0.0,0.0,0.0,0.0,6.731721910029265
-0.13836032447867724,-0.2567362456361714,-0.7172609266350096,0.24978623339432163,1.4667092010342988,0.3307743366126458,2.0968028819491016,0.0,0.0,0.0,0.0,0.0,0.0,0.0,0.0,0.0,1.0,0.0,0.0,0.0,0.0,0.0,0.0,0.0,0.0,0.0,0.0,0.0,0.0,0.0,0.0,0.0,0.0,7.081036091123942
-0.5031151141435675,-0.5877138884758903,-0.20983045890176158,0.24978623339432163,0.30159046840248327,-0.8176963349223229,-0.5340788110704323,0.0,0.0,0.0,0.0,0.0,0.0,0.0,0.0,0.0,1.0,0.0,0.0,0.0,0.0,0.0,0.0,0.0,0.0,0.0,0.0,0.0,0.0,0.0,0.0,0.0,0.0,6.1906637058454
-0.5732602660022001,-0.6209700152683979,-0.7172609266350096,0.24978623339432163,1.175429517876345,0.9050096723801302,0.04651280908807977,0.0,0.0,0.0,0.0,0.0,0.0,0.0,0.0,0.0,0.0,0.0,0.0,0.0,0.0,0.0,0.0,0.0,0.0,1.0,0.0,0.0,0.0,0.0,0.0,0.0,0.0,5.9409078234908295
-0.7977247519498248,-0.7386861466133059,-0.7172609266350096,0.24978623339432163,0.30159046840248327,-1.3919316706898073,-1.0369343147223655,0.0,0.0,0.0,0.0,0.0,0.0,0.0,0.0,0.0,0.0,0.0,0.0,0.0,0.0,0.0,0.0,0.0,1.0,0.0,0.0,0.0,0.0,0.0,0.0,0.0,0.0,5.368309738368072
-0.7836957215780983,-0.6790362683981732,-0.7172609266350096,0.24978623339432163,1.4667092010342988,-0.2434609991548385,-0.48792299189465105,0.0,0.0,0.0,0.0,0.0,0.0,0.0,0.0,0.0,0.0,0.0,1.0,0.0,0.0,0.0,0.0,0.0,0.0,0.0,0.0,0.0,0.0,0.0,0.0,0.0,0.0,5.419738221752376
1.8677910186782187,1.8415669924625249,1.8198914120312308,0.24978623339432163,-1.154807947387286,-1.3919316706898073,-0.3837687420440393,0.0,0.0,0.0,0.0,0.0,0.0,0.0,0.0,0.0,0.0,0.0,0.0,0.0,0.0,0.0,0.0,0.0,0.0,0.0,0.0,0.0,0.0,0.0,0.0,1.0,0.0,10.358502536159966
-0.8678699038084576,-0.7233777707881833,-0.7172609266350096,0.24978623339432163,-1.4460876305452401,0.9050096723801302,-0.8960376035541909,0.0,0.0,0.0,0.0,0.0,0.0,0.0,0.0,0.0,1.0,0.0,0.0,0.0,0.0,0.0,0.0,0.0,0.0,0.0,0.0,0.0,0.0,0.0,0.0,0.0,0.0,5.0330488889331555
-0.8678699038084576,-0.754522397466881,-0.7172609266350096,0.24978623339432163,-0.28096889791342455,2.053480343915099,-1.1826895331722012,0.0,0.0,0.0,0.0,0.0,0.0,0.0,0.0,0.0,0.0,0.0,0.0,0.0,0.0,0.0,0.0,0.0,0.0,0.0,0.0,0.0,1.0,0.0,0.0,0.0,0.0,4.566429357671661
-0.671463478604286,-0.6727017680567432,-0.7172609266350096,0.24978623339432163,-1.737367313703194,-1.3919316706898073,-0.4296209045147168,0.0,0.0,0.0,0.0,0.0,0.0,0.0,0.0,0.0,0.0,0.0,0.0,0.0,0.0,0.0,0.0,0.0,0.0,0.0,0.0,0.0,0.0,0.0,0.0,0.0,0.0,6.069119791673586
-0.5732602660022001,-0.6690066428575756,-0.20983045890176158,0.24978623339432163,-1.4460876305452401,0.9050096723801302,-0.9081838717583439,0.0,0.0,0.0,0.0,0.0,0.0,0.0,0.0,0.0,0.0,0.0,0.0,0.0,0.0,0.0,0.0,0.0,0.0,0.0,0.0,0.0,0.0,0.0,1.0,0.0,0.0,6.542947351813216
-0.6013183267456532,-0.655809767146263,-0.7172609266350096,0.24978623339432163,0.010310785244529358,2.053480343915099,-0.27414867150155875,0.0,0.0,0.0,0.0,0.0,0.0,0.0,0.0,1.0,0.0,0.0,0.0,0.0,0.0,0.0,0.0,0.0,0.0,0.0,0.0,0.0,0.0,0.0,0.0,0.0,0.0,6.025696877403717
-0.4610280230283878,-0.5655431372808852,-0.7172609266350096,0.24978623339432163,0.30159046840248327,0.9050096723801302,0.5566560736625047,0.0,0.0,0.0,0.0,0.0,0.0,0.0,0.0,0.0,0.0,0.0,0.0,0.0,0.0,0.0,0.0,0.0,0.0,0.0,0.0,0.0,0.0,0.0,1.0,0.0,0.0,6.506650650150935
-0.29267965856766925,-0.5312312604314725,-0.20983045890176158,0.24978623339432163,-1.4460876305452401,-1.3919316706898073,-0.27414867150155875,0.0,0.0,0.0,0.0,0.0,0.0,1.0,0.0,0.0,0.0,0.0,0.0,0.0,0.0,0.0,0.0,0.0,0.0,0.0,0.0,0.0,0.0,0.0,0.0,0.0,0.0,6.9197628981064145
-0.7135505697194656,-0.14271523949043094,-0.7172609266350096,0.24978623339432163,-1.154807947387286,-0.2434609991548385,2.0968028819491016,0.0,0.0,0.0,0.0,0.0,0.0,0.0,0.0,0.0,0.0,0.0,0.0,0.0,0.0,0.0,1.0,0.0,0.0,0.0,0.0,0.0,0.0,0.0,0.0,0.0,0.0,7.499998664601198
-0.6995215393477391,-0.6531703920040006,-0.7172609266350096,0.24978623339432163,0.010310785244529358,-1.3919316706898073,-0.24985613509325277,0.0,0.0,0.0,0.0,0.0,1.0,0.0,0.0,0.0,0.0,0.0,0.0,0.0,0.0,0.0,0.0,0.0,0.0,0.0,0.0,0.0,0.0,0.0,0.0,0.0,0.0,5.932881589675684
1.8677910186782187,1.8415669924625249,1.8198914120312308,0.24978623339432163,1.175429517876345,0.3307743366126458,-0.30565383727645445,0.0,0.0,0.0,0.0,0.0,0.0,0.0,0.0,0.0,0.0,0.0,0.0,0.0,0.0,0.0,0.0,0.0,0.0,0.0,0.0,0.0,0.0,0.0,0.0,1.0,0.0,10.653243065113198
-0.6574344482325595,-0.6769247682843632,-0.7172609266350096,0.24978623339432163,0.5928701515604371,-1.3919316706898073,-0.4684889627680063,0.0,1.0,0.0,0.0,0.0,0.0,0.0,0.0,0.0,0.0,0.0,0.0,0.0,0.0,0.0,0.0,0.0,0.0,0.0,0.0,0.0,0.0,0.0,0.0,0.0,0.0,5.974826905954958
-0.7556376608346452,-0.6695345178860281,-0.7172609266350096,0.24978623339432163,-0.5722485810713784,-0.8176963349223229,-0.40046986082474967,0.0,0.0,0.0,0.0,0.0,0.0,0.0,0.0,1.0,0.0,0.0,0.0,0.0,0.0,0.0,0.0,0.0,0.0,0.0,0.0,0.0,0.0,0.0,0.0,0.0,0.0,5.977213481338121
1.8677910186782187,1.4657199722043432,1.8198914120312308,0.24978623339432163,0.010310785244529358,2.053480343915099,-0.5593835364957511,0.0,0.0,0.0,0.0,0.0,0.0,0.0,0.0,0.0,0.0,0.0,0.0,0.0,0.0,0.0,0.0,0.0,0.0,0.0,0.0,0.0,0.0,0.0,0.0,1.0,0.0,8.698659382489216
-0.08224420299177106,-0.35808825109905185,0.2976000088314865,0.24978623339432163,1.4667092010342988,0.9050096723801302,-0.12515444819728216,0.0,0.0,0.0,0.0,0.0,0.0,0.0,0.0,1.0,0.0,0.0,0.0,0.0,0.0,0.0,0.0,0.0,0.0,0.0,0.0,0.0,0.0,0.0,0.0,0.0,0.0,7.365338341352408
0.02998803998204131,-0.33433387481868926,-0.20983045890176158,0.24978623339432163,-0.8635282642293323,0.9050096723801302,0.6319629365282531,0.0,0.0,0.0,0.0,0.0,0.0,0.0,0.0,0.0,1.0,0.0,0.0,0.0,0.0,0.0,0.0,0.0,0.0,0.0,0.0,0.0,0.0,0.0,0.0,0.0,0.0,7.422379678255272
-0.6995215393477391,-0.7349910214141384,-0.20983045890176158,0.24978623339432163,0.884149834718391,-0.2434609991548385,-1.2118405768621683,0.0,0.0,0.0,0.0,0.0,0.0,0.0,0.0,0.0,0.0,0.0,0.0,0.0,0.0,0.0,0.0,1.0,0.0,0.0,0.0,0.0,0.0,0.0,0.0,0.0,0.0,6.7850338193584285
1.8677910186782187,1.8415669924625249,1.8198914120312308,0.24978623339432163,0.884149834718391,2.053480343915099,-0.47945174842919047,0.0,0.0,0.0,0.0,0.0,0.0,0.0,0.0,0.0,0.0,0.0,0.0,0.0,0.0,0.0,0.0,0.0,0.0,0.0,0.0,0.0,0.0,0.0,0.0,1.0,0.0,9.435513861570863
-0.6013183267456532,-0.651586766918643,-0.7172609266350096,0.24978623339432163,0.010310785244529358,-1.3919316706898073,-0.2352806132482692,0.0,0.0,0.0,0.0,0.0,0.0,0.0,0.0,0.0,0.0,0.0,0.0,0.0,0.0,0.0,0.0,0.0,1.0,0.0,0.0,0.0,0.0,0.0,0.0,0.0,0.0,6.045573872755014
-0.0962732333634976,-0.4652468818749098,-0.7172609266350096,0.24978623339432163,0.010310785244529358,-0.2434609991548385,1.4797724571781306,0.0,0.0,0.0,0.0,0.0,0.0,0.0,0.0,1.0,0.0,0.0,0.0,0.0,0.0,0.0,0.0,0.0,0.0,0.0,0.0,0.0,0.0,0.0,0.0,0.0,0.0,6.963776379659917
0.044017070353767854,-0.32799937447725924,-0.20983045890176158,0.24978623339432163,-1.154807947387286,0.9050096723801302,0.6611139802182202,0.0,0.0,0.0,0.0,0.0,0.0,1.0,0.0,0.0,0.0,0.0,0.0,0.0,0.0,0.0,0.0,0.0,0.0,0.0,0.0,0.0,0.0,0.0,0.0,0.0,0.0,7.07875464769028
-0.8117537823215515,-0.739741896670211,-0.7172609266350096,0.24978623339432163,1.175429517876345,0.3307743366126458,-1.0466513292856878,0.0,0.0,0.0,0.0,0.0,0.0,0.0,0.0,0.0,0.0,0.0,0.0,0.0,0.0,0.0,0.0,0.0,0.0,0.0,0.0,0.0,1.0,0.0,0.0,0.0,0.0,5.190063781107782
0.45085895113383767,1.8415669924625249,0.2976000088314865,0.24978623339432163,-0.28096889791342455,-0.8176963349223229,2.0968028819491016,0.0,0.0,0.0,0.0,0.0,0.0,0.0,0.0,0.0,0.0,0.0,0.0,0.0,0.0,0.0,1.0,0.0,0.0,0.0,0.0,0.0,0.0,0.0,0.0,0.0,0.0,9.548914683403543
-0.8398118430650046,-0.6885380189103182,-0.7172609266350096,0.24978623339432163,-1.154807947387286,-0.2434609991548385,-0.5753761229645524,0.0,0.0,0.0,0.0,0.0,0.0,0.0,0.0,0.0,1.0,0.0,0.0,0.0,0.0,0.0,0.0,0.0,0.0,0.0,0.0,0.0,0.0,0.0,0.0,0.0,0.0,6.039540170339546
1.8677910186782187,1.8415669924625249,1.8198914120312308,0.24978623339432163,0.884149834718391,0.3307743366126458,0.011531556660119263,0.0,0.0,0.0,0.0,0.0,0.0,0.0,0.0,0.0,0.0,0.0,0.0,0.0,0.0,0.0,0.0,0.0,0.0,0.0,0.0,0.0,0.0,0.0,0.0,1.0,0.0,10.91705525608357
0.7174105281966421,1.8415669924625249,-0.20983045890176158,0.24978623339432163,-1.4460876305452401,-1.3919316706898073,2.0968028819491016,0.0,0.0,0.0,0.0,0.0,0.0,0.0,0.0,0.0,0.0,0.0,0.0,0.0,0.0,0.0,1.0,0.0,0.0,0.0,0.0,0.0,0.0,0.0,0.0,0.0,0.0,9.81358910286909
-0.33476674968284886,-0.4689420070740773,-0.20983045890176158,0.24978623339432163,-0.28096889791342455,-0.2434609991548385,0.012503258116451445,0.0,0.0,0.0,0.0,0.0,0.0,1.0,0.0,0.0,0.0,0.0,0.0,0.0,0.0,0.0,0.0,0.0,0.0,0.0,0.0,0.0,0.0,0.0,0.0,0.0,0.0,6.927753965488826
1.8677910186782187,1.8415669924625249,1.8198914120312308,0.24978623339432163,-1.154807947387286,0.3307743366126458,-0.060931884730952145,0.0,0.0,0.0,0.0,0.0,0.0,0.0,0.0,0.0,0.0,0.0,0.0,0.0,0.0,0.0,0.0,0.0,0.0,0.0,0.0,0.0,0.0,0.0,0.0,1.0,0.0,10.42801458188149
-0.5592312356304736,-0.6917052690810332,-0.7172609266350096,0.24978623339432163,0.884149834718391,0.9050096723801302,-0.6045271666545196,0.0,1.0,0.0,0.0,0.0,0.0,0.0,0.0,0.0,0.0,0.0,0.0,0.0,0.0,0.0,0.0,0.0,0.0,0.0,0.0,0.0,0.0,0.0,0.0,0.0,0.0,6.214928047233112
-0.8538408734367311,-0.1089312376694708,-0.7172609266350096,0.24978623339432163,0.5928701515604371,2.053480343915099,2.0968028819491016,0.0,0.0,0.0,0.0,0.0,0.0,1.0,0.0,0.0,0.0,0.0,0.0,0.0,0.0,0.0,0.0,0.0,0.0,0.0,0.0,0.0,0.0,0.0,0.0,0.0,0.0,6.445783309433534
-0.6153473571173798,-0.6890658939387707,-0.7172609266350096,0.24978623339432163,-0.28096889791342455,-1.3919316706898073,-0.5802346302462137,0.0,0.0,0.0,0.0,0.0,0.0,0.0,0.0,0.0,0.0,0.0,0.0,0.0,0.0,0.0,0.0,0.0,0.0,0.0,0.0,0.0,1.0,0.0,0.0,0.0,0.0,5.883294532947113
-0.825782812693278,-0.756633897580691,-0.7172609266350096,0.24978623339432163,1.4667092010342988,-0.8176963349223229,-1.202123562298846,0.0,0.0,0.0,0.0,0.0,0.0,0.0,0.0,0.0,0.0,0.0,0.0,0.0,1.0,0.0,0.0,0.0,0.0,0.0,0.0,0.0,0.0,0.0,0.0,0.0,0.0,5.305541211637356
-0.6854925089760125,-0.649475266804833,-0.7172609266350096,0.24978623339432163,-0.8635282642293323,0.3307743366126458,-0.21584658412162447,0.0,1.0,0.0,0.0,0.0,0.0,0.0,0.0,0.0,0.0,0.0,0.0,0.0,0.0,0.0,0.0,0.0,0.0,0.0,0.0,0.0,0.0,0.0,0.0,0.0,0.0,5.546582706636026
-0.8818989341801842,-0.7698307732920036,-0.7172609266350096,0.24978623339432163,-0.5722485810713784,0.3307743366126458,-1.3235862443403756,0.0,0.0,0.0,0.0,0.0,0.0,0.0,0.0,0.0,0.0,0.0,0.0,0.0,0.0,0.0,0.0,0.0,1.0,0.0,0.0,0.0,0.0,0.0,0.0,0.0,0.0,4.499809670330265
-0.8538408734367311,-0.7645520230074785,-0.7172609266350096,0.24978623339432163,-0.8635282642293323,0.9050096723801302,-1.2750011715237637,0.0,0.0,0.0,0.0,0.0,0.0,0.0,0.0,0.0,0.0,0.0,0.0,1.0,0.0,0.0,0.0,0.0,0.0,0.0,0.0,0.0,0.0,0.0,0.0,0.0,0.0,4.709530201312334
0.3666847689034784,-0.4409646305660947,-0.7172609266350096,0.24978623339432163,-1.737367313703194,0.3307743366126458,1.7032637921345453,0.0,0.0,0.0,0.0,0.0,0.0,0.0,0.0,0.0,0.0,0.0,0.0,0.0,0.0,0.0,0.0,0.0,0.0,0.0,0.0,0.0,1.0,0.0,0.0,0.0,0.0,7.448246495403878
-0.2646215978242161,0.49126266968102417,-0.7172609266350096,-4.003423192752847,1.4667092010342988,2.053480343915099,2.0968028819491016,0.0,0.0,0.0,0.0,0.0,0.0,0.0,0.0,0.0,0.0,0.0,0.0,0.0,0.0,1.0,0.0,0.0,0.0,0.0,0.0,0.0,0.0,0.0,0.0,0.0,0.0,8.186350280368359
-0.7696666912063718,-0.7307680211865184,-0.7172609266350096,0.24978623339432163,0.010310785244529358,-0.2434609991548385,-0.9640567054974476,0.0,0.0,0.0,0.0,0.0,0.0,0.0,0.0,0.0,1.0,0.0,0.0,0.0,0.0,0.0,0.0,0.0,0.0,0.0,0.0,0.0,0.0,0.0,0.0,0.0,0.0,5.644421637261052
-0.0962732333634976,-0.38342625246477197,-0.20983045890176158,-4.003423192752847,1.4667092010342988,-0.8176963349223229,0.4060423479310078,0.0,0.0,0.0,0.0,0.0,0.0,0.0,0.0,1.0,0.0,0.0,0.0,0.0,0.0,0.0,0.0,0.0,0.0,0.0,0.0,0.0,0.0,0.0,0.0,0.0,0.0,7.279305042216046
-0.1243312941069507,-0.5665988873377902,-0.20983045890176158,0.24978623339432163,-1.154807947387286,-0.2434609991548385,-0.4369086654372086,0.0,0.0,0.0,0.0,0.0,0.0,0.0,0.0,0.0,0.0,0.0,0.0,0.0,0.0,0.0,0.0,0.0,0.0,0.0,0.0,0.0,1.0,0.0,0.0,0.0,0.0,7.1065651532808936
-0.6995215393477391,-0.6869543938249607,-0.7172609266350096,0.24978623339432163,0.5928701515604371,0.9050096723801302,-0.5608006011195689,0.0,0.0,0.0,0.0,0.0,0.0,0.0,0.0,0.0,1.0,0.0,0.0,0.0,0.0,0.0,0.0,0.0,0.0,0.0,0.0,0.0,0.0,0.0,0.0,0.0,0.0,5.645234861030788
1.8677910186782187,1.8415669924625249,1.8198914120312308,0.24978623339432163,0.010310785244529358,-0.8176963349223229,-0.10925688355456768,0.0,0.0,0.0,0.0,0.0,0.0,0.0,0.0,0.0,0.0,0.0,0.0,0.0,0.0,0.0,0.0,0.0,0.0,0.0,0.0,0.0,0.0,0.0,0.0,1.0,0.0,9.92274351082819
-0.8538408734367311,-0.7318237712434233,-0.7172609266350096,0.24978623339432163,1.175429517876345,0.9050096723801302,-0.97377372006077,0.0,0.0,0.0,0.0,0.0,0.0,1.0,0.0,0.0,0.0,0.0,0.0,0.0,0.0,0.0,0.0,0.0,0.0,0.0,0.0,0.0,0.0,0.0,0.0,0.0,0.0,5.686263238437263
-0.7696666912063718,-0.6822035185688882,-0.7172609266350096,0.24978623339432163,1.175429517876345,0.3307743366126458,-0.5170740355846182,0.0,0.0,0.0,0.0,0.0,0.0,0.0,0.0,0.0,0.0,0.0,0.0,0.0,0.0,0.0,0.0,0.0,1.0,0.0,0.0,0.0,0.0,0.0,0.0,0.0,0.0,6.612618824869523
1.8677910186782187,1.8415669924625249,1.8198914120312308,0.24978623339432163,0.010310785244529358,2.053480343915099,0.0013418224693919861,0.0,0.0,0.0,0.0,0.0,0.0,0.0,0.0,0.0,0.0,0.0,0.0,0.0,0.0,0.0,0.0,0.0,0.0,0.0,0.0,0.0,0.0,0.0,0.0,1.0,0.0,9.522887237316407
-0.0682151726200445,-0.388705002749297,-0.20983045890176158,0.24978623339432163,0.010310785244529358,-1.3919316706898073,0.3817498115227018,0.0,0.0,0.0,0.0,0.0,0.0,0.0,0.0,0.0,1.0,0.0,0.0,0.0,0.0,0.0,0.0,0.0,0.0,0.0,0.0,0.0,0.0,0.0,0.0,0.0,0.0,7.03190025672299
1.8677910186782187,1.8415669924625249,1.8198914120312308,0.24978623339432163,0.5928701515604371,-0.8176963349223229,-0.11285901529588517,0.0,0.0,0.0,0.0,0.0,0.0,0.0,0.0,0.0,0.0,0.0,0.0,0.0,0.0,0.0,0.0,0.0,0.0,0.0,0.0,0.0,0.0,0.0,0.0,1.0,0.0,10.453074649405444
0.31056864741657225,-0.10998698772637581,1.8198914120312308,0.24978623339432163,-0.5722485810713784,0.3307743366126458,-0.39237234868864773,0.0,0.0,0.0,0.0,0.0,0.0,0.0,0.0,0.0,1.0,0.0,0.0,0.0,0.0,0.0,0.0,0.0,0.0,0.0,0.0,0.0,0.0,0.0,0.0,0.0,0.0,7.641141884401581
-0.7696666912063718,-0.5634316371670752,-0.7172609266350096,0.24978623339432163,0.010310785244529358,-1.3919316706898073,0.5760901027891494,0.0,0.0,0.0,0.0,0.0,0.0,0.0,0.0,0.0,0.0,0.0,0.0,0.0,0.0,0.0,0.0,0.0,0.0,0.0,0.0,0.0,0.0,0.0,1.0,0.0,0.0,6.75343791859778
1.8677910186782187,1.8415669924625249,1.8198914120312308,-4.003423192752847,1.4667092010342988,0.3307743366126458,-0.25438525205073353,0.0,0.0,0.0,0.0,0.0,0.0,0.0,0.0,0.0,0.0,0.0,0.0,0.0,0.0,0.0,0.0,0.0,0.0,0.0,0.0,0.0,0.0,0.0,0.0,1.0,0.0,10.773715288135655
1.8677910186782187,1.8415669924625249,1.8198914120312308,0.24978623339432163,1.175429517876345,-0.8176963349223229,-0.1604292354401765,0.0,0.0,0.0,0.0,0.0,0.0,0.0,0.0,0.0,0.0,0.0,0.0,0.0,0.0,0.0,0.0,0.0,0.0,0.0,0.0,0.0,0.0,0.0,0.0,1.0,0.0,10.845880439713778
0.07207513109722094,-0.07673086093386818,1.8198914120312308,0.24978623339432163,0.30159046840248327,-0.2434609991548385,-0.4955577890515473,0.0,0.0,0.0,0.0,0.0,0.0,0.0,0.0,0.0,1.0,0.0,0.0,0.0,0.0,0.0,0.0,0.0,0.0,0.0,0.0,0.0,0.0,0.0,0.0,0.0,0.0,7.444500079873743
-0.7556376608346452,-0.5407330109436176,-0.7172609266350096,0.24978623339432163,-1.4460876305452401,0.3307743366126458,0.7850059159005806,0.0,0.0,0.0,0.0,0.0,0.0,0.0,0.0,1.0,0.0,0.0,0.0,0.0,0.0,0.0,0.0,0.0,0.0,0.0,0.0,0.0,0.0,0.0,0.0,0.0,0.0,5.776289165442949
-0.6854925089760125,-0.7070136449061558,-0.7172609266350096,0.24978623339432163,-0.5722485810713784,2.053480343915099,-0.7454238778226941,0.0,0.0,0.0,0.0,0.0,0.0,1.0,0.0,0.0,0.0,0.0,0.0,0.0,0.0,0.0,0.0,0.0,0.0,0.0,0.0,0.0,0.0,0.0,0.0,0.0,0.0,6.4048647555354705
1.026049196374626,1.8415669924625249,1.8198914120312308,0.24978623339432163,-0.5722485810713784,0.3307743366126458,2.0968028819491016,0.0,0.0,0.0,0.0,0.0,0.0,0.0,0.0,0.0,1.0,0.0,0.0,0.0,0.0,0.0,0.0,0.0,0.0,0.0,0.0,0.0,0.0,0.0,0.0,0.0,0.0,9.406421003740704
-0.7416086304629187,-0.6763968932559107,-0.7172609266350096,0.24978623339432163,-1.4460876305452401,-0.8176963349223229,-0.4636304554863451,1.0,0.0,0.0,0.0,0.0,0.0,0.0,0.0,0.0,0.0,0.0,0.0,0.0,0.0,0.0,0.0,0.0,0.0,0.0,0.0,0.0,0.0,0.0,0.0,0.0,0.0,5.901539839579995
-0.5452022052587471,-0.5745170127645778,-0.20983045890176158,0.24978623339432163,-0.8635282642293323,-1.3919316706898073,-0.4733474700496675,0.0,0.0,0.0,0.0,0.0,0.0,0.0,0.0,0.0,1.0,0.0,0.0,0.0,0.0,0.0,0.0,0.0,0.0,0.0,0.0,0.0,0.0,0.0,0.0,0.0,0.0,6.515142228237775
-0.5872892963739267,-0.6658393926868607,-0.7172609266350096,0.24978623339432163,-1.154807947387286,-1.3919316706898073,-0.36646030985312134,0.0,0.0,0.0,0.0,0.0,0.0,0.0,0.0,0.0,0.0,0.0,0.0,0.0,0.0,0.0,0.0,0.0,0.0,0.0,1.0,0.0,0.0,0.0,0.0,0.0,0.0,5.995307154825432
-0.6013183267456532,-0.6294160157236379,-0.7172609266350096,0.24978623339432163,0.010310785244529358,0.9050096723801302,-0.03122330741849926,0.0,0.0,0.0,0.0,0.0,0.0,1.0,0.0,0.0,0.0,0.0,0.0,0.0,0.0,0.0,0.0,0.0,0.0,0.0,0.0,0.0,0.0,0.0,0.0,0.0,0.0,6.5929623389836856
-0.5031151141435675,-0.6742853931421007,-0.7172609266350096,0.24978623339432163,-1.154807947387286,-0.8176963349223229,-0.44419642635970036,0.0,0.0,0.0,0.0,0.0,0.0,0.0,0.0,1.0,0.0,0.0,0.0,0.0,0.0,0.0,0.0,0.0,0.0,0.0,0.0,0.0,0.0,0.0,0.0,0.0,0.0,6.263360166627886
0.689352467453189,0.0029782683624596604,-0.7172609266350096,0.24978623339432163,0.884149834718391,2.053480343915099,2.0968028819491016,0.0,0.0,0.0,0.0,0.0,0.0,0.0,0.0,0.0,0.0,0.0,0.0,0.0,0.0,0.0,0.0,0.0,0.0,0.0,0.0,0.0,1.0,0.0,0.0,0.0,0.0,7.68590974635051
-0.8678699038084576,-0.7619126478652161,-0.7172609266350096,0.24978623339432163,0.30159046840248327,-0.8176963349223229,-1.2507086351154577,0.0,0.0,0.0,0.0,0.0,0.0,0.0,0.0,0.0,1.0,0.0,0.0,0.0,0.0,0.0,0.0,0.0,0.0,0.0,0.0,0.0,0.0,0.0,0.0,0.0,0.0,4.6441985729555695
1.8677910186782187,1.8415669924625249,1.8198914120312308,0.24978623339432163,-1.737367313703194,-1.3919316706898073,-0.5014384757872722,0.0,0.0,0.0,0.0,0.0,0.0,0.0,0.0,0.0,0.0,0.0,0.0,0.0,0.0,0.0,0.0,0.0,0.0,0.0,0.0,0.0,0.0,0.0,0.0,1.0,0.0,9.77467074306416
-0.11030226373522414,-0.07092423562089065,0.8050304765647346,0.24978623339432163,-0.28096889791342455,-0.2434609991548385,0.2117020566645602,0.0,0.0,0.0,0.0,0.0,0.0,0.0,0.0,1.0,0.0,0.0,0.0,0.0,0.0,0.0,0.0,0.0,0.0,0.0,0.0,0.0,0.0,0.0,0.0,0.0,0.0,7.377183742851975
-0.6434054178608329,-0.637862016178878,-0.20983045890176158,0.24978623339432163,0.884149834718391,0.9050096723801302,-0.7648579069493389,0.0,0.0,0.0,0.0,0.0,0.0,0.0,0.0,0.0,1.0,0.0,0.0,0.0,0.0,0.0,0.0,0.0,0.0,0.0,0.0,0.0,0.0,0.0,0.0,0.0,0.0,7.2064143827724925
-0.2786506281959427,-0.49903088369586995,1.3124609442979827,0.24978623339432163,-0.5722485810713784,0.3307743366126458,-0.9028395137485167,0.0,0.0,0.0,0.0,0.0,0.0,0.0,0.0,0.0,1.0,0.0,0.0,0.0,0.0,0.0,0.0,0.0,0.0,0.0,0.0,0.0,0.0,0.0,0.0,0.0,0.0,6.935885877359884
1.2505136823222507,0.4009960398156463,1.8198914120312308,-4.003423192752847,1.4667092010342988,-0.2434609991548385,-0.69586710354975,0.0,0.0,0.0,0.0,0.0,0.0,0.0,0.0,0.0,0.0,0.0,0.0,0.0,0.0,0.0,0.0,0.0,0.0,0.0,0.0,0.0,0.0,0.0,0.0,1.0,0.0,8.61065621172594
1.8677910186782187,1.8415669924625249,1.8198914120312308,0.24978623339432163,1.175429517876345,-1.3919316706898073,-0.20932358823420902,0.0,0.0,0.0,0.0,0.0,0.0,0.0,0.0,0.0,0.0,0.0,0.0,0.0,0.0,0.0,0.0,0.0,0.0,0.0,0.0,0.0,0.0,0.0,0.0,1.0,0.0,10.871424176627912
-0.5872892963739267,-0.5523462615695727,-0.7172609266350096,0.24978623339432163,-0.8635282642293323,-0.8176963349223229,0.6781187557040343,0.0,0.0,0.0,0.0,0.0,0.0,0.0,0.0,0.0,0.0,0.0,0.0,0.0,0.0,0.0,0.0,0.0,0.0,1.0,0.0,0.0,0.0,0.0,0.0,0.0,0.0,6.560804331939854
-0.4049119015414816,-0.5914090136750578,-0.20983045890176158,0.24978623339432163,0.30159046840248327,0.3307743366126458,-0.5510835865562466,0.0,1.0,0.0,0.0,0.0,0.0,0.0,0.0,0.0,0.0,0.0,0.0,0.0,0.0,0.0,0.0,0.0,0.0,0.0,0.0,0.0,0.0,0.0,0.0,0.0,0.0,6.6251138146267055
-0.8538408734367311,-0.7355188964425909,-0.20983045890176158,0.24978623339432163,0.30159046840248327,-1.3919316706898073,-1.2142698305029989,0.0,0.0,0.0,0.0,0.0,0.0,0.0,0.0,0.0,0.0,0.0,0.0,0.0,0.0,0.0,0.0,0.0,0.0,0.0,0.0,0.0,0.0,1.0,0.0,0.0,0.0,5.521860837883573
-0.20850547633730998,1.7101261103778518,-0.7172609266350096,0.24978623339432163,-0.28096889791342455,2.053480343915099,2.0968028819491016,0.0,0.0,0.0,0.0,0.0,0.0,0.0,0.0,0.0,0.0,0.0,0.0,0.0,0.0,0.0,1.0,0.0,0.0,0.0,0.0,0.0,0.0,0.0,0.0,0.0,0.0,8.645421045107794
-0.6995215393477391,-0.6869543938249607,-0.7172609266350096,0.24978623339432163,0.010310785244529358,0.3307743366126458,-0.5608006011195689,0.0,0.0,0.0,0.0,0.0,0.0,0.0,0.0,0.0,1.0,0.0,0.0,0.0,0.0,0.0,0.0,0.0,0.0,0.0,0.0,0.0,0.0,0.0,0.0,0.0,0.0,5.956199998007671
-0.4890860837718409,-0.5829630132198178,-0.20983045890176158,0.24978623339432163,0.884149834718391,0.9050096723801302,-0.512215528302957,0.0,0.0,0.0,0.0,0.0,0.0,0.0,0.0,0.0,0.0,0.0,0.0,0.0,0.0,0.0,0.0,1.0,0.0,0.0,0.0,0.0,0.0,0.0,0.0,0.0,0.0,6.950489044902347
-0.7275796000911922,-0.7133481452475858,-0.7172609266350096,0.24978623339432163,1.175429517876345,0.3307743366126458,-0.8037259652026284,0.0,0.0,0.0,0.0,0.0,0.0,0.0,0.0,0.0,0.0,0.0,0.0,0.0,0.0,0.0,0.0,1.0,0.0,0.0,0.0,0.0,0.0,0.0,0.0,0.0,0.0,5.745340198461279
-0.7275796000911922,-0.7202105206174684,-0.7172609266350096,0.24978623339432163,-0.5722485810713784,-1.3919316706898073,-0.8668865598642238,0.0,0.0,0.0,0.0,0.0,0.0,0.0,0.0,0.0,0.0,0.0,0.0,0.0,0.0,0.0,0.0,0.0,0.0,0.0,0.0,0.0,0.0,0.0,1.0,0.0,0.0,5.756691130311603
-0.7696666912063718,-0.7228498957597309,-0.7172609266350096,0.24978623339432163,-0.8635282642293323,-0.2434609991548385,-0.8911790962725298,0.0,0.0,0.0,0.0,0.0,0.0,0.0,0.0,0.0,0.0,0.0,0.0,0.0,0.0,0.0,0.0,0.0,0.0,0.0,0.0,0.0,0.0,1.0,0.0,0.0,0.0,5.780743515792329
-0.2505925674524896,0.8692211900530158,0.2976000088314865,0.24978623339432163,0.5928701515604371,0.9050096723801302,2.0968028819491016,0.0,0.0,0.0,0.0,0.0,0.0,1.0,0.0,0.0,0.0,0.0,0.0,0.0,0.0,0.0,0.0,0.0,0.0,0.0,0.0,0.0,0.0,0.0,0.0,0.0,0.0,8.741382595635587
-0.6995215393477391,-0.159607240400911,-0.7172609266350096,0.24978623339432163,0.5928701515604371,-0.2434609991548385,2.0968028819491016,0.0,0.0,0.0,0.0,0.0,1.0,0.0,0.0,0.0,0.0,0.0,0.0,0.0,0.0,0.0,0.0,0.0,0.0,0.0,0.0,0.0,0.0,0.0,0.0,0.0,0.0,8.256321812041056
1.8677910186782187,1.8415669924625249,1.8198914120312308,0.24978623339432163,0.5928701515604371,-1.3919316706898073,-0.2104879363844982,0.0,0.0,0.0,0.0,0.0,0.0,0.0,0.0,0.0,0.0,0.0,0.0,0.0,0.0,0.0,0.0,0.0,0.0,0.0,0.0,0.0,0.0,0.0,0.0,1.0,0.0,10.300225691179339
1.8677910186782187,1.8415669924625249,1.8198914120312308,0.24978623339432163,-1.4460876305452401,-0.8176963349223229,-0.42384569774594966,0.0,0.0,0.0,0.0,0.0,0.0,0.0,0.0,0.0,0.0,0.0,0.0,0.0,0.0,0.0,0.0,0.0,0.0,0.0,0.0,0.0,0.0,0.0,0.0,1.0,0.0,9.875654275718945
0.5490621637359235,1.8415669924625249,-0.7172609266350096,0.24978623339432163,-1.737367313703194,0.9050096723801302,2.0968028819491016,0.0,0.0,0.0,0.0,0.0,0.0,0.0,0.0,0.0,0.0,0.0,0.0,0.0,0.0,0.0,1.0,0.0,0.0,0.0,0.0,0.0,0.0,0.0,0.0,0.0,0.0,8.994830112817368
-0.6153473571173798,-0.6394456412642355,-0.7172609266350096,0.24978623339432163,-0.5722485810713784,-0.8176963349223229,-0.12353494577006185,0.0,0.0,0.0,0.0,0.0,0.0,0.0,0.0,0.0,0.0,0.0,0.0,0.0,1.0,0.0,0.0,0.0,0.0,0.0,0.0,0.0,0.0,0.0,0.0,0.0,0.0,6.377491961323671
1.8677910186782187,1.8415669924625249,1.8198914120312308,-4.003423192752847,1.4667092010342988,-0.8176963349223229,0.036431406478632855,0.0,0.0,0.0,0.0,0.0,0.0,0.0,0.0,0.0,0.0,0.0,0.0,0.0,0.0,0.0,0.0,0.0,0.0,0.0,0.0,0.0,0.0,0.0,0.0,1.0,0.0,11.481038744227765
-0.33476674968284886,-0.535982135687545,-0.20983045890176158,0.24978623339432163,0.30159046840248327,0.3307743366126458,-0.2960119542690341,0.0,0.0,0.0,0.0,0.0,0.0,0.0,0.0,1.0,0.0,0.0,0.0,0.0,0.0,0.0,0.0,0.0,0.0,0.0,0.0,0.0,0.0,0.0,0.0,0.0,0.0,6.640907980718185
-0.29267965856766925,-0.5544577616833827,-0.7172609266350096,0.24978623339432163,-0.5722485810713784,-0.8176963349223229,0.6586847265773896,0.0,0.0,0.0,0.0,0.0,0.0,1.0,0.0,0.0,0.0,0.0,0.0,0.0,0.0,0.0,0.0,0.0,0.0,0.0,0.0,0.0,0.0,0.0,0.0,0.0,0.0,7.104242691248991
-0.8678699038084576,-0.5629037621386227,-0.7172609266350096,0.24978623339432163,-0.5722485810713784,-0.2434609991548385,0.5809486100708106,0.0,0.0,0.0,0.0,0.0,0.0,0.0,0.0,0.0,0.0,0.0,0.0,0.0,0.0,0.0,1.0,0.0,0.0,0.0,0.0,0.0,0.0,0.0,0.0,0.0,0.0,6.597691255637225
1.8677910186782187,1.8415669924625249,1.8198914120312308,0.24978623339432163,-0.5722485810713784,0.9050096723801302,-0.2204661484222204,0.0,0.0,0.0,0.0,0.0,0.0,0.0,0.0,0.0,0.0,0.0,0.0,0.0,0.0,0.0,0.0,0.0,0.0,0.0,0.0,0.0,0.0,0.0,0.0,1.0,0.0,10.18854543481075
1.8677910186782187,1.8415669924625249,1.8198914120312308,0.24978623339432163,-0.5722485810713784,2.053480343915099,-0.6659355127883029,0.0,0.0,0.0,0.0,0.0,0.0,0.0,0.0,0.0,0.0,0.0,0.0,0.0,0.0,0.0,0.0,0.0,0.0,0.0,0.0,0.0,0.0,0.0,0.0,1.0,0.0,9.735863851126688
-0.6995215393477391,-0.6769247682843632,-0.7172609266350096,0.24978623339432163,0.884149834718391,-1.3919316706898073,-0.4684889627680063,0.0,1.0,0.0,0.0,0.0,0.0,0.0,0.0,0.0,0.0,0.0,0.0,0.0,0.0,0.0,0.0,0.0,0.0,0.0,0.0,0.0,0.0,0.0,0.0,0.0,0.0,5.81018244988869
-0.5311731748870205,-0.6141076398985154,-0.7172609266350096,0.24978623339432163,-1.737367313703194,-0.2434609991548385,0.10967340374967523,0.0,0.0,0.0,0.0,0.0,0.0,0.0,0.0,0.0,0.0,0.0,1.0,0.0,0.0,0.0,0.0,0.0,0.0,0.0,0.0,0.0,0.0,0.0,0.0,0.0,0.0,6.166236846496772
-0.362824810426302,-0.519090134777065,0.8050304765647346,0.24978623339432163,0.884149834718391,-1.3919316706898073,-0.8195161138680273,0.0,0.0,0.0,0.0,0.0,0.0,0.0,0.0,0.0,1.0,0.0,0.0,0.0,0.0,0.0,0.0,0.0,0.0,0.0,0.0,0.0,0.0,0.0,0.0,0.0,0.0,6.667630865445388
-0.3207377193111223,-0.6405013913211405,-0.7172609266350096,0.24978623339432163,-1.154807947387286,0.9050096723801302,-0.13325196033338424,0.0,0.0,0.0,0.0,0.0,0.0,1.0,0.0,0.0,0.0,0.0,0.0,0.0,0.0,0.0,0.0,0.0,0.0,0.0,0.0,0.0,0.0,0.0,0.0,0.0,0.0,6.612994880852574
1.8677910186782187,1.8415669924625249,1.8198914120312308,0.24978623339432163,-0.8635282642293323,-0.2434609991548385,0.024163675592438188,0.0,0.0,0.0,0.0,0.0,0.0,0.0,0.0,0.0,0.0,0.0,0.0,0.0,0.0,0.0,0.0,0.0,0.0,0.0,0.0,0.0,0.0,0.0,0.0,1.0,0.0,10.22316489836911
0.0019299792385882172,-0.397151003204537,0.2976000088314865,0.24978623339432163,0.30159046840248327,-0.8176963349223229,-0.2449976278115916,0.0,0.0,0.0,0.0,0.0,0.0,0.0,0.0,0.0,1.0,0.0,0.0,0.0,0.0,0.0,0.0,0.0,0.0,0.0,0.0,0.0,0.0,0.0,0.0,0.0,0.0,7.035506247096955
-0.6854925089760125,-0.5914090136750578,-0.7172609266350096,-4.003423192752847,1.4667092010342988,0.3307743366126458,0.31858921686110636,0.0,0.0,0.0,0.0,0.0,0.0,1.0,0.0,0.0,0.0,0.0,0.0,0.0,0.0,0.0,0.0,0.0,0.0,0.0,0.0,0.0,0.0,0.0,0.0,0.0,0.0,6.562528835865712
-0.6574344482325595,-0.6605606424023356,-0.7172609266350096,0.24978623339432163,0.5928701515604371,0.9050096723801302,-0.31787523703650944,0.0,0.0,0.0,0.0,0.0,0.0,0.0,0.0,0.0,0.0,0.0,0.0,0.0,0.0,0.0,0.0,0.0,0.0,0.0,1.0,0.0,0.0,0.0,0.0,0.0,0.0,5.762051382780177
1.8677910186782187,1.8415669924625249,1.8198914120312308,0.24978623339432163,-1.4460876305452401,-0.2434609991548385,-0.31092254558171833,0.0,0.0,0.0,0.0,0.0,0.0,0.0,0.0,0.0,0.0,0.0,0.0,0.0,0.0,0.0,0.0,0.0,0.0,0.0,0.0,0.0,0.0,0.0,0.0,1.0,0.0,9.946150411625009
-0.44699899265666126,-0.630471765780543,-0.7172609266350096,0.24978623339432163,0.884149834718391,0.3307743366126458,-0.04094032198182164,0.0,0.0,0.0,0.0,0.0,0.0,0.0,1.0,0.0,0.0,0.0,0.0,0.0,0.0,0.0,0.0,0.0,0.0,0.0,0.0,0.0,0.0,0.0,0.0,0.0,0.0,6.5550581274126225
-0.517144144515294,-0.5375657607729026,-0.7172609266350096,0.24978623339432163,-0.5722485810713784,-0.8176963349223229,0.8141569595905477,0.0,0.0,0.0,0.0,0.0,0.0,0.0,0.0,1.0,0.0,0.0,0.0,0.0,0.0,0.0,0.0,0.0,0.0,0.0,0.0,0.0,0.0,0.0,0.0,0.0,0.0,6.194609451915502
-0.6013183267456532,-0.6542261420609056,-0.7172609266350096,0.24978623339432163,-0.8635282642293323,0.3307743366126458,-0.2595731496565752,0.0,0.0,0.0,0.0,0.0,0.0,0.0,0.0,1.0,0.0,0.0,0.0,0.0,0.0,0.0,0.0,0.0,0.0,0.0,0.0,0.0,0.0,0.0,0.0,0.0,0.0,5.905906658746336
-0.19447644596558342,-0.516978634663255,-0.20983045890176158,0.24978623339432163,1.175429517876345,-0.2434609991548385,-0.20855882319913266,0.0,0.0,0.0,0.0,0.0,0.0,0.0,0.0,1.0,0.0,0.0,0.0,0.0,0.0,0.0,0.0,0.0,0.0,0.0,0.0,0.0,0.0,0.0,0.0,0.0,0.0,6.975245689005592
1.8677910186782187,1.8415669924625249,1.8198914120312308,0.24978623339432163,-0.5722485810713784,0.9050096723801302,-0.30285803271137485,0.0,0.0,0.0,0.0,0.0,0.0,0.0,0.0,0.0,0.0,0.0,0.0,0.0,0.0,0.0,0.0,0.0,0.0,0.0,0.0,0.0,0.0,0.0,0.0,1.0,0.0,10.33988786149285
-0.15238935485040378,-0.19497486730722866,-0.7172609266350096,0.24978623339432163,-1.154807947387286,-0.8176963349223229,2.0968028819491016,0.0,0.0,0.0,0.0,0.0,0.0,0.0,0.0,0.0,0.0,0.0,0.0,0.0,0.0,0.0,0.0,0.0,0.0,0.0,1.0,0.0,0.0,0.0,0.0,0.0,0.0,7.359588573017829
-0.6574344482325595,-0.6674230177722181,-0.7172609266350096,0.24978623339432163,0.010310785244529358,2.053480343915099,-0.3810358316981049,0.0,0.0,0.0,0.0,0.0,0.0,0.0,0.0,0.0,0.0,0.0,0.0,0.0,0.0,0.0,0.0,0.0,0.0,0.0,0.0,0.0,0.0,0.0,0.0,0.0,0.0,6.227445347223684
-0.9099569949236372,-0.7793325238041486,-0.7172609266350096,-4.003423192752847,1.4667092010342988,-1.3919316706898073,-1.411039375410277,0.0,0.0,0.0,0.0,0.0,0.0,0.0,0.0,0.0,1.0,0.0,0.0,0.0,0.0,0.0,0.0,0.0,0.0,0.0,0.0,0.0,0.0,0.0,0.0,0.0,0.0,2.598979106047848
0.35265573853175186,0.3550709123402786,0.8050304765647346,0.24978623339432163,0.884149834718391,-0.2434609991548385,1.1919059007397053,0.0,0.0,0.0,0.0,0.0,0.0,0.0,0.0,0.0,1.0,0.0,0.0,0.0,0.0,0.0,0.0,0.0,0.0,0.0,0.0,0.0,0.0,0.0,0.0,0.0,0.0,8.338047386579673
1.517065259385055,0.210433154544293,0.8050304765647346,0.24978623339432163,0.5928701515604371,-0.2434609991548385,0.8590981519459137,0.0,0.0,0.0,0.0,0.0,0.0,1.0,0.0,0.0,0.0,0.0,0.0,0.0,0.0,0.0,0.0,0.0,0.0,0.0,0.0,0.0,0.0,0.0,0.0,0.0,0.0,8.1363104459187
-0.7556376608346452,-0.7128202702191333,-0.7172609266350096,0.24978623339432163,-0.5722485810713784,0.9050096723801302,-0.7988674579209671,0.0,0.0,0.0,0.0,0.0,0.0,0.0,0.0,0.0,0.0,0.0,0.0,0.0,0.0,0.0,1.0,0.0,0.0,0.0,0.0,0.0,0.0,0.0,0.0,0.0,0.0,5.689413060688899
-0.362824810426302,-0.6230815153822079,-0.20983045890176158,0.24978623339432163,-0.5722485810713784,2.053480343915099,-0.6968388050060822,0.0,0.0,0.0,0.0,0.0,0.0,0.0,0.0,1.0,0.0,0.0,0.0,0.0,0.0,0.0,0.0,0.0,0.0,0.0,0.0,0.0,0.0,0.0,0.0,0.0,0.0,6.81532195705105
-0.39088287116975506,0.09535639834164754,0.8050304765647346,0.24978623339432163,0.5928701515604371,-1.3919316706898073,0.5943095050953788,0.0,0.0,0.0,0.0,0.0,0.0,0.0,0.0,0.0,1.0,0.0,0.0,0.0,0.0,0.0,0.0,0.0,0.0,0.0,0.0,0.0,0.0,0.0,0.0,0.0,0.0,7.684089449544096
-0.5452022052587471,-0.20975536810389872,-0.20983045890176158,0.24978623339432163,0.010310785244529358,0.3307743366126458,1.2052667957642735,0.0,0.0,0.0,0.0,0.0,0.0,0.0,0.0,0.0,1.0,0.0,0.0,0.0,0.0,0.0,0.0,0.0,0.0,0.0,0.0,0.0,0.0,0.0,0.0,0.0,0.0,7.3551809332146245
-0.6013183267456532,-0.636806266121973,-0.7172609266350096,0.24978623339432163,-0.28096889791342455,-0.8176963349223229,-0.0992424093617559,0.0,0.0,0.0,0.0,0.0,0.0,0.0,0.0,0.0,1.0,0.0,0.0,0.0,0.0,0.0,0.0,0.0,0.0,0.0,0.0,0.0,0.0,0.0,0.0,0.0,0.0,6.060897321823319
-0.6995215393477391,1.3691188419975353,-0.7172609266350096,0.24978623339432163,0.5928701515604371,-0.8176963349223229,2.0968028819491016,0.0,0.0,0.0,0.0,0.0,0.0,0.0,0.0,0.0,0.0,0.0,0.0,0.0,0.0,0.0,0.0,0.0,0.0,0.0,0.0,0.0,0.0,1.0,0.0,0.0,0.0,8.322413553991455
1.8677910186782187,1.8415669924625249,1.8198914120312308,0.24978623339432163,0.884149834718391,-1.3919316706898073,-0.18458314596136982,0.0,0.0,0.0,0.0,0.0,0.0,0.0,0.0,0.0,0.0,0.0,0.0,0.0,0.0,0.0,0.0,0.0,0.0,0.0,0.0,0.0,0.0,0.0,0.0,1.0,0.0,10.655317470675167
-0.7696666912063718,-0.7207383956459209,-0.7172609266350096,0.24978623339432163,-1.4460876305452401,-0.8176963349223229,-0.8717450671458851,0.0,0.0,0.0,0.0,0.0,0.0,0.0,0.0,0.0,0.0,0.0,0.0,0.0,0.0,0.0,1.0,0.0,0.0,0.0,0.0,0.0,0.0,0.0,0.0,0.0,0.0,5.372728864061847
1.6433265327305941,0.25371890687739823,-0.20983045890176158,0.24978623339432163,0.5928701515604371,0.9050096723801302,2.0968028819491016,0.0,0.0,0.0,0.0,0.0,0.0,1.0,0.0,0.0,0.0,0.0,0.0,0.0,0.0,0.0,0.0,0.0,0.0,0.0,0.0,0.0,0.0,0.0,0.0,0.0,0.0,8.161631912836256
0.14222028295585368,-0.14535461463269345,0.2976000088314865,0.24978623339432163,-1.737367313703194,-1.3919316706898073,0.5275050299725376,0.0,0.0,0.0,0.0,0.0,0.0,0.0,0.0,0.0,1.0,0.0,0.0,0.0,0.0,0.0,0.0,0.0,0.0,0.0,0.0,0.0,0.0,0.0,0.0,0.0,0.0,7.7688630562759196
-0.9239860252953638,-0.779860398832601,-0.7172609266350096,0.24978623339432163,-1.4460876305452401,0.3307743366126458,-1.4158978826919382,0.0,0.0,0.0,0.0,1.0,0.0,0.0,0.0,0.0,0.0,0.0,0.0,0.0,0.0,0.0,0.0,0.0,0.0,0.0,0.0,0.0,0.0,0.0,0.0,0.0,0.0,2.772588722239781
-0.6293763874891063,-0.6885380189103182,-0.20983045890176158,0.24978623339432163,-1.4460876305452401,-1.3919316706898073,-0.998066256469076,0.0,0.0,0.0,0.0,1.0,0.0,0.0,0.0,0.0,0.0,0.0,0.0,0.0,0.0,0.0,0.0,0.0,0.0,0.0,0.0,0.0,0.0,0.0,0.0,0.0,0.0,6.465180028897591
-0.7836957215780983,-0.7022627696500833,-0.7172609266350096,-4.003423192752847,1.4667092010342988,0.3307743366126458,-0.7016973122877433,0.0,0.0,0.0,0.0,0.0,0.0,0.0,0.0,0.0,1.0,0.0,0.0,0.0,0.0,0.0,0.0,0.0,0.0,0.0,0.0,0.0,0.0,0.0,0.0,0.0,0.0,5.05209708390385
-0.15238935485040378,-0.23931636969723885,-0.7172609266350096,0.24978623339432163,1.175429517876345,0.3307743366126458,2.0968028819491016,0.0,0.0,0.0,0.0,0.0,1.0,0.0,0.0,0.0,0.0,0.0,0.0,0.0,0.0,0.0,0.0,0.0,0.0,0.0,0.0,0.0,0.0,0.0,0.0,0.0,0.0,7.492788155687635
1.8677910186782187,1.8415669924625249,1.8198914120312308,0.24978623339432163,-0.5722485810713784,-1.3919316706898073,-0.5281160975883936,0.0,0.0,0.0,0.0,0.0,0.0,0.0,0.0,0.0,0.0,0.0,0.0,0.0,0.0,0.0,0.0,0.0,0.0,0.0,0.0,0.0,0.0,0.0,0.0,1.0,0.0,10.162152675917417
-0.8117537823215515,0.7166653068302427,-0.20983045890176158,0.24978623339432163,0.5928701515604371,0.3307743366126458,2.0968028819491016,0.0,0.0,0.0,0.0,0.0,0.0,0.0,0.0,0.0,0.0,0.0,0.0,0.0,0.0,0.0,0.0,0.0,0.0,0.0,0.0,0.0,0.0,0.0,0.0,0.0,0.0,7.987089602694708
-0.16641838522213034,-0.3649506264689344,-0.20983045890176158,0.24978623339432163,-0.28096889791342455,0.3307743366126458,0.4910662253600786,0.0,0.0,0.0,0.0,0.0,0.0,0.0,0.0,1.0,0.0,0.0,0.0,0.0,0.0,0.0,0.0,0.0,0.0,0.0,0.0,0.0,0.0,0.0,0.0,0.0,0.0,6.9388565802804845
-0.7977247519498248,-0.7323516462718759,-0.7172609266350096,0.24978623339432163,-1.4460876305452401,0.9050096723801302,-0.9786322273424312,0.0,1.0,0.0,0.0,0.0,0.0,0.0,0.0,0.0,0.0,0.0,0.0,0.0,0.0,0.0,0.0,0.0,0.0,0.0,0.0,0.0,0.0,0.0,0.0,0.0,0.0,5.251749730731702
0.8015847104270013,0.046791895724017346,1.3124609442979827,0.24978623339432163,1.175429517876345,-0.2434609991548385,0.10189979209901721,0.0,0.0,0.0,0.0,0.0,0.0,0.0,0.0,1.0,0.0,0.0,0.0,0.0,0.0,0.0,0.0,0.0,0.0,0.0,0.0,0.0,0.0,0.0,0.0,0.0,0.0,7.942571881653434
-0.6434054178608329,-0.6568655172031681,-0.7172609266350096,0.24978623339432163,-0.8635282642293323,-0.8176963349223229,-0.2838656860648811,0.0,0.0,0.0,0.0,0.0,0.0,1.0,0.0,0.0,0.0,0.0,0.0,0.0,0.0,0.0,0.0,0.0,0.0,0.0,0.0,0.0,0.0,0.0,0.0,0.0,0.0,5.909766303123477
-0.9239860252953638,-0.779860398832601,-0.7172609266350096,0.24978623339432163,-0.8635282642293323,0.9050096723801302,-1.4158978826919382,0.0,0.0,0.0,0.0,0.0,0.0,0.0,0.0,0.0,0.0,0.0,0.0,0.0,0.0,0.0,0.0,0.0,0.0,0.0,0.0,0.0,0.0,0.0,0.0,0.0,0.0,5.860786223465865
-0.4610280230283878,-0.5285918852892101,-0.20983045890176158,0.24978623339432163,1.4667092010342988,-1.3919316706898073,-0.26200240329740576,0.0,0.0,0.0,0.0,0.0,0.0,0.0,0.0,1.0,0.0,0.0,0.0,0.0,0.0,0.0,0.0,0.0,0.0,0.0,0.0,0.0,0.0,0.0,0.0,0.0,0.0,6.682709920378331
-0.0682151726200445,-0.41034787891584956,-0.7172609266350096,0.24978623339432163,-1.154807947387286,0.3307743366126458,1.9850572144708942,0.0,0.0,0.0,1.0,0.0,0.0,0.0,0.0,0.0,0.0,0.0,0.0,0.0,0.0,0.0,0.0,0.0,0.0,0.0,0.0,0.0,0.0,0.0,0.0,0.0,0.0,7.007718254090804
-0.1243312941069507,-0.3723408768672694,0.8050304765647346,0.24978623339432163,0.884149834718391,-0.2434609991548385,-0.48184985779257455,0.0,0.0,0.0,0.0,0.0,0.0,0.0,0.0,0.0,1.0,0.0,0.0,0.0,0.0,0.0,0.0,0.0,0.0,0.0,0.0,0.0,0.0,0.0,0.0,0.0,0.0,7.11794326825612
1.8677910186782187,1.8415669924625249,1.8198914120312308,0.24978623339432163,0.5928701515604371,0.3307743366126458,0.3426899700872415,0.0,0.0,0.0,0.0,0.0,0.0,0.0,0.0,0.0,0.0,0.0,0.0,0.0,0.0,0.0,0.0,0.0,0.0,0.0,0.0,0.0,0.0,0.0,0.0,1.0,0.0,11.213409918997945
0.29653961704484566,-0.3031892481399916,0.2976000088314865,0.24978623339432163,-0.28096889791342455,-1.3919316706898073,0.043273804233638885,0.0,0.0,0.0,0.0,0.0,0.0,0.0,0.0,1.0,0.0,0.0,0.0,0.0,0.0,0.0,0.0,0.0,0.0,0.0,0.0,0.0,0.0,0.0,0.0,0.0,0.0,7.78348231630706
-0.8398118430650046,-0.7276007710158033,-0.7172609266350096,0.24978623339432163,-1.737367313703194,0.3307743366126458,-0.9349056618074805,0.0,0.0,0.0,0.0,0.0,0.0,0.0,0.0,0.0,1.0,0.0,0.0,0.0,0.0,0.0,0.0,0.0,0.0,0.0,0.0,0.0,0.0,0.0,0.0,0.0,0.0,6.62598900695966
0.02998803998204131,-0.33538962487559426,0.2976000088314865,0.24978623339432163,0.30159046840248327,-0.2434609991548385,-0.0555158438268052,0.0,0.0,0.0,0.0,0.0,0.0,1.0,0.0,0.0,0.0,0.0,0.0,0.0,0.0,0.0,0.0,0.0,0.0,0.0,0.0,0.0,0.0,0.0,0.0,0.0,0.0,7.695776180475726
-0.5452022052587471,-0.643140766463403,-0.20983045890176158,0.24978623339432163,0.30159046840248327,0.9050096723801302,-0.7891504433576448,0.0,0.0,0.0,0.0,0.0,0.0,0.0,0.0,0.0,1.0,0.0,0.0,0.0,0.0,0.0,0.0,0.0,0.0,0.0,0.0,0.0,0.0,0.0,0.0,0.0,0.0,6.006673305393934
-0.7696666912063718,-0.7476600220969984,-0.7172609266350096,0.24978623339432163,0.884149834718391,2.053480343915099,-1.1195289385106058,0.0,0.0,0.0,0.0,0.0,0.0,0.0,0.0,0.0,0.0,0.0,0.0,0.0,1.0,0.0,0.0,0.0,0.0,0.0,0.0,0.0,0.0,0.0,0.0,0.0,0.0,5.840641657373398
0.0019299792385882172,-0.45521725633431226,0.8050304765647346,0.24978623339432163,0.010310785244529358,-0.8176963349223229,-0.6725462685977762,0.0,0.0,0.0,0.0,0.0,0.0,0.0,0.0,1.0,0.0,0.0,0.0,0.0,0.0,0.0,0.0,0.0,0.0,0.0,0.0,0.0,0.0,0.0,0.0,0.0,0.0,7.110573666501747
-0.7416086304629187,-0.402429753489062,-0.7172609266350096,0.24978623339432163,-0.28096889791342455,2.053480343915099,2.0579348236958124,0.0,0.0,0.0,0.0,0.0,0.0,0.0,0.0,1.0,0.0,0.0,0.0,0.0,0.0,0.0,0.0,0.0,0.0,0.0,0.0,0.0,0.0,0.0,0.0,0.0,0.0,5.889376449024197
-0.44699899265666126,-0.42882350491168714,0.2976000088314865,0.24978623339432163,0.5928701515604371,0.3307743366126458,-0.34216777344481536,0.0,0.0,0.0,0.0,0.0,0.0,0.0,0.0,0.0,1.0,0.0,0.0,0.0,0.0,0.0,0.0,0.0,0.0,0.0,0.0,0.0,0.0,0.0,0.0,0.0,0.0,7.134396705591487
-0.47505705340011434,-0.6626721425161456,-0.7172609266350096,0.24978623339432163,-0.5722485810713784,0.3307743366126458,-0.3373092661631542,0.0,0.0,0.0,1.0,0.0,0.0,0.0,0.0,0.0,0.0,0.0,0.0,0.0,0.0,0.0,0.0,0.0,0.0,0.0,0.0,0.0,0.0,0.0,0.0,0.0,0.0,6.819186325964147
0.3947428296469315,-0.160662990457816,0.2976000088314865,0.24978623339432163,-1.154807947387286,-0.8176963349223229,0.4805394595831459,0.0,0.0,0.0,0.0,0.0,0.0,1.0,0.0,0.0,0.0,0.0,0.0,0.0,0.0,0.0,0.0,0.0,0.0,0.0,0.0,0.0,0.0,0.0,0.0,0.0,0.0,8.128762175863853
-0.39088287116975506,-0.5006145087812275,-0.7172609266350096,0.24978623339432163,0.884149834718391,0.3307743366126458,1.154252469306831,0.0,0.0,0.0,0.0,0.0,0.0,0.0,0.0,1.0,0.0,0.0,0.0,0.0,0.0,0.0,0.0,0.0,0.0,0.0,0.0,0.0,0.0,0.0,0.0,0.0,0.0,6.964041089992729
1.8677910186782187,1.8415669924625249,1.8198914120312308,0.24978623339432163,-0.8635282642293323,-1.3919316706898073,0.2875978295038433,0.0,0.0,0.0,0.0,0.0,0.0,0.0,0.0,0.0,0.0,0.0,0.0,0.0,0.0,0.0,0.0,0.0,0.0,0.0,0.0,0.0,0.0,0.0,0.0,1.0,0.0,10.870198547817164
-0.7135505697194656,-0.18705674188044114,-0.20983045890176158,0.24978623339432163,0.884149834718391,-0.2434609991548385,1.309724702319989,0.0,0.0,0.0,0.0,0.0,0.0,0.0,0.0,0.0,0.0,0.0,0.0,0.0,0.0,1.0,0.0,0.0,0.0,0.0,0.0,0.0,0.0,0.0,0.0,0.0,0.0,7.575092222642265
-0.5592312356304736,-0.6230815153822079,-0.20983045890176158,0.24978623339432163,-0.8635282642293323,-1.3919316706898073,-0.6968388050060822,0.0,0.0,0.0,0.0,0.0,0.0,0.0,0.0,1.0,0.0,0.0,0.0,0.0,0.0,0.0,0.0,0.0,0.0,0.0,0.0,0.0,0.0,0.0,0.0,0.0,0.0,6.58001480928437
-0.825782812693278,-0.6674230177722181,-0.7172609266350096,-4.003423192752847,1.4667092010342988,-0.2434609991548385,-0.3810358316981049,0.0,0.0,0.0,0.0,0.0,0.0,0.0,0.0,0.0,0.0,0.0,0.0,0.0,0.0,0.0,0.0,0.0,0.0,0.0,0.0,0.0,0.0,0.0,0.0,0.0,0.0,5.560296941647445
1.8677910186782187,1.8415669924625249,1.8198914120312308,0.24978623339432163,-1.4460876305452401,-1.3919316706898073,-0.1197976324764763,0.0,0.0,0.0,0.0,0.0,0.0,0.0,0.0,0.0,0.0,0.0,0.0,0.0,0.0,0.0,0.0,0.0,0.0,0.0,0.0,0.0,0.0,0.0,0.0,1.0,0.0,9.48240665010158
-0.7275796000911922,-0.7144038953044908,-0.7172609266350096,0.24978623339432163,1.175429517876345,2.053480343915099,-0.8134429797659507,0.0,1.0,0.0,0.0,0.0,0.0,0.0,0.0,0.0,0.0,0.0,0.0,0.0,0.0,0.0,0.0,0.0,0.0,0.0,0.0,0.0,0.0,0.0,0.0,0.0,0.0,5.586611751498252
-0.7556376608346452,-0.5027260088950375,-0.7172609266350096,0.24978623339432163,1.175429517876345,-0.2434609991548385,1.1348184401801862,0.0,0.0,0.0,0.0,0.0,0.0,0.0,0.0,0.0,0.0,0.0,0.0,0.0,1.0,0.0,0.0,0.0,0.0,0.0,0.0,0.0,0.0,0.0,0.0,0.0,0.0,5.95599279779973
-0.6013183267456532,-0.4335743801677597,-0.20983045890176158,0.24978623339432163,0.010310785244529358,-0.2434609991548385,0.17526325205210128,0.0,0.0,0.0,0.0,0.0,0.0,1.0,0.0,0.0,0.0,0.0,0.0,0.0,0.0,0.0,0.0,0.0,0.0,0.0,0.0,0.0,0.0,0.0,0.0,0.0,0.0,6.640542278369696
0.10013319184067404,-0.027638483287785467,-0.20983045890176158,0.24978623339432163,-0.28096889791342455,-1.3919316706898073,2.0433593018508285,0.0,0.0,0.0,0.0,0.0,0.0,0.0,0.0,0.0,0.0,0.0,0.0,0.0,0.0,0.0,0.0,1.0,0.0,0.0,0.0,0.0,0.0,0.0,0.0,0.0,0.0,8.107014994131546
1.8677910186782187,1.8415669924625249,1.8198914120312308,0.24978623339432163,1.175429517876345,2.053480343915099,-0.477149780096185,0.0,0.0,0.0,0.0,0.0,0.0,0.0,0.0,0.0,0.0,0.0,0.0,0.0,0.0,0.0,0.0,0.0,0.0,0.0,0.0,0.0,0.0,0.0,0.0,1.0,0.0,10.359836504551769
-0.8678699038084576,-0.750299397239261,-0.7172609266350096,0.24978623339432163,-0.28096889791342455,-0.2434609991548385,-1.1438214749189117,0.0,1.0,0.0,0.0,0.0,0.0,0.0,0.0,0.0,0.0,0.0,0.0,0.0,0.0,0.0,0.0,0.0,0.0,0.0,0.0,0.0,0.0,0.0,0.0,0.0,0.0,4.453416630760555
-0.8959279645519107,-0.754522397466881,-0.7172609266350096,0.24978623339432163,-0.28096889791342455,-0.8176963349223229,-1.1826895331722012,0.0,0.0,0.0,0.0,0.0,0.0,1.0,0.0,0.0,0.0,0.0,0.0,0.0,0.0,0.0,0.0,0.0,0.0,0.0,0.0,0.0,0.0,0.0,0.0,0.0,0.0,4.99991133073328
1.8677910186782187,1.8415669924625249,1.8198914120312308,0.24978623339432163,0.010310785244529358,-0.2434609991548385,-0.3258730874847825,0.0,0.0,0.0,0.0,0.0,0.0,0.0,0.0,0.0,0.0,0.0,0.0,0.0,0.0,0.0,0.0,0.0,0.0,0.0,0.0,0.0,0.0,0.0,0.0,1.0,0.0,9.978467929748156
-0.5872892963739267,1.1801395818115397,-0.7172609266350096,-4.003423192752847,1.4667092010342988,0.9050096723801302,2.0968028819491016,0.0,0.0,0.0,0.0,0.0,0.0,0.0,0.0,0.0,0.0,0.0,0.0,0.0,0.0,0.0,0.0,0.0,0.0,0.0,0.0,0.0,0.0,1.0,0.0,0.0,0.0,7.881295531656987
-0.6574344482325595,0.11383202433748513,-0.7172609266350096,0.24978623339432163,-0.5722485810713784,0.9050096723801302,2.0968028819491016,0.0,0.0,0.0,0.0,0.0,0.0,1.0,0.0,0.0,0.0,0.0,0.0,0.0,0.0,0.0,0.0,0.0,0.0,0.0,0.0,0.0,0.0,0.0,0.0,0.0,0.0,8.261056296570102
-0.7977247519498248,-0.7059578948492508,-0.7172609266350096,0.24978623339432163,-0.5722485810713784,2.053480343915099,-0.7357068632593717,0.0,0.0,0.0,0.0,0.0,0.0,0.0,0.0,1.0,0.0,0.0,0.0,0.0,0.0,0.0,0.0,0.0,0.0,0.0,0.0,0.0,0.0,0.0,0.0,0.0,0.0,5.026508643252546
0.044017070353767854,0.6617663038711824,0.2976000088314865,0.24978623339432163,1.175429517876345,-0.2434609991548385,2.0968028819491016,0.0,0.0,0.0,0.0,0.0,0.0,0.0,0.0,0.0,0.0,0.0,0.0,0.0,0.0,0.0,1.0,0.0,0.0,0.0,0.0,0.0,0.0,0.0,0.0,0.0,0.0,8.409142393525523
0.3947428296469315,-0.26940524631903146,-0.20983045890176158,0.24978623339432163,-0.5722485810713784,2.053480343915099,0.9307611343504162,0.0,0.0,0.0,0.0,0.0,0.0,0.0,0.0,0.0,1.0,0.0,0.0,0.0,0.0,0.0,0.0,0.0,0.0,0.0,0.0,0.0,0.0,0.0,0.0,0.0,0.0,7.4412089465579125
-0.4049119015414816,-0.527536135232305,-0.7172609266350096,0.24978623339432163,0.5928701515604371,0.9050096723801302,0.9064685979421103,0.0,0.0,0.0,0.0,0.0,0.0,0.0,0.0,1.0,0.0,0.0,0.0,0.0,0.0,0.0,0.0,0.0,0.0,0.0,0.0,0.0,0.0,0.0,0.0,0.0,0.0,6.673980414999266
-0.517144144515294,1.8415669924625249,-0.7172609266350096,0.24978623339432163,0.884149834718391,-1.3919316706898073,2.0968028819491016,0.0,0.0,0.0,0.0,0.0,0.0,0.0,0.0,0.0,0.0,0.0,0.0,0.0,0.0,0.0,0.0,0.0,0.0,0.0,0.0,0.0,0.0,1.0,0.0,0.0,0.0,8.575077119784638
-0.7275796000911922,-0.5797957630491027,-0.20983045890176158,0.24978623339432163,-1.4460876305452401,0.3307743366126458,-0.49764000645797346,0.0,0.0,0.0,0.0,0.0,0.0,0.0,0.0,0.0,1.0,0.0,0.0,0.0,0.0,0.0,0.0,0.0,0.0,0.0,0.0,0.0,0.0,0.0,0.0,0.0,0.0,6.294490793294362
1.8677910186782187,1.8415669924625249,1.8198914120312308,0.24978623339432163,0.30159046840248327,0.3307743366126458,1.0439913457202423,0.0,0.0,0.0,0.0,0.0,0.0,0.0,0.0,0.0,0.0,0.0,0.0,0.0,0.0,0.0,0.0,0.0,0.0,0.0,0.0,0.0,0.0,0.0,0.0,1.0,0.0,10.953444292973673
0.4648879815055642,0.09060552308557503,-0.7172609266350096,0.24978623339432163,0.884149834718391,-0.2434609991548385,2.0968028819491016,0.0,0.0,0.0,0.0,0.0,0.0,0.0,0.0,0.0,0.0,0.0,0.0,0.0,0.0,0.0,0.0,0.0,0.0,0.0,0.0,0.0,0.0,0.0,1.0,0.0,0.0,7.84013980815305
1.8677910186782187,1.8415669924625249,1.8198914120312308,0.24978623339432163,0.010310785244529358,0.9050096723801302,-0.5547913947448827,0.0,0.0,0.0,0.0,0.0,0.0,0.0,0.0,0.0,0.0,0.0,0.0,0.0,0.0,0.0,0.0,0.0,0.0,0.0,0.0,0.0,0.0,0.0,0.0,1.0,0.0,9.43358631804787
1.8677910186782187,1.8415669924625249,1.8198914120312308,0.24978623339432163,-0.5722485810713784,-0.8176963349223229,-0.5086972988920989,0.0,0.0,0.0,0.0,0.0,0.0,0.0,0.0,0.0,0.0,0.0,0.0,0.0,0.0,0.0,0.0,0.0,0.0,0.0,0.0,0.0,0.0,0.0,0.0,1.0,0.0,10.381051902363513
1.8677910186782187,1.8415669924625249,1.8198914120312308,0.24978623339432163,-0.28096889791342455,-0.2434609991548385,-0.5112874988221903,0.0,0.0,0.0,0.0,0.0,0.0,0.0,0.0,0.0,0.0,0.0,0.0,0.0,0.0,0.0,0.0,0.0,0.0,0.0,0.0,0.0,0.0,0.0,0.0,1.0,0.0,10.508314044786893
-0.6854925089760125,-0.7360467714710435,-0.7172609266350096,0.24978623339432163,-1.154807947387286,0.9050096723801302,-1.0126417783140595,0.0,0.0,0.0,0.0,0.0,0.0,0.0,0.0,0.0,0.0,0.0,0.0,0.0,1.0,0.0,0.0,0.0,0.0,0.0,0.0,0.0,0.0,0.0,0.0,0.0,0.0,6.141241389926207
-0.7836957215780983,-0.7307680211865184,-0.7172609266350096,0.24978623339432163,0.5928701515604371,-0.2434609991548385,-0.9640567054974476,0.0,0.0,0.0,0.0,0.0,0.0,1.0,0.0,0.0,0.0,0.0,0.0,0.0,0.0,0.0,0.0,0.0,0.0,0.0,0.0,0.0,0.0,0.0,0.0,0.0,0.0,5.945996359060835
-0.9239860252953638,-0.7043742697638933,-0.7172609266350096,0.24978623339432163,-1.154807947387286,0.3307743366126458,-0.7211313414143882,0.0,0.0,0.0,0.0,0.0,0.0,0.0,0.0,0.0,0.0,0.0,0.0,0.0,0.0,0.0,0.0,0.0,0.0,0.0,0.0,0.0,0.0,1.0,0.0,0.0,0.0,4.8154311114712876
1.8677910186782187,1.8415669924625249,1.8198914120312308,0.24978623339432163,-0.5722485810713784,-0.2434609991548385,-0.32479694604051984,0.0,0.0,0.0,0.0,0.0,0.0,0.0,0.0,0.0,0.0,0.0,0.0,0.0,0.0,0.0,0.0,0.0,0.0,0.0,0.0,0.0,0.0,0.0,0.0,1.0,0.0,10.273184540426715
-0.6013183267456532,-0.6278323906382804,-0.7172609266350096,0.24978623339432163,0.884149834718391,-1.3919316706898073,-0.01664778557351569,0.0,0.0,0.0,0.0,0.0,0.0,0.0,0.0,0.0,0.0,0.0,0.0,0.0,1.0,0.0,0.0,0.0,0.0,0.0,0.0,0.0,0.0,0.0,0.0,0.0,0.0,6.5839623195179975
-0.825782812693278,-0.6705902679429332,-0.7172609266350096,0.24978623339432163,-0.8635282642293323,-0.8176963349223229,-0.410186875388072,0.0,0.0,0.0,0.0,0.0,0.0,0.0,0.0,0.0,0.0,0.0,0.0,0.0,1.0,0.0,0.0,0.0,0.0,0.0,0.0,0.0,0.0,0.0,0.0,0.0,0.0,5.545333682273802
-0.026128081504864873,-0.39240012794846446,-0.20983045890176158,0.24978623339432163,-1.737367313703194,-0.2434609991548385,0.3647450360368877,0.0,0.0,0.0,0.0,0.0,0.0,0.0,0.0,1.0,0.0,0.0,0.0,0.0,0.0,0.0,0.0,0.0,0.0,0.0,0.0,0.0,0.0,0.0,0.0,0.0,0.0,7.238626142879331
-0.8678699038084576,-0.7529387723815235,-0.7172609266350096,0.24978623339432163,0.30159046840248327,-0.8176963349223229,-1.1681140113272175,0.0,0.0,0.0,0.0,0.0,0.0,0.0,0.0,1.0,0.0,0.0,0.0,0.0,0.0,0.0,0.0,0.0,0.0,0.0,0.0,0.0,0.0,0.0,0.0,0.0,0.0,4.463606621666305
-0.5592312356304736,-0.6040780143579179,-0.20983045890176158,0.24978623339432163,0.5928701515604371,-1.3919316706898073,-0.6093856739361808,0.0,0.0,0.0,0.0,0.0,0.0,0.0,0.0,1.0,0.0,0.0,0.0,0.0,0.0,0.0,0.0,0.0,0.0,0.0,0.0,0.0,0.0,0.0,0.0,0.0,0.0,6.903747257584598
-0.6574344482325595,-0.6763968932559107,-0.7172609266350096,0.24978623339432163,0.30159046840248327,0.3307743366126458,-0.4636304554863451,0.0,0.0,0.0,0.0,0.0,0.0,0.0,0.0,0.0,0.0,0.0,0.0,0.0,0.0,0.0,0.0,0.0,0.0,0.0,0.0,0.0,0.0,1.0,0.0,0.0,0.0,5.871723345495433
-0.5452022052587471,-0.649475266804833,0.2976000088314865,0.24978623339432163,-1.737367313703194,0.9050096723801302,-1.019119788022941,0.0,0.0,0.0,0.0,0.0,0.0,0.0,0.0,0.0,1.0,0.0,0.0,0.0,0.0,0.0,0.0,0.0,0.0,0.0,0.0,0.0,0.0,0.0,0.0,0.0,0.0,6.282304129374843
1.8677910186782187,1.8415669924625249,1.8198914120312308,-4.003423192752847,1.4667092010342988,0.3307743366126458,-0.3388709292179739,0.0,0.0,0.0,0.0,0.0,0.0,0.0,0.0,0.0,0.0,0.0,0.0,0.0,0.0,0.0,0.0,0.0,0.0,0.0,0.0,0.0,0.0,0.0,0.0,1.0,0.0,10.769989752037127
-0.8398118430650046,-0.7471321470685459,-0.7172609266350096,0.24978623339432163,-1.154807947387286,0.3307743366126458,-1.1146704312289446,0.0,0.0,0.0,0.0,0.0,0.0,0.0,0.0,0.0,0.0,0.0,0.0,0.0,0.0,0.0,0.0,1.0,0.0,0.0,0.0,0.0,0.0,0.0,0.0,0.0,0.0,4.798514106063782
1.8677910186782187,1.8415669924625249,1.8198914120312308,0.24978623339432163,0.884149834718391,-1.3919316706898073,0.11636380721950364,0.0,0.0,0.0,0.0,0.0,0.0,0.0,0.0,0.0,0.0,0.0,0.0,0.0,0.0,0.0,0.0,0.0,0.0,0.0,0.0,0.0,0.0,0.0,0.0,1.0,0.0,10.882048610136408
-0.7416086304629187,-0.7128202702191333,-0.7172609266350096,0.24978623339432163,1.4667092010342988,-1.3919316706898073,-0.7988674579209671,0.0,0.0,0.0,0.0,0.0,0.0,0.0,0.0,0.0,0.0,0.0,0.0,0.0,0.0,0.0,0.0,0.0,0.0,0.0,1.0,0.0,0.0,0.0,0.0,0.0,0.0,5.5343771431287925
-0.3768538407980285,-0.7450206469547359,-0.7172609266350096,-4.003423192752847,1.4667092010342988,0.3307743366126458,-1.0952364021022998,0.0,0.0,0.0,0.0,0.0,0.0,0.0,0.0,0.0,0.0,0.0,0.0,0.0,0.0,0.0,0.0,0.0,0.0,0.0,0.0,0.0,1.0,0.0,0.0,0.0,0.0,5.1688918191075786
-0.9239860252953638,-0.762968397922121,-0.7172609266350096,0.24978623339432163,0.884149834718391,-0.8176963349223229,-1.2604256496787802,0.0,0.0,0.0,0.0,1.0,0.0,0.0,0.0,0.0,0.0,0.0,0.0,0.0,0.0,0.0,0.0,0.0,0.0,0.0,0.0,0.0,0.0,0.0,0.0,0.0,0.0,5.284978802108856
0.9278459837725402,0.07001839697592743,0.8050304765647346,0.24978623339432163,1.175429517876345,0.3307743366126458,0.5360074177154446,0.0,0.0,0.0,0.0,0.0,0.0,0.0,0.0,1.0,0.0,0.0,0.0,0.0,0.0,0.0,0.0,0.0,0.0,0.0,0.0,0.0,0.0,0.0,0.0,0.0,0.0,8.091021167266042
-0.8398118430650046,-0.6679508928006707,-0.7172609266350096,0.24978623339432163,0.5928701515604371,-0.8176963349223229,-0.3858943389797661,0.0,0.0,0.0,0.0,0.0,0.0,0.0,0.0,0.0,1.0,0.0,0.0,0.0,0.0,0.0,0.0,0.0,0.0,0.0,0.0,0.0,0.0,0.0,0.0,0.0,0.0,5.302309387817574
1.8677910186782187,1.8415669924625249,1.8198914120312308,-4.003423192752847,1.4667092010342988,0.3307743366126458,-0.5925876434410756,0.0,0.0,0.0,0.0,0.0,0.0,0.0,0.0,0.0,0.0,0.0,0.0,0.0,0.0,0.0,0.0,0.0,0.0,0.0,0.0,0.0,0.0,0.0,0.0,1.0,0.0,10.6918228599977
-0.8678699038084576,-0.7529387723815235,-0.7172609266350096,0.24978623339432163,0.30159046840248327,0.3307743366126458,-1.1681140113272175,0.0,0.0,1.0,0.0,0.0,0.0,0.0,0.0,0.0,0.0,0.0,0.0,0.0,0.0,0.0,0.0,0.0,0.0,0.0,0.0,0.0,0.0,0.0,0.0,0.0,0.0,3.961955374176355
1.8677910186782187,1.8415669924625249,1.8198914120312308,0.24978623339432163,0.5928701515604371,0.3307743366126458,-0.05009477254410946,0.0,0.0,0.0,0.0,0.0,0.0,0.0,0.0,0.0,0.0,0.0,0.0,0.0,0.0,0.0,0.0,0.0,0.0,0.0,0.0,0.0,0.0,0.0,0.0,1.0,0.0,10.782743276861257
-0.362824810426302,1.8415669924625249,-0.7172609266350096,0.24978623339432163,-1.737367313703194,0.9050096723801302,2.0968028819491016,0.0,0.0,0.0,0.0,0.0,0.0,1.0,0.0,0.0,0.0,0.0,0.0,0.0,0.0,0.0,0.0,0.0,0.0,0.0,0.0,0.0,0.0,0.0,0.0,0.0,0.0,9.727687881932216
-0.825782812693278,-0.6621442674876931,-0.7172609266350096,0.24978623339432163,1.175429517876345,0.3307743366126458,-0.332450758881493,0.0,0.0,0.0,0.0,0.0,0.0,0.0,0.0,0.0,0.0,0.0,0.0,0.0,0.0,0.0,0.0,0.0,0.0,0.0,0.0,0.0,0.0,0.0,0.0,0.0,0.0,5.660874973644924
-0.9099569949236372,-0.741853396784021,-0.7172609266350096,0.24978623339432163,0.5928701515604371,-0.8176963349223229,-1.0660853584123327,0.0,0.0,0.0,0.0,0.0,0.0,0.0,0.0,1.0,0.0,0.0,0.0,0.0,0.0,0.0,0.0,0.0,0.0,0.0,0.0,0.0,0.0,0.0,0.0,0.0,0.0,4.557239652230542
-0.7977247519498248,-0.752410897353071,-0.7172609266350096,0.24978623339432163,0.884149834718391,-1.3919316706898073,-1.1632555040455563,0.0,0.0,0.0,0.0,0.0,0.0,0.0,1.0,0.0,0.0,0.0,0.0,0.0,0.0,0.0,0.0,0.0,0.0,0.0,0.0,0.0,0.0,0.0,0.0,0.0,0.0,5.3748153375207615
0.0019299792385882172,-0.11948873823852085,1.3124609442979827,0.24978623339432163,-1.154807947387286,0.9050096723801302,-0.20418616664563757,0.0,0.0,0.0,0.0,0.0,0.0,0.0,0.0,0.0,1.0,0.0,0.0,0.0,0.0,0.0,0.0,0.0,0.0,0.0,0.0,0.0,0.0,0.0,0.0,0.0,0.0,7.77985585042827
-0.19447644596558342,-0.5565692617971927,-0.7172609266350096,-4.003423192752847,1.4667092010342988,-0.2434609991548385,0.6392506974507449,0.0,0.0,0.0,0.0,0.0,0.0,0.0,0.0,0.0,0.0,0.0,0.0,0.0,0.0,0.0,0.0,0.0,0.0,0.0,1.0,0.0,0.0,0.0,0.0,0.0,0.0,7.047769363479842
-0.41894093191320814,-0.5243688850615901,-0.7172609266350096,0.24978623339432163,0.5928701515604371,0.3307743366126458,0.9356196416320774,0.0,0.0,0.0,0.0,0.0,0.0,0.0,0.0,0.0,0.0,0.0,0.0,0.0,0.0,0.0,0.0,0.0,1.0,0.0,0.0,0.0,0.0,0.0,0.0,0.0,0.0,6.884015712099396
1.8677910186782187,1.8415669924625249,1.8198914120312308,0.24978623339432163,-1.154807947387286,-0.2434609991548385,-0.15234384105991203,0.0,0.0,0.0,0.0,0.0,0.0,0.0,0.0,0.0,0.0,0.0,0.0,0.0,0.0,0.0,0.0,0.0,0.0,0.0,0.0,0.0,0.0,0.0,0.0,1.0,0.0,10.245727765211438
-0.29267965856766925,-0.5914090136750578,0.2976000088314865,0.24978623339432163,-1.154807947387286,-1.3919316706898073,-0.8409745210286976,0.0,0.0,0.0,0.0,0.0,0.0,0.0,0.0,0.0,1.0,0.0,0.0,0.0,0.0,0.0,0.0,0.0,0.0,0.0,0.0,0.0,0.0,0.0,0.0,0.0,0.0,6.7075466989504235
-0.671463478604286,-0.31638612385130416,-0.7172609266350096,0.24978623339432163,-1.154807947387286,0.3307743366126458,2.0968028819491016,0.0,0.0,0.0,0.0,0.0,1.0,0.0,0.0,0.0,0.0,0.0,0.0,0.0,0.0,0.0,0.0,0.0,0.0,0.0,0.0,0.0,0.0,0.0,0.0,0.0,0.0,8.289034585712512
-0.5031151141435675,-0.5639595121955276,0.2976000088314865,0.24978623339432163,-1.737367313703194,0.3307743366126458,-0.7567603948132369,0.0,0.0,0.0,0.0,0.0,0.0,0.0,0.0,0.0,1.0,0.0,0.0,0.0,0.0,0.0,0.0,0.0,0.0,0.0,0.0,0.0,0.0,0.0,0.0,0.0,0.0,6.645077965519922
1.8677910186782187,1.8415669924625249,1.8198914120312308,0.24978623339432163,-1.737367313703194,-0.8176963349223229,2.0968028819491016,0.0,0.0,0.0,0.0,0.0,0.0,0.0,0.0,0.0,0.0,0.0,0.0,0.0,0.0,0.0,0.0,0.0,0.0,0.0,0.0,0.0,0.0,0.0,0.0,1.0,0.0,11.434188271408843
-0.7275796000911922,-0.7233777707881833,-0.7172609266350096,-4.003423192752847,1.4667092010342988,0.3307743366126458,-0.8960376035541909,0.0,0.0,0.0,0.0,0.0,0.0,1.0,0.0,0.0,0.0,0.0,0.0,0.0,0.0,0.0,0.0,0.0,0.0,0.0,0.0,0.0,0.0,0.0,0.0,0.0,0.0,5.672807670356771
0.21236543481448641,-0.2963268727701091,-0.7172609266350096,-4.003423192752847,1.4667092010342988,-0.8176963349223229,2.0968028819491016,0.0,0.0,0.0,0.0,1.0,0.0,0.0,0.0,0.0,0.0,0.0,0.0,0.0,0.0,0.0,0.0,0.0,0.0,0.0,0.0,0.0,0.0,0.0,0.0,0.0,0.0,7.372633294685329
-0.8398118430650046,-0.752410897353071,-0.7172609266350096,-4.003423192752847,1.4667092010342988,-1.3919316706898073,-1.1632555040455563,0.0,0.0,0.0,0.0,0.0,0.0,0.0,0.0,0.0,0.0,0.0,0.0,0.0,0.0,0.0,0.0,0.0,0.0,0.0,1.0,0.0,0.0,0.0,0.0,0.0,0.0,4.870606649492553
-0.362824810426302,0.023037519443654744,-0.7172609266350096,0.24978623339432163,-1.4460876305452401,-0.2434609991548385,2.0968028819491016,0.0,0.0,0.0,0.0,1.0,0.0,0.0,0.0,0.0,0.0,0.0,0.0,0.0,0.0,0.0,0.0,0.0,0.0,0.0,0.0,0.0,0.0,0.0,0.0,0.0,0.0,7.4294614938443395
-0.08224420299177106,-0.4689420070740773,-0.20983045890176158,0.24978623339432163,-0.8635282642293323,-1.3919316706898073,0.012503258116451445,0.0,0.0,0.0,0.0,0.0,0.0,1.0,0.0,0.0,0.0,0.0,0.0,0.0,0.0,0.0,0.0,0.0,0.0,0.0,0.0,0.0,0.0,0.0,0.0,0.0,0.0,6.907285168497517
-0.7977247519498248,-0.7207383956459209,-0.7172609266350096,0.24978623339432163,-1.737367313703194,-0.8176963349223229,-0.8717450671458851,0.0,0.0,0.0,0.0,0.0,0.0,0.0,0.0,0.0,1.0,0.0,0.0,0.0,0.0,0.0,0.0,0.0,0.0,0.0,0.0,0.0,0.0,0.0,0.0,0.0,0.0,4.89425127935358
-0.671463478604286,-0.7043742697638933,-0.7172609266350096,0.24978623339432163,0.010310785244529358,0.3307743366126458,-0.7211313414143882,0.0,1.0,0.0,0.0,0.0,0.0,0.0,0.0,0.0,0.0,0.0,0.0,0.0,0.0,0.0,0.0,0.0,0.0,0.0,0.0,0.0,0.0,0.0,0.0,0.0,0.0,5.719524581604809
-0.7556376608346452,-0.6895937689672232,-0.7172609266350096,0.24978623339432163,0.30159046840248327,-1.3919316706898073,-0.5850931375278748,0.0,0.0,0.0,1.0,0.0,0.0,0.0,0.0,0.0,0.0,0.0,0.0,0.0,0.0,0.0,0.0,0.0,0.0,0.0,0.0,0.0,0.0,0.0,0.0,0.0,0.0,6.634055004050775
-0.7977247519498248,-0.7196826455890158,-0.7172609266350096,0.24978623339432163,-0.8635282642293323,0.9050096723801302,-0.8620280525825627,0.0,0.0,0.0,0.0,0.0,0.0,0.0,0.0,0.0,1.0,0.0,0.0,0.0,0.0,0.0,0.0,0.0,0.0,0.0,0.0,0.0,0.0,0.0,0.0,0.0,0.0,5.857018450555059
-0.6434054178608329,-0.6827313935973407,-0.20983045890176158,0.24978623339432163,1.175429517876345,-0.2434609991548385,-0.9713444664199394,0.0,0.0,0.0,0.0,0.0,0.0,0.0,0.0,0.0,0.0,0.0,0.0,0.0,0.0,0.0,0.0,0.0,0.0,0.0,0.0,0.0,0.0,0.0,1.0,0.0,0.0,6.067429722163682
-0.8398118430650046,-0.7228498957597309,-0.7172609266350096,0.24978623339432163,0.5928701515604371,0.9050096723801302,-0.8911790962725298,0.0,0.0,0.0,0.0,0.0,0.0,0.0,0.0,0.0,0.0,0.0,0.0,0.0,0.0,0.0,0.0,0.0,0.0,0.0,0.0,0.0,0.0,1.0,0.0,0.0,0.0,5.028344227877029
-0.29267965856766925,-0.48213888278538986,0.2976000088314865,0.24978623339432163,1.4667092010342988,0.3307743366126458,-0.5057375185940753,0.0,0.0,0.0,0.0,0.0,0.0,1.0,0.0,0.0,0.0,0.0,0.0,0.0,0.0,0.0,0.0,0.0,0.0,0.0,0.0,0.0,0.0,0.0,0.0,0.0,0.0,6.946899066099764
-0.41894093191320814,-0.5824351381913653,-0.7172609266350096,0.24978623339432163,1.175429517876345,2.053480343915099,0.4011838406493466,1.0,0.0,0.0,0.0,0.0,0.0,0.0,0.0,0.0,0.0,0.0,0.0,0.0,0.0,0.0,0.0,0.0,0.0,0.0,0.0,0.0,0.0,0.0,0.0,0.0,0.0,6.37647181331375
-0.3768538407980285,-0.6040780143579179,-0.20983045890176158,0.24978623339432163,-1.4460876305452401,-1.3919316706898073,-0.6093856739361808,0.0,0.0,0.0,0.0,0.0,0.0,0.0,0.0,1.0,0.0,0.0,0.0,0.0,0.0,0.0,0.0,0.0,0.0,0.0,0.0,0.0,0.0,0.0,0.0,0.0,0.0,6.617162307304385
-0.5732602660022001,-0.6800920184550782,-0.7172609266350096,0.24978623339432163,-0.8635282642293323,2.053480343915099,-0.49764000645797346,0.0,1.0,0.0,0.0,0.0,0.0,0.0,0.0,0.0,0.0,0.0,0.0,0.0,0.0,0.0,0.0,0.0,0.0,0.0,0.0,0.0,0.0,0.0,0.0,0.0,0.0,6.168543217293113
-0.7977247519498248,-0.7260171459304459,-0.7172609266350096,0.24978623339432163,-0.28096889791342455,0.3307743366126458,-0.9203301399624969,0.0,1.0,0.0,0.0,0.0,0.0,0.0,0.0,0.0,0.0,0.0,0.0,0.0,0.0,0.0,0.0,0.0,0.0,0.0,0.0,0.0,0.0,0.0,0.0,0.0,0.0,5.105339229565553
-0.5872892963739267,-0.6046058893863704,0.2976000088314865,0.24978623339432163,0.5928701515604371,0.3307743366126458,-0.8814620817092074,0.0,0.0,0.0,0.0,0.0,0.0,0.0,0.0,0.0,1.0,0.0,0.0,0.0,0.0,0.0,0.0,0.0,0.0,0.0,0.0,0.0,0.0,0.0,0.0,0.0,0.0,6.564179874489816
0.08610416146894749,1.8415669924625249,-0.7172609266350096,0.24978623339432163,-0.5722485810713784,-0.8176963349223229,2.0968028819491016,0.0,0.0,0.0,0.0,0.0,0.0,0.0,0.0,0.0,0.0,0.0,0.0,0.0,0.0,0.0,0.0,0.0,0.0,0.0,0.0,0.0,0.0,0.0,0.0,0.0,0.0,9.386459399460259
-0.43296996228493473,-0.5549856367118352,0.2976000088314865,0.24978623339432163,0.5928701515604371,0.9050096723801302,-0.72922885355049,0.0,0.0,0.0,0.0,0.0,0.0,0.0,0.0,1.0,0.0,0.0,0.0,0.0,0.0,0.0,0.0,0.0,0.0,0.0,0.0,0.0,0.0,0.0,0.0,0.0,0.0,6.849871896533587
1.8677910186782187,0.3006997844096709,1.8198914120312308,0.24978623339432163,-1.4460876305452401,2.053480343915099,-0.5161906706243161,0.0,0.0,0.0,0.0,0.0,0.0,0.0,0.0,0.0,0.0,0.0,0.0,0.0,0.0,0.0,0.0,0.0,0.0,0.0,0.0,0.0,0.0,0.0,0.0,1.0,0.0,8.148477476032268
1.8677910186782187,1.8415669924625249,1.8198914120312308,0.24978623339432163,-1.154807947387286,-0.8176963349223229,0.017030503537999397,0.0,0.0,0.0,0.0,0.0,0.0,0.0,0.0,0.0,0.0,0.0,0.0,0.0,0.0,0.0,0.0,0.0,0.0,0.0,0.0,0.0,0.0,0.0,0.0,1.0,0.0,10.02693451781695
-0.517144144515294,-0.5185622597486125,-0.7172609266350096,0.24978623339432163,-1.4460876305452401,-1.3919316706898073,0.9890632217303506,0.0,0.0,0.0,0.0,0.0,0.0,0.0,0.0,0.0,0.0,0.0,0.0,0.0,0.0,0.0,0.0,0.0,1.0,0.0,0.0,0.0,0.0,0.0,0.0,0.0,0.0,6.7914910892950235
-0.7135505697194656,-0.6436686414918555,-0.7172609266350096,0.24978623339432163,0.010310785244529358,-1.3919316706898073,-0.16240300402335137,0.0,0.0,0.0,0.0,0.0,0.0,0.0,0.0,1.0,0.0,0.0,0.0,0.0,0.0,0.0,0.0,0.0,0.0,0.0,0.0,0.0,0.0,0.0,0.0,0.0,0.0,6.164072411714297
-0.7275796000911922,-0.7249613958735409,-0.7172609266350096,0.24978623339432163,1.4667092010342988,0.9050096723801302,-0.9106131253991745,0.0,0.0,0.0,0.0,0.0,0.0,0.0,0.0,1.0,0.0,0.0,0.0,0.0,0.0,0.0,0.0,0.0,0.0,0.0,0.0,0.0,0.0,0.0,0.0,0.0,0.0,5.523259299803626
-0.2646215978242161,-0.5454838861996901,-0.7172609266350096,0.24978623339432163,-0.28096889791342455,0.3307743366126458,0.7412793503656299,0.0,0.0,0.0,0.0,0.0,0.0,0.0,0.0,0.0,0.0,0.0,0.0,0.0,0.0,0.0,0.0,0.0,0.0,0.0,0.0,0.0,1.0,0.0,0.0,0.0,0.0,6.817458511000978
-0.3067086889393958,-0.535982135687545,-0.7172609266350096,0.24978623339432163,-1.4460876305452401,-0.8176963349223229,0.8287324814355312,0.0,0.0,0.0,0.0,0.0,0.0,1.0,0.0,0.0,0.0,0.0,0.0,0.0,0.0,0.0,0.0,0.0,0.0,0.0,0.0,0.0,0.0,0.0,0.0,0.0,0.0,6.683073044501902
1.8677910186782187,1.8415669924625249,1.8198914120312308,-4.003423192752847,1.4667092010342988,-0.8176963349223229,-0.36474879024253615,0.0,0.0,0.0,0.0,0.0,0.0,0.0,0.0,0.0,0.0,0.0,0.0,0.0,0.0,0.0,0.0,0.0,0.0,0.0,0.0,0.0,0.0,0.0,0.0,1.0,0.0,10.656715913157136
-0.34879578005457545,1.8415669924625249,-0.20983045890176158,0.24978623339432163,0.30159046840248327,0.9050096723801302,2.0968028819491016,0.0,0.0,0.0,0.0,0.0,0.0,0.0,0.0,0.0,0.0,0.0,0.0,0.0,0.0,0.0,1.0,0.0,0.0,0.0,0.0,0.0,0.0,0.0,0.0,0.0,0.0,8.913151923442063
-0.5452022052587471,-0.5914090136750578,-0.7172609266350096,0.24978623339432163,-0.28096889791342455,0.3307743366126458,0.31858921686110636,0.0,0.0,0.0,0.0,0.0,1.0,0.0,0.0,0.0,0.0,0.0,0.0,0.0,0.0,0.0,0.0,0.0,0.0,0.0,0.0,0.0,0.0,0.0,0.0,0.0,0.0,6.245137303457015
-0.0962732333634976,-0.48530613295610486,-0.20983045890176158,0.24978623339432163,0.010310785244529358,0.9050096723801302,-0.06280360474929698,0.0,0.0,0.0,0.0,0.0,0.0,0.0,0.0,0.0,1.0,0.0,0.0,0.0,0.0,0.0,0.0,0.0,0.0,0.0,0.0,0.0,0.0,0.0,0.0,0.0,0.0,6.9104416674074445
-0.5732602660022001,0.8718605651952783,-0.20983045890176158,0.24978623339432163,1.175429517876345,-0.8176963349223229,2.0968028819491016,0.0,0.0,0.0,0.0,0.0,0.0,0.0,0.0,0.0,0.0,0.0,0.0,0.0,0.0,0.0,0.0,0.0,0.0,0.0,0.0,0.0,0.0,0.0,0.0,0.0,0.0,8.586047386621411
1.8677910186782187,1.8415669924625249,1.8198914120312308,0.24978623339432163,1.175429517876345,0.3307743366126458,-0.2084720641405316,0.0,0.0,0.0,0.0,0.0,0.0,0.0,0.0,0.0,0.0,0.0,0.0,0.0,0.0,0.0,0.0,0.0,0.0,0.0,0.0,0.0,0.0,0.0,0.0,1.0,0.0,10.93139997792113
-0.8678699038084576,-0.5692382624800527,-0.7172609266350096,-4.003423192752847,1.4667092010342988,0.9050096723801302,0.5226465226908763,0.0,0.0,0.0,0.0,0.0,0.0,0.0,0.0,0.0,0.0,0.0,0.0,0.0,0.0,0.0,0.0,0.0,0.0,0.0,0.0,0.0,1.0,0.0,0.0,0.0,0.0,6.431331081933479
-0.7556376608346452,-0.7466042720400935,-0.7172609266350096,0.24978623339432163,1.175429517876345,0.9050096723801302,-1.1098119239472832,0.0,0.0,0.0,0.0,0.0,0.0,0.0,0.0,0.0,0.0,0.0,0.0,0.0,0.0,0.0,0.0,0.0,0.0,0.0,0.0,0.0,0.0,0.0,1.0,0.0,0.0,5.682150174529087
1.8677910186782187,1.8415669924625249,1.8198914120312308,0.24978623339432163,-0.8635282642293323,-1.3919316706898073,-0.2698617533118577,0.0,0.0,0.0,0.0,0.0,0.0,0.0,0.0,0.0,0.0,0.0,0.0,0.0,0.0,0.0,0.0,0.0,0.0,0.0,0.0,0.0,0.0,0.0,0.0,1.0,0.0,10.057171266208803
-0.7556376608346452,-0.11843298818161585,-0.7172609266350096,-4.003423192752847,1.4667092010342988,0.3307743366126458,2.0968028819491016,0.0,0.0,0.0,0.0,0.0,0.0,0.0,1.0,0.0,0.0,0.0,0.0,0.0,0.0,0.0,0.0,0.0,0.0,0.0,0.0,0.0,0.0,0.0,0.0,0.0,0.0,6.795482036499351
-0.5452022052587471,-0.5797957630491027,-0.7172609266350096,0.24978623339432163,0.884149834718391,-0.2434609991548385,0.42547637705765257,0.0,0.0,0.0,0.0,1.0,0.0,0.0,0.0,0.0,0.0,0.0,0.0,0.0,0.0,0.0,0.0,0.0,0.0,0.0,0.0,0.0,0.0,0.0,0.0,0.0,0.0,6.6070284930095475
1.8677910186782187,1.6383351065083114,1.8198914120312308,0.24978623339432163,-1.4460876305452401,2.053480343915099,-0.7026376685358068,0.0,0.0,0.0,0.0,0.0,0.0,0.0,0.0,0.0,0.0,0.0,0.0,0.0,0.0,0.0,0.0,0.0,0.0,0.0,0.0,0.0,0.0,0.0,0.0,1.0,0.0,9.105463072883758
-0.517144144515294,-0.653698267032453,-0.7172609266350096,0.24978623339432163,0.30159046840248327,0.9050096723801302,-0.254714642374914,1.0,0.0,0.0,0.0,0.0,0.0,0.0,0.0,0.0,0.0,0.0,0.0,0.0,0.0,0.0,0.0,0.0,0.0,0.0,0.0,0.0,0.0,0.0,0.0,0.0,0.0,6.283574302886914
1.8677910186782187,1.8415669924625249,1.8198914120312308,0.24978623339432163,0.30159046840248327,2.053480343915099,-0.6145140982890454,0.0,0.0,0.0,0.0,0.0,0.0,0.0,0.0,0.0,0.0,0.0,0.0,0.0,0.0,0.0,0.0,0.0,0.0,0.0,0.0,0.0,0.0,0.0,0.0,1.0,0.0,9.165294887732967
-0.7696666912063718,-0.7381582715848535,-0.7172609266350096,0.24978623339432163,1.175429517876345,0.3307743366126458,-1.0320758074407044,0.0,0.0,0.0,0.0,0.0,0.0,0.0,0.0,0.0,0.0,0.0,0.0,0.0,0.0,0.0,0.0,0.0,0.0,0.0,1.0,0.0,0.0,0.0,0.0,0.0,0.0,5.314682720634301
-0.5732602660022001,-0.6605606424023356,-0.20983045890176158,0.24978623339432163,0.010310785244529358,0.3307743366126458,-0.8693158135050544,0.0,0.0,0.0,0.0,0.0,0.0,0.0,0.0,0.0,0.0,0.0,0.0,0.0,0.0,0.0,0.0,0.0,0.0,0.0,0.0,0.0,1.0,0.0,0.0,0.0,0.0,6.140681648253896
-0.3067086889393958,-0.43410225519621215,1.3124609442979827,0.24978623339432163,0.884149834718391,-0.2434609991548385,-0.7833202346196514,0.0,0.0,0.0,0.0,0.0,0.0,0.0,0.0,1.0,0.0,0.0,0.0,0.0,0.0,0.0,0.0,0.0,0.0,0.0,0.0,0.0,0.0,0.0,0.0,0.0,0.0,7.216188058572104
0.25445252592966605,0.38410403890516626,0.2976000088314865,0.24978623339432163,0.884149834718391,-0.8176963349223229,2.0968028819491016,0.0,0.0,0.0,0.0,0.0,0.0,1.0,0.0,0.0,0.0,0.0,0.0,0.0,0.0,0.0,0.0,0.0,0.0,0.0,0.0,0.0,0.0,0.0,0.0,0.0,0.0,7.363146413860004
1.8677910186782187,1.8415669924625249,1.8198914120312308,0.24978623339432163,-1.4460876305452401,-0.2434609991548385,-0.6554136376571816,0.0,0.0,0.0,0.0,0.0,0.0,0.0,0.0,0.0,0.0,0.0,0.0,0.0,0.0,0.0,0.0,0.0,0.0,0.0,0.0,0.0,0.0,0.0,0.0,1.0,0.0,9.903340041656934
-0.47505705340011434,1.8415669924625249,-0.7172609266350096,0.24978623339432163,-1.737367313703194,-0.2434609991548385,2.0968028819491016,0.0,0.0,0.0,0.0,0.0,0.0,0.0,0.0,0.0,0.0,0.0,0.0,0.0,0.0,0.0,1.0,0.0,0.0,0.0,0.0,0.0,0.0,0.0,0.0,0.0,0.0,8.951963347890306
1.8677910186782187,1.8415669924625249,1.8198914120312308,0.24978623339432163,0.5928701515604371,-0.2434609991548385,-0.013003905112269799,0.0,0.0,0.0,0.0,0.0,0.0,0.0,0.0,0.0,0.0,0.0,0.0,0.0,0.0,0.0,0.0,0.0,0.0,0.0,0.0,0.0,0.0,0.0,0.0,1.0,0.0,10.613421542872905
-0.8818989341801842,-0.7455485219831884,-0.7172609266350096,0.24978623339432163,-1.4460876305452401,0.9050096723801302,-1.100094909383961,0.0,0.0,0.0,0.0,0.0,0.0,0.0,0.0,0.0,0.0,0.0,0.0,0.0,0.0,0.0,0.0,0.0,0.0,0.0,0.0,0.0,0.0,0.0,1.0,0.0,0.0,5.194899407349548
-0.39088287116975506,-0.4399088805091897,0.2976000088314865,0.24978623339432163,0.010310785244529358,0.3307743366126458,-0.3761773244164437,0.0,0.0,0.0,0.0,0.0,0.0,1.0,0.0,0.0,0.0,0.0,0.0,0.0,0.0,0.0,0.0,0.0,0.0,0.0,0.0,0.0,0.0,0.0,0.0,0.0,0.0,7.199894901778178
-0.6854925089760125,-0.6880101438818658,-0.7172609266350096,0.24978623339432163,-0.28096889791342455,0.9050096723801302,-0.5705176156828913,0.0,0.0,0.0,0.0,0.0,0.0,0.0,0.0,0.0,0.0,0.0,0.0,0.0,0.0,0.0,0.0,0.0,0.0,0.0,0.0,0.0,0.0,0.0,1.0,0.0,0.0,6.036342305886068
-0.9239860252953638,-0.7788046487756961,-0.7172609266350096,0.24978623339432163,-0.28096889791342455,-1.3919316706898073,-1.4061808681286159,0.0,0.0,0.0,0.0,0.0,0.0,0.0,0.0,0.0,0.0,0.0,0.0,0.0,0.0,0.0,0.0,0.0,1.0,0.0,0.0,0.0,0.0,0.0,0.0,0.0,0.0,3.828641396489095
1.8677910186782187,1.8415669924625249,1.8198914120312308,0.24978623339432163,1.175429517876345,-0.2434609991548385,0.12999079783662204,0.0,0.0,0.0,0.0,0.0,0.0,0.0,0.0,0.0,0.0,0.0,0.0,0.0,0.0,0.0,0.0,0.0,0.0,0.0,0.0,0.0,0.0,0.0,0.0,1.0,0.0,10.568894763275557
-0.3067086889393958,-0.44888275599288224,-0.7172609266350096,0.24978623339432163,0.010310785244529358,2.053480343915099,1.6303861829096276,0.0,0.0,0.0,0.0,0.0,0.0,0.0,0.0,0.0,0.0,0.0,0.0,0.0,0.0,0.0,0.0,0.0,0.0,0.0,0.0,0.0,0.0,0.0,1.0,0.0,0.0,7.190095609701386
-0.5592312356304736,-0.25884774574998143,0.8050304765647346,0.24978623339432163,-1.737367313703194,-0.8176963349223229,-0.22070509140328565,0.0,0.0,0.0,0.0,0.0,0.0,0.0,0.0,1.0,0.0,0.0,0.0,0.0,0.0,0.0,0.0,0.0,0.0,0.0,0.0,0.0,0.0,0.0,0.0,0.0,0.0,7.322272625009736
1.8677910186782187,1.8415669924625249,1.8198914120312308,0.24978623339432163,0.30159046840248327,0.3307743366126458,-0.5838592309166594,0.0,0.0,0.0,0.0,0.0,0.0,0.0,0.0,0.0,0.0,0.0,0.0,0.0,0.0,0.0,0.0,0.0,0.0,0.0,0.0,0.0,0.0,0.0,0.0,1.0,0.0,9.881824084950086
1.8677910186782187,1.8415669924625249,1.8198914120312308,0.24978623339432163,-0.8635282642293323,-0.8176963349223229,-0.28404902596230236,0.0,0.0,0.0,0.0,0.0,0.0,0.0,0.0,0.0,0.0,0.0,0.0,0.0,0.0,0.0,0.0,0.0,0.0,0.0,0.0,0.0,0.0,0.0,0.0,1.0,0.0,9.938781817269925
-0.8818989341801842,-0.2947432476847516,-0.7172609266350096,0.24978623339432163,1.175429517876345,-0.2434609991548385,2.0968028819491016,0.0,0.0,0.0,0.0,0.0,0.0,0.0,0.0,0.0,0.0,0.0,0.0,0.0,0.0,0.0,0.0,0.0,0.0,0.0,0.0,0.0,1.0,0.0,0.0,0.0,0.0,8.003363058629947
-0.7275796000911922,0.014591518988414709,-0.7172609266350096,0.24978623339432163,0.010310785244529358,-1.3919316706898073,2.0968028819491016,0.0,0.0,0.0,0.0,0.0,0.0,0.0,0.0,0.0,0.0,0.0,0.0,0.0,0.0,0.0,0.0,0.0,0.0,0.0,0.0,0.0,1.0,0.0,0.0,0.0,0.0,8.330222443864171
1.8677910186782187,1.8415669924625249,1.8198914120312308,0.24978623339432163,0.30159046840248327,-0.8176963349223229,-0.32798886443915115,0.0,0.0,0.0,0.0,0.0,0.0,0.0,0.0,0.0,0.0,0.0,0.0,0.0,0.0,0.0,0.0,0.0,0.0,0.0,0.0,0.0,0.0,0.0,0.0,1.0,0.0,9.838373932727679
-0.7416086304629187,-0.7254892709019933,-0.7172609266350096,0.24978623339432163,-1.4460876305452401,-1.3919316706898073,-0.9154716326808358,0.0,0.0,0.0,0.0,0.0,0.0,0.0,0.0,0.0,0.0,0.0,0.0,0.0,0.0,0.0,0.0,0.0,0.0,0.0,1.0,0.0,0.0,0.0,0.0,0.0,0.0,5.485833740219095
0.07207513109722094,-0.2567362456361714,0.8050304765647346,0.24978623339432163,0.5928701515604371,0.3307743366126458,-0.21584658412162447,0.0,0.0,0.0,0.0,0.0,0.0,0.0,0.0,1.0,0.0,0.0,0.0,0.0,0.0,0.0,0.0,0.0,0.0,0.0,0.0,0.0,0.0,0.0,0.0,0.0,0.0,7.241853270741886
0.6612944067097358,-0.23298186935580883,0.2976000088314865,0.24978623339432163,0.30159046840248327,-0.8176963349223229,0.2586676270539518,0.0,0.0,0.0,1.0,0.0,0.0,0.0,0.0,0.0,0.0,0.0,0.0,0.0,0.0,0.0,0.0,0.0,0.0,0.0,0.0,0.0,0.0,0.0,0.0,0.0,0.0,7.90330810623901
-0.9099569949236372,-0.767191398149741,-0.7172609266350096,0.24978623339432163,-0.5722485810713784,0.3307743366126458,-1.2992937079320697,0.0,0.0,0.0,0.0,0.0,0.0,0.0,0.0,0.0,0.0,0.0,0.0,0.0,0.0,0.0,0.0,0.0,0.0,0.0,0.0,0.0,1.0,0.0,0.0,0.0,0.0,3.899950424193877
-0.44699899265666126,-0.5365100107159976,-0.7172609266350096,0.24978623339432163,0.30159046840248327,0.9050096723801302,0.8238739741538701,0.0,0.0,0.0,0.0,0.0,0.0,0.0,0.0,1.0,0.0,0.0,0.0,0.0,0.0,0.0,0.0,0.0,0.0,0.0,0.0,0.0,0.0,0.0,0.0,0.0,0.0,6.418837907265026
1.8677910186782187,1.8415669924625249,1.8198914120312308,0.24978623339432163,-0.5722485810713784,-0.8176963349223229,-0.2719402591008036,0.0,0.0,0.0,0.0,0.0,0.0,0.0,0.0,0.0,0.0,0.0,0.0,0.0,0.0,0.0,0.0,0.0,0.0,0.0,0.0,0.0,0.0,0.0,0.0,1.0,0.0,10.517982412552884
-0.39088287116975506,-0.47580438244395984,-0.7172609266350096,0.24978623339432163,1.175429517876345,2.053480343915099,1.3826023115449069,0.0,0.0,0.0,0.0,0.0,0.0,0.0,0.0,0.0,0.0,0.0,0.0,0.0,0.0,0.0,0.0,0.0,0.0,0.0,0.0,0.0,0.0,1.0,0.0,0.0,0.0,6.511284599453549
-0.41894093191320814,-0.48425038289919986,-0.20983045890176158,0.24978623339432163,1.4667092010342988,-0.2434609991548385,-0.0579450974676358,0.0,0.0,0.0,0.0,0.0,0.0,0.0,0.0,1.0,0.0,0.0,0.0,0.0,0.0,0.0,0.0,0.0,0.0,0.0,0.0,0.0,0.0,0.0,0.0,0.0,0.0,7.019851061719874
-0.6153473571173798,-0.6309996408089955,0.2976000088314865,0.24978623339432163,-0.5722485810713784,-1.3919316706898073,-0.9624372030702273,0.0,0.0,0.0,0.0,0.0,0.0,0.0,0.0,1.0,0.0,0.0,0.0,0.0,0.0,0.0,0.0,0.0,0.0,0.0,0.0,0.0,0.0,0.0,0.0,0.0,0.0,6.630181940678644
-0.7135505697194656,-0.6690066428575756,-0.7172609266350096,0.24978623339432163,0.5928701515604371,0.3307743366126458,-0.39561135354308846,0.0,0.0,0.0,0.0,0.0,0.0,0.0,0.0,0.0,0.0,0.0,0.0,0.0,0.0,0.0,0.0,1.0,0.0,0.0,0.0,0.0,0.0,0.0,0.0,0.0,0.0,6.234430333369278
-0.13836032447867724,1.8331209920072848,-0.7172609266350096,0.24978623339432163,0.5928701515604371,-0.8176963349223229,2.0968028819491016,0.0,0.0,0.0,0.0,0.0,0.0,0.0,0.0,0.0,0.0,0.0,0.0,0.0,0.0,0.0,1.0,0.0,0.0,0.0,0.0,0.0,0.0,0.0,0.0,0.0,0.0,9.021854253254348
-0.9239860252953638,-0.7793325238041486,-0.7172609266350096,0.24978623339432163,-1.737367313703194,-0.8176963349223229,-1.411039375410277,0.0,0.0,0.0,0.0,0.0,0.0,0.0,0.0,1.0,0.0,0.0,0.0,0.0,0.0,0.0,0.0,0.0,0.0,0.0,0.0,0.0,0.0,0.0,0.0,0.0,0.0,3.6109179126442243
1.8677910186782187,0.8649981898253958,1.8198914120312308,0.24978623339432163,0.010310785244529358,2.053480343915099,-0.8149977020960822,0.0,0.0,0.0,0.0,0.0,0.0,0.0,0.0,0.0,0.0,0.0,0.0,0.0,0.0,0.0,0.0,0.0,0.0,0.0,0.0,0.0,0.0,0.0,0.0,1.0,0.0,8.705064320806894
1.8677910186782187,1.8415669924625249,1.8198914120312308,0.24978623339432163,-0.5722485810713784,-0.8176963349223229,-0.3810358316981049,0.0,0.0,0.0,0.0,0.0,0.0,0.0,0.0,0.0,0.0,0.0,0.0,0.0,0.0,0.0,0.0,0.0,0.0,0.0,0.0,0.0,0.0,0.0,0.0,1.0,0.0,9.846806083763326
-0.5031151141435675,0.38621553901897626,-0.7172609266350096,0.24978623339432163,1.175429517876345,0.3307743366126458,2.0968028819491016,0.0,0.0,0.0,0.0,0.0,0.0,0.0,0.0,0.0,0.0,0.0,0.0,0.0,0.0,1.0,0.0,0.0,0.0,0.0,0.0,0.0,0.0,0.0,0.0,0.0,0.0,8.478344249147597
-0.9239860252953638,-0.7782767737472436,-0.7172609266350096,0.24978623339432163,0.884149834718391,0.3307743366126458,-1.4013223608469547,0.0,0.0,0.0,0.0,0.0,0.0,0.0,0.0,0.0,0.0,0.0,0.0,0.0,1.0,0.0,0.0,0.0,0.0,0.0,0.0,0.0,0.0,0.0,0.0,0.0,0.0,5.081404364984463
1.0120201660028996,1.8415669924625249,-0.20983045890176158,0.24978623339432163,-0.28096889791342455,-0.2434609991548385,2.0968028819491016,0.0,0.0,0.0,0.0,0.0,0.0,0.0,0.0,0.0,0.0,0.0,0.0,0.0,0.0,0.0,0.0,0.0,0.0,0.0,0.0,0.0,0.0,0.0,0.0,0.0,0.0,10.061679057222886
-0.7135505697194656,-0.7043742697638933,-0.7172609266350096,0.24978623339432163,-1.737367313703194,-0.2434609991548385,-0.7211313414143882,0.0,0.0,0.0,0.0,1.0,0.0,0.0,0.0,0.0,0.0,0.0,0.0,0.0,0.0,0.0,0.0,0.0,0.0,0.0,0.0,0.0,0.0,0.0,0.0,0.0,0.0,6.307187279715285
-0.41894093191320814,-0.5734612627076727,-0.7172609266350096,0.24978623339432163,0.884149834718391,-1.3919316706898073,0.4837784644375868,0.0,0.0,0.0,0.0,0.0,0.0,1.0,0.0,0.0,0.0,0.0,0.0,0.0,0.0,0.0,0.0,0.0,0.0,0.0,0.0,0.0,0.0,0.0,0.0,0.0,0.0,6.393440240951878
-0.7135505697194656,0.6944945556352375,-0.7172609266350096,0.24978623339432163,-0.5722485810713784,0.3307743366126458,2.0968028819491016,0.0,0.0,0.0,0.0,0.0,0.0,0.0,0.0,0.0,0.0,0.0,0.0,0.0,0.0,0.0,0.0,0.0,0.0,0.0,0.0,0.0,0.0,1.0,0.0,0.0,0.0,7.847324941742561
-0.20850547633730998,-0.04980923448279056,-0.7172609266350096,0.24978623339432163,-0.8635282642293323,-0.8176963349223229,2.0968028819491016,0.0,0.0,0.0,0.0,0.0,0.0,0.0,0.0,0.0,0.0,0.0,0.0,0.0,0.0,0.0,0.0,0.0,0.0,0.0,0.0,1.0,0.0,0.0,0.0,0.0,0.0,7.659048718635539
-0.362824810426302,-0.398206753261442,-0.7172609266350096,0.24978623339432163,0.884149834718391,-0.8176963349223229,2.0968028819491016,0.0,0.0,0.0,0.0,0.0,0.0,0.0,0.0,0.0,0.0,0.0,0.0,0.0,0.0,0.0,0.0,0.0,0.0,0.0,0.0,0.0,1.0,0.0,0.0,0.0,0.0,6.928018584463551
-0.6434054178608329,-0.5491790113988576,-0.7172609266350096,0.24978623339432163,0.5928701515604371,-0.2434609991548385,0.7072697993940015,0.0,0.0,0.0,0.0,0.0,0.0,0.0,0.0,1.0,0.0,0.0,0.0,0.0,0.0,0.0,0.0,0.0,0.0,0.0,0.0,0.0,0.0,0.0,0.0,0.0,0.0,5.881426441899045
-0.2646215978242161,-0.47263713227324483,-0.7172609266350096,0.24978623339432163,0.5928701515604371,-1.3919316706898073,1.411753355234874,0.0,0.0,0.0,1.0,0.0,0.0,0.0,0.0,0.0,0.0,0.0,0.0,0.0,0.0,0.0,0.0,0.0,0.0,0.0,0.0,0.0,0.0,0.0,0.0,0.0,0.0,6.968944447294559
-0.05418614224831796,-0.45468938130585973,-0.7172609266350096,0.24978623339432163,-1.4460876305452401,0.9050096723801302,1.5769426028113545,0.0,0.0,0.0,0.0,0.0,0.0,0.0,0.0,1.0,0.0,0.0,0.0,0.0,0.0,0.0,0.0,0.0,0.0,0.0,0.0,0.0,0.0,0.0,0.0,0.0,0.0,7.121034335759137
-0.671463478604286,-0.6811477685119832,-0.7172609266350096,0.24978623339432163,1.175429517876345,-0.2434609991548385,-0.5073570210212959,0.0,0.0,0.0,0.0,0.0,0.0,0.0,0.0,0.0,0.0,0.0,0.0,0.0,0.0,0.0,0.0,0.0,0.0,0.0,0.0,0.0,0.0,0.0,0.0,0.0,1.0,5.811739616161293
-0.7416086304629187,-0.7487157721539035,-0.7172609266350096,0.24978623339432163,0.884149834718391,0.3307743366126458,-1.129245953073928,0.0,0.0,0.0,0.0,0.0,0.0,0.0,0.0,0.0,0.0,0.0,0.0,0.0,1.0,0.0,0.0,0.0,0.0,0.0,0.0,0.0,0.0,0.0,0.0,0.0,0.0,5.765379172872851
1.8677910186782187,1.8415669924625249,1.8198914120312308,0.24978623339432163,0.30159046840248327,-0.2434609991548385,-0.18637694979023695,0.0,0.0,0.0,0.0,0.0,0.0,0.0,0.0,0.0,0.0,0.0,0.0,0.0,0.0,0.0,0.0,0.0,0.0,0.0,0.0,0.0,0.0,0.0,0.0,1.0,0.0,10.181687309598416
-0.41894093191320814,-0.38237050240786696,-0.7172609266350096,-4.003423192752847,1.4667092010342988,-0.2434609991548385,2.0968028819491016,0.0,1.0,0.0,0.0,0.0,0.0,0.0,0.0,0.0,0.0,0.0,0.0,0.0,0.0,0.0,0.0,0.0,0.0,0.0,0.0,0.0,0.0,0.0,0.0,0.0,0.0,6.399792220829623
-0.8959279645519107,-0.7487157721539035,-0.7172609266350096,0.24978623339432163,-1.737367313703194,0.9050096723801302,-1.129245953073928,0.0,0.0,0.0,0.0,0.0,0.0,0.0,0.0,0.0,0.0,0.0,0.0,0.0,0.0,0.0,0.0,0.0,0.0,0.0,0.0,0.0,0.0,0.0,0.0,0.0,0.0,5.181783550292085
-0.4890860837718409,-0.5924647637319628,-0.7172609266350096,0.24978623339432163,-0.8635282642293323,0.9050096723801302,0.308872202297784,0.0,0.0,0.0,0.0,0.0,0.0,0.0,0.0,0.0,0.0,0.0,0.0,0.0,0.0,0.0,0.0,0.0,1.0,0.0,0.0,0.0,0.0,0.0,0.0,0.0,0.0,7.042810509975002
-0.08224420299177106,0.6971339307775001,0.2976000088314865,0.24978623339432163,0.010310785244529358,0.3307743366126458,2.0968028819491016,0.0,0.0,0.0,0.0,0.0,0.0,1.0,0.0,0.0,0.0,0.0,0.0,0.0,0.0,0.0,0.0,0.0,0.0,0.0,0.0,0.0,0.0,0.0,0.0,0.0,0.0,8.595477430813371
-0.671463478604286,-0.6748132681705532,-0.7172609266350096,0.24978623339432163,-1.4460876305452401,-0.8176963349223229,-0.44905493364136156,0.0,0.0,0.0,0.0,0.0,0.0,0.0,0.0,1.0,0.0,0.0,0.0,0.0,0.0,0.0,0.0,0.0,0.0,0.0,0.0,0.0,0.0,0.0,0.0,0.0,0.0,6.23803161336578
-0.2786506281959427,-0.2018372426771112,-0.20983045890176158,-4.003423192752847,1.4667092010342988,0.9050096723801302,1.2417056003767324,0.0,0.0,0.0,0.0,0.0,0.0,0.0,0.0,0.0,1.0,0.0,0.0,0.0,0.0,0.0,0.0,0.0,0.0,0.0,0.0,0.0,0.0,0.0,0.0,0.0,0.0,7.767014177240023
-0.5872892963739267,-0.6943446442232958,-0.7172609266350096,0.24978623339432163,0.5928701515604371,0.9050096723801302,-0.6288197030628255,0.0,0.0,0.0,0.0,0.0,0.0,1.0,0.0,0.0,0.0,0.0,0.0,0.0,0.0,0.0,0.0,0.0,0.0,0.0,0.0,0.0,0.0,0.0,0.0,0.0,0.0,6.6202465248432025
1.8677910186782187,1.8415669924625249,1.8198914120312308,0.24978623339432163,-0.8635282642293323,-1.3919316706898073,-0.40549884204611825,0.0,0.0,0.0,0.0,0.0,0.0,0.0,0.0,0.0,0.0,0.0,0.0,0.0,0.0,0.0,0.0,0.0,0.0,0.0,0.0,0.0,0.0,0.0,0.0,1.0,0.0,9.892560569913845
-0.8117537823215515,-0.7291843961011609,-0.7172609266350096,0.24978623339432163,-0.8635282642293323,-0.2434609991548385,-0.949481183652464,0.0,0.0,0.0,1.0,0.0,0.0,0.0,0.0,0.0,0.0,0.0,0.0,0.0,0.0,0.0,0.0,0.0,0.0,0.0,0.0,0.0,0.0,0.0,0.0,0.0,0.0,5.683579767338681
-0.19447644596558342,-0.535982135687545,-0.20983045890176158,0.24978623339432163,0.010310785244529358,-0.2434609991548385,-0.2960119542690341,0.0,0.0,0.0,0.0,0.0,0.0,0.0,0.0,0.0,1.0,0.0,0.0,0.0,0.0,0.0,0.0,0.0,0.0,0.0,0.0,0.0,0.0,0.0,0.0,0.0,0.0,6.855377185886858
-0.6293763874891063,-0.6785083933697207,-0.7172609266350096,-4.003423192752847,1.4667092010342988,0.9050096723801302,-0.4830644846129899,0.0,0.0,0.0,0.0,0.0,0.0,0.0,0.0,0.0,0.0,0.0,0.0,0.0,0.0,0.0,0.0,0.0,0.0,0.0,1.0,0.0,0.0,0.0,0.0,0.0,0.0,6.140961558253893
1.8677910186782187,0.9652944452313712,1.8198914120312308,-4.003423192752847,1.4667092010342988,2.053480343915099,-0.6556571718567635,0.0,0.0,0.0,0.0,0.0,0.0,0.0,0.0,0.0,0.0,0.0,0.0,0.0,0.0,0.0,0.0,0.0,0.0,0.0,0.0,0.0,0.0,0.0,0.0,1.0,0.0,8.803114715010958
-0.5872892963739267,-0.6146355149269679,-0.7172609266350096,0.24978623339432163,-0.28096889791342455,-1.3919316706898073,0.10481489646801405,0.0,0.0,0.0,0.0,0.0,0.0,0.0,0.0,0.0,0.0,0.0,0.0,0.0,0.0,0.0,1.0,0.0,0.0,0.0,0.0,0.0,0.0,0.0,0.0,0.0,0.0,6.060477418394936
1.3206588341808836,0.2743060329870458,0.2976000088314865,0.24978623339432163,1.4667092010342988,-0.2434609991548385,1.8150094596127526,0.0,0.0,0.0,0.0,0.0,0.0,1.0,0.0,0.0,0.0,0.0,0.0,0.0,0.0,0.0,0.0,0.0,0.0,0.0,0.0,0.0,0.0,0.0,0.0,0.0,0.0,8.257875680876717
1.8677910186782187,1.8415669924625249,1.8198914120312308,0.24978623339432163,0.5928701515604371,2.053480343915099,-0.048672875824465535,0.0,0.0,0.0,0.0,0.0,0.0,0.0,0.0,0.0,0.0,0.0,0.0,0.0,0.0,0.0,0.0,0.0,0.0,0.0,0.0,0.0,0.0,0.0,0.0,1.0,0.0,10.426629023944717
-0.7977247519498248,-0.5702940125369578,-0.20983045890176158,-4.003423192752847,1.4667092010342988,0.9050096723801302,-0.4539134409230227,0.0,0.0,0.0,0.0,0.0,0.0,0.0,0.0,1.0,0.0,0.0,0.0,0.0,0.0,0.0,0.0,0.0,0.0,0.0,0.0,0.0,0.0,0.0,0.0,0.0,0.0,5.861583626253462
-0.3768538407980285,-0.4689420070740773,-0.20983045890176158,0.24978623339432163,0.30159046840248327,0.9050096723801302,0.012503258116451445,0.0,1.0,0.0,0.0,0.0,0.0,0.0,0.0,0.0,0.0,0.0,0.0,0.0,0.0,0.0,0.0,0.0,0.0,0.0,0.0,0.0,0.0,0.0,0.0,0.0,0.0,6.673133605335479
-0.5031151141435675,0.8169615622362181,-0.20983045890176158,0.24978623339432163,-0.28096889791342455,-0.2434609991548385,2.0968028819491016,0.0,0.0,0.0,0.0,0.0,0.0,1.0,0.0,0.0,0.0,0.0,0.0,0.0,0.0,0.0,0.0,0.0,0.0,0.0,0.0,0.0,0.0,0.0,0.0,0.0,0.0,8.408400124622935
-0.6434054178608329,-0.638917766235783,-0.7172609266350096,0.24978623339432163,-1.737367313703194,-1.3919316706898073,-0.11867643848840066,0.0,0.0,0.0,0.0,0.0,0.0,0.0,0.0,1.0,0.0,0.0,0.0,0.0,0.0,0.0,0.0,0.0,0.0,0.0,0.0,0.0,0.0,0.0,0.0,0.0,0.0,6.597336679556486
-0.4610280230283878,-0.5977435140164878,-0.7172609266350096,0.24978623339432163,-1.154807947387286,0.9050096723801302,0.2602871294811721,0.0,0.0,0.0,0.0,0.0,0.0,0.0,0.0,0.0,0.0,0.0,0.0,0.0,0.0,0.0,0.0,0.0,0.0,0.0,0.0,0.0,1.0,0.0,0.0,0.0,0.0,6.444369702037977
-0.517144144515294,-0.6009107641872029,0.2976000088314865,0.24978623339432163,-0.28096889791342455,2.053480343915099,-0.8701255647186648,0.0,0.0,0.0,0.0,0.0,0.0,0.0,0.0,0.0,0.0,0.0,0.0,0.0,0.0,0.0,0.0,0.0,0.0,0.0,0.0,0.0,1.0,0.0,0.0,0.0,0.0,6.338541073264877
1.8677910186782187,1.8415669924625249,1.8198914120312308,0.24978623339432163,-1.154807947387286,-0.8176963349223229,-0.6560086572736602,0.0,0.0,0.0,0.0,0.0,0.0,0.0,0.0,0.0,0.0,0.0,0.0,0.0,0.0,0.0,0.0,0.0,0.0,0.0,0.0,0.0,0.0,0.0,0.0,1.0,0.0,9.641672037478136
-0.18044741559385688,-0.521201634890875,-0.7172609266350096,0.24978623339432163,0.884149834718391,-0.8176963349223229,0.9647706853220446,1.0,0.0,0.0,0.0,0.0,0.0,0.0,0.0,0.0,0.0,0.0,0.0,0.0,0.0,0.0,0.0,0.0,0.0,0.0,0.0,0.0,0.0,0.0,0.0,0.0,0.0,6.9515616159193465
-0.7275796000911922,-0.7323516462718759,-0.7172609266350096,0.24978623339432163,-1.154807947387286,-1.3919316706898073,-0.9786322273424312,0.0,1.0,0.0,0.0,0.0,0.0,0.0,0.0,0.0,0.0,0.0,0.0,0.0,0.0,0.0,0.0,0.0,0.0,0.0,0.0,0.0,0.0,0.0,0.0,0.0,0.0,5.880728498013316
0.3245976777882988,-0.3084679984245166,-0.20983045890176158,0.24978623339432163,1.175429517876345,-0.8176963349223229,0.7509963649289523,0.0,0.0,0.0,0.0,0.0,0.0,1.0,0.0,0.0,0.0,0.0,0.0,0.0,0.0,0.0,0.0,0.0,0.0,0.0,0.0,0.0,0.0,0.0,0.0,0.0,0.0,7.6246433999238805
-0.8959279645519107,-0.6938167691948433,-0.7172609266350096,0.24978623339432163,-0.28096889791342455,0.9050096723801302,-0.6239611957811644,0.0,0.0,0.0,0.0,0.0,0.0,0.0,0.0,1.0,0.0,0.0,0.0,0.0,0.0,0.0,0.0,0.0,0.0,0.0,0.0,0.0,0.0,0.0,0.0,0.0,0.0,6.175867270105761
1.8677910186782187,1.8415669924625249,1.8198914120312308,0.24978623339432163,0.884149834718391,-0.2434609991548385,0.5591752996604031,0.0,0.0,0.0,0.0,0.0,0.0,0.0,0.0,0.0,0.0,0.0,0.0,0.0,0.0,0.0,0.0,0.0,0.0,0.0,0.0,0.0,0.0,0.0,0.0,1.0,0.0,10.789160920089545
-0.5592312356304736,-0.4462433808506197,-0.7172609266350096,0.24978623339432163,0.010310785244529358,0.3307743366126458,1.6546787193179335,0.0,0.0,0.0,0.0,0.0,0.0,0.0,0.0,0.0,0.0,0.0,0.0,1.0,0.0,0.0,0.0,0.0,0.0,0.0,0.0,0.0,0.0,0.0,0.0,0.0,0.0,7.266652751273966
-0.825782812693278,-0.7107087701053233,-0.20983045890176158,0.24978623339432163,1.4667092010342988,0.9050096723801302,-1.100094909383961,0.0,0.0,0.0,0.0,0.0,0.0,0.0,1.0,0.0,0.0,0.0,0.0,0.0,0.0,0.0,0.0,0.0,0.0,0.0,0.0,0.0,0.0,0.0,0.0,0.0,0.0,5.839943739466739
-0.9099569949236372,-0.777748898718791,-0.7172609266350096,0.24978623339432163,0.884149834718391,-0.2434609991548385,-1.3964638535652936,0.0,0.0,0.0,0.0,0.0,0.0,0.0,0.0,0.0,0.0,0.0,0.0,0.0,0.0,0.0,0.0,0.0,0.0,0.0,1.0,0.0,0.0,0.0,0.0,0.0,0.0,5.015622835607295
1.8677910186782187,1.8415669924625249,1.8198914120312308,0.24978623339432163,0.884149834718391,-1.3919316706898073,0.4520893945557072,0.0,0.0,0.0,0.0,0.0,0.0,0.0,0.0,0.0,0.0,0.0,0.0,0.0,0.0,0.0,0.0,0.0,0.0,0.0,0.0,0.0,0.0,0.0,0.0,1.0,0.0,11.097704220151993
1.8677910186782187,1.8415669924625249,1.8198914120312308,0.24978623339432163,-0.8635282642293323,0.9050096723801302,-0.20211602006475582,0.0,0.0,0.0,0.0,0.0,0.0,0.0,0.0,0.0,0.0,0.0,0.0,0.0,0.0,0.0,0.0,0.0,0.0,0.0,0.0,0.0,0.0,0.0,0.0,1.0,0.0,10.04593675056858
-0.671463478604286,-0.7133481452475858,-0.7172609266350096,0.24978623339432163,-0.28096889791342455,2.053480343915099,-0.8037259652026284,0.0,0.0,0.0,0.0,0.0,0.0,0.0,0.0,0.0,0.0,0.0,0.0,0.0,0.0,0.0,0.0,0.0,1.0,0.0,0.0,0.0,0.0,0.0,0.0,0.0,0.0,5.961134197300148
-0.6434054178608329,-0.6420850164064981,-0.20983045890176158,0.24978623339432163,-0.28096889791342455,-1.3919316706898073,-0.7842919360759836,0.0,0.0,0.0,0.0,0.0,0.0,0.0,0.0,1.0,0.0,0.0,0.0,0.0,0.0,0.0,0.0,0.0,0.0,0.0,0.0,0.0,0.0,0.0,0.0,0.0,0.0,6.600632113872653
1.8677910186782187,1.8415669924625249,1.8198914120312308,0.24978623339432163,-0.28096889791342455,0.3307743366126458,0.11584293680575292,0.0,0.0,0.0,0.0,0.0,0.0,0.0,0.0,0.0,0.0,0.0,0.0,0.0,0.0,0.0,0.0,0.0,0.0,0.0,0.0,0.0,0.0,0.0,0.0,1.0,0.0,10.619324609841838
-0.8678699038084576,-0.7355188964425909,-0.7172609266350096,0.24978623339432163,-0.28096889791342455,0.3307743366126458,-1.0077832710323984,0.0,0.0,0.0,0.0,0.0,0.0,0.0,0.0,0.0,0.0,0.0,0.0,0.0,0.0,0.0,1.0,0.0,0.0,0.0,0.0,0.0,0.0,0.0,0.0,0.0,0.0,4.442651256490317
1.8677910186782187,1.8415669924625249,1.8198914120312308,0.24978623339432163,0.884149834718391,-0.8176963349223229,0.24695906220850702,0.0,0.0,0.0,0.0,0.0,0.0,0.0,0.0,0.0,0.0,0.0,0.0,0.0,0.0,0.0,0.0,0.0,0.0,0.0,0.0,0.0,0.0,0.0,0.0,1.0,0.0,10.55520864990099
-0.362824810426302,-0.5454838861996901,-0.7172609266350096,0.24978623339432163,-1.154807947387286,-0.2434609991548385,0.7412793503656299,0.0,0.0,0.0,0.0,0.0,0.0,0.0,0.0,0.0,0.0,0.0,0.0,0.0,0.0,0.0,0.0,0.0,0.0,0.0,0.0,0.0,0.0,0.0,1.0,0.0,0.0,6.847123782142069
-0.8398118430650046,-0.7070136449061558,-0.7172609266350096,-4.003423192752847,1.4667092010342988,-0.2434609991548385,-0.7454238778226941,0.0,0.0,0.0,0.0,0.0,0.0,0.0,0.0,0.0,1.0,0.0,0.0,0.0,0.0,0.0,0.0,0.0,0.0,0.0,0.0,0.0,0.0,0.0,0.0,0.0,0.0,6.260919001285442
-0.5031151141435675,-0.6119961397847054,-0.7172609266350096,-4.003423192752847,1.4667092010342988,-0.8176963349223229,0.12910743287631998,0.0,0.0,0.0,0.0,0.0,0.0,0.0,0.0,0.0,0.0,0.0,1.0,0.0,0.0,0.0,0.0,0.0,0.0,0.0,0.0,0.0,0.0,0.0,0.0,0.0,0.0,6.569186846877494
1.8677910186782187,1.8415669924625249,1.8198914120312308,0.24978623339432163,-0.8635282642293323,2.053480343915099,-0.5678532729800447,0.0,0.0,0.0,0.0,0.0,0.0,0.0,0.0,0.0,0.0,0.0,0.0,0.0,0.0,0.0,0.0,0.0,0.0,0.0,0.0,0.0,0.0,0.0,0.0,1.0,0.0,9.152551288717842
-0.15238935485040378,-0.26359862100605397,-0.20983045890176158,0.24978623339432163,0.010310785244529358,-0.2434609991548385,0.9574829243995527,0.0,0.0,0.0,0.0,0.0,0.0,0.0,0.0,0.0,0.0,0.0,0.0,0.0,0.0,0.0,0.0,0.0,0.0,0.0,1.0,0.0,0.0,0.0,0.0,0.0,0.0,7.281523300347047
-0.362824810426302,-0.5328148855168301,0.2976000088314865,0.24978623339432163,-1.4460876305452401,0.3307743366126458,-0.6612097516072334,0.0,0.0,0.0,0.0,0.0,0.0,0.0,0.0,0.0,1.0,0.0,0.0,0.0,0.0,0.0,0.0,0.0,0.0,0.0,0.0,0.0,0.0,0.0,0.0,0.0,0.0,7.446024848897961
1.8677910186782187,1.8415669924625249,1.8198914120312308,0.24978623339432163,-0.5722485810713784,0.9050096723801302,-0.5070625660345285,0.0,0.0,0.0,0.0,0.0,0.0,0.0,0.0,0.0,0.0,0.0,0.0,0.0,0.0,0.0,0.0,0.0,0.0,0.0,0.0,0.0,0.0,0.0,0.0,1.0,0.0,10.148456390074436
-0.7416086304629187,-0.7112366451337758,-0.7172609266350096,-4.003423192752847,1.4667092010342988,0.9050096723801302,-0.7842919360759836,0.0,0.0,0.0,0.0,0.0,0.0,0.0,0.0,0.0,0.0,0.0,0.0,0.0,0.0,0.0,0.0,0.0,0.0,0.0,1.0,0.0,0.0,0.0,0.0,0.0,0.0,5.74604343337071
-0.9239860252953638,-0.779860398832601,-0.7172609266350096,0.24978623339432163,0.30159046840248327,0.3307743366126458,-1.4158978826919382,0.0,0.0,0.0,0.0,0.0,0.0,0.0,0.0,0.0,0.0,0.0,0.0,0.0,1.0,0.0,0.0,0.0,0.0,0.0,0.0,0.0,0.0,0.0,0.0,0.0,0.0,2.6210388241125804
-0.1243312941069507,-0.5006145087812275,-0.7172609266350096,0.24978623339432163,-0.8635282642293323,0.3307743366126458,1.154252469306831,0.0,0.0,0.0,0.0,0.0,0.0,0.0,0.0,0.0,0.0,0.0,0.0,0.0,0.0,0.0,0.0,0.0,0.0,0.0,0.0,0.0,1.0,0.0,0.0,0.0,0.0,6.985086621918461
-0.7135505697194656,-0.6637278925730506,-0.7172609266350096,0.24978623339432163,0.884149834718391,-1.3919316706898073,-0.34702628072647657,0.0,0.0,0.0,0.0,0.0,0.0,1.0,0.0,0.0,0.0,0.0,0.0,0.0,0.0,0.0,0.0,0.0,0.0,0.0,0.0,0.0,0.0,0.0,0.0,0.0,0.0,6.47237720592422
-0.7556376608346452,-0.7407976467271159,-0.7172609266350096,0.24978623339432163,-1.4460876305452401,0.9050096723801302,-1.0563683438490101,0.0,0.0,0.0,0.0,0.0,0.0,1.0,0.0,0.0,0.0,0.0,0.0,0.0,0.0,0.0,0.0,0.0,0.0,0.0,0.0,0.0,0.0,0.0,0.0,0.0,0.0,5.440684607834958
-0.6153473571173798,-0.6716460179998381,-0.7172609266350096,0.24978623339432163,1.175429517876345,-1.3919316706898073,-0.4199038899513944,0.0,0.0,0.0,0.0,0.0,0.0,1.0,0.0,0.0,0.0,0.0,0.0,0.0,0.0,0.0,0.0,0.0,0.0,0.0,0.0,0.0,0.0,0.0,0.0,0.0,0.0,5.855673460439727
1.8677910186782187,1.8415669924625249,1.8198914120312308,0.24978623339432163,1.175429517876345,2.053480343915099,-0.47215868635309083,0.0,0.0,0.0,0.0,0.0,0.0,0.0,0.0,0.0,0.0,0.0,0.0,0.0,0.0,0.0,0.0,0.0,0.0,0.0,0.0,0.0,0.0,0.0,0.0,1.0,0.0,10.40915177917907
-0.6574344482325595,-0.6088288896139904,-0.7172609266350096,0.24978623339432163,-1.154807947387286,0.9050096723801302,0.15825847656628714,0.0,0.0,0.0,0.0,0.0,0.0,0.0,0.0,1.0,0.0,0.0,0.0,0.0,0.0,0.0,0.0,0.0,0.0,0.0,0.0,0.0,0.0,0.0,0.0,0.0,0.0,6.5706728562352295
-0.8117537823215515,-0.7239056458166359,-0.7172609266350096,0.24978623339432163,0.010310785244529358,2.053480343915099,-0.9008961108358522,0.0,0.0,0.0,0.0,0.0,0.0,0.0,0.0,0.0,1.0,0.0,0.0,0.0,0.0,0.0,0.0,0.0,0.0,0.0,0.0,0.0,0.0,0.0,0.0,0.0,0.0,5.847103294100423
-0.2786506281959427,-0.4377973803953797,-0.7172609266350096,0.24978623339432163,0.010310785244529358,-1.3919316706898073,1.7324148358245124,0.0,0.0,0.0,0.0,0.0,0.0,0.0,0.0,0.0,0.0,0.0,0.0,0.0,0.0,0.0,0.0,0.0,0.0,0.0,0.0,0.0,1.0,0.0,0.0,0.0,0.0,7.214791348698928
-0.08224420299177106,-0.3237763742496392,0.2976000088314865,0.24978623339432163,0.010310785244529358,-1.3919316706898073,-0.019886790427956574,0.0,0.0,0.0,0.0,0.0,0.0,0.0,0.0,0.0,1.0,0.0,0.0,0.0,0.0,0.0,0.0,0.0,0.0,0.0,0.0,0.0,0.0,0.0,0.0,0.0,0.0,7.257778146840492
-0.41894093191320814,-0.5264803851754001,-0.20983045890176158,0.24978623339432163,1.175429517876345,-0.8176963349223229,-0.25228538873408335,0.0,0.0,0.0,0.0,0.0,0.0,0.0,0.0,1.0,0.0,0.0,0.0,0.0,0.0,0.0,0.0,0.0,0.0,0.0,0.0,0.0,0.0,0.0,0.0,0.0,0.0,6.697305815726812
-0.6854925089760125,-0.6985676444509158,-0.7172609266350096,-4.003423192752847,1.4667092010342988,2.053480343915099,-0.6676877613161151,0.0,0.0,0.0,0.0,0.0,0.0,1.0,0.0,0.0,0.0,0.0,0.0,0.0,0.0,0.0,0.0,0.0,0.0,0.0,0.0,0.0,0.0,0.0,0.0,0.0,0.0,6.021266038344772
-0.8818989341801842,-0.7682471482066461,-0.7172609266350096,0.24978623339432163,-0.28096889791342455,0.9050096723801302,-1.309010722495392,0.0,0.0,0.0,0.0,0.0,0.0,0.0,0.0,0.0,1.0,0.0,0.0,0.0,0.0,0.0,0.0,0.0,0.0,0.0,0.0,0.0,0.0,0.0,0.0,0.0,0.0,4.235554730773624
1.8677910186782187,1.8415669924625249,1.8198914120312308,0.24978623339432163,0.010310785244529358,-0.8176963349223229,0.3806701432378882,0.0,0.0,0.0,0.0,0.0,0.0,0.0,0.0,0.0,0.0,0.0,0.0,0.0,0.0,0.0,0.0,0.0,0.0,0.0,0.0,0.0,0.0,0.0,0.0,1.0,0.0,10.396845093834338
-0.6574344482325595,-0.6188585151545879,-0.7172609266350096,0.24978623339432163,-0.5722485810713784,-1.3919316706898073,0.06594683821472452,0.0,0.0,0.0,0.0,0.0,0.0,0.0,0.0,1.0,0.0,0.0,0.0,0.0,0.0,0.0,0.0,0.0,0.0,0.0,0.0,0.0,0.0,0.0,0.0,0.0,0.0,6.0472776119271945
1.8677910186782187,1.8415669924625249,1.8198914120312308,0.24978623339432163,0.5928701515604371,0.9050096723801302,0.08453590955325435,0.0,0.0,0.0,0.0,0.0,0.0,0.0,0.0,0.0,0.0,0.0,0.0,0.0,0.0,0.0,0.0,0.0,0.0,0.0,0.0,0.0,0.0,0.0,0.0,1.0,0.0,10.163862531995255
-0.9239860252953638,-0.777748898718791,-0.7172609266350096,0.24978623339432163,0.5928701515604371,-0.8176963349223229,-1.3964638535652936,0.0,0.0,0.0,0.0,0.0,0.0,0.0,0.0,0.0,0.0,0.0,0.0,0.0,0.0,0.0,0.0,0.0,0.0,0.0,0.0,0.0,0.0,0.0,1.0,0.0,0.0,5.303304908059076
1.8677910186782187,1.8415669924625249,1.8198914120312308,0.24978623339432163,0.884149834718391,-0.8176963349223229,0.04897627756892217,0.0,0.0,0.0,0.0,0.0,0.0,0.0,0.0,0.0,0.0,0.0,0.0,0.0,0.0,0.0,0.0,0.0,0.0,0.0,0.0,0.0,0.0,0.0,0.0,1.0,0.0,10.664329829503785
1.8677910186782187,1.8415669924625249,1.8198914120312308,0.24978623339432163,1.175429517876345,-1.3919316706898073,-0.17391555388641813,0.0,0.0,0.0,0.0,0.0,0.0,0.0,0.0,0.0,0.0,0.0,0.0,0.0,0.0,0.0,0.0,0.0,0.0,0.0,0.0,0.0,0.0,0.0,0.0,1.0,0.0,10.718281185028513
-0.0682151726200445,-0.5122277594071825,-0.20983045890176158,0.24978623339432163,-1.4460876305452401,0.3307743366126458,-0.18669554043165731,0.0,1.0,0.0,0.0,0.0,0.0,0.0,0.0,0.0,0.0,0.0,0.0,0.0,0.0,0.0,0.0,0.0,0.0,0.0,0.0,0.0,0.0,0.0,0.0,0.0,0.0,7.021262519775732
-0.5031151141435675,-0.7281286460442559,-0.20983045890176158,0.24978623339432163,0.884149834718391,-0.8176963349223229,-1.1802602795313706,0.0,0.0,0.0,0.0,0.0,0.0,0.0,0.0,0.0,0.0,0.0,0.0,1.0,0.0,0.0,0.0,0.0,0.0,0.0,0.0,0.0,0.0,0.0,0.0,0.0,0.0,4.9346897371814515
-0.6293763874891063,-0.6521146419470956,-0.7172609266350096,0.24978623339432163,0.884149834718391,-0.2434609991548385,-0.2401391205299304,0.0,0.0,0.0,0.0,0.0,0.0,0.0,0.0,0.0,0.0,0.0,0.0,0.0,0.0,0.0,0.0,0.0,0.0,0.0,0.0,0.0,1.0,0.0,0.0,0.0,0.0,6.110247083097449
-0.5872892963739267,-0.7006791445647258,-0.7172609266350096,0.24978623339432163,-0.8635282642293323,2.053480343915099,-0.6871217904427598,0.0,0.0,0.0,0.0,0.0,0.0,1.0,0.0,0.0,0.0,0.0,0.0,0.0,0.0,0.0,0.0,0.0,0.0,0.0,0.0,0.0,0.0,0.0,0.0,0.0,0.0,6.104212706799736
-0.7556376608346452,-0.6790362683981732,-0.7172609266350096,0.24978623339432163,-0.28096889791342455,-0.8176963349223229,-0.48792299189465105,0.0,0.0,0.0,0.0,0.0,0.0,1.0,0.0,0.0,0.0,0.0,0.0,0.0,0.0,0.0,0.0,0.0,0.0,0.0,0.0,0.0,0.0,0.0,0.0,0.0,0.0,5.542478493084716
1.8677910186782187,1.8415669924625249,1.8198914120312308,0.24978623339432163,-1.154807947387286,-0.2434609991548385,-0.40017240119526026,0.0,0.0,0.0,0.0,0.0,0.0,0.0,0.0,0.0,0.0,0.0,0.0,0.0,0.0,0.0,0.0,0.0,0.0,0.0,0.0,0.0,0.0,0.0,0.0,1.0,0.0,9.871403314063278
1.8677910186782187,1.8415669924625249,1.8198914120312308,0.24978623339432163,-0.5722485810713784,0.3307743366126458,-0.5437958256337547,0.0,0.0,0.0,0.0,0.0,0.0,0.0,0.0,0.0,0.0,0.0,0.0,0.0,0.0,0.0,0.0,0.0,0.0,0.0,0.0,0.0,0.0,0.0,0.0,1.0,0.0,10.31541473638575
-0.6293763874891063,-0.6394456412642355,-0.7172609266350096,0.24978623339432163,1.4667092010342988,-0.8176963349223229,-0.12353494577006185,0.0,0.0,0.0,0.0,0.0,0.0,0.0,0.0,0.0,0.0,0.0,0.0,0.0,0.0,0.0,0.0,0.0,0.0,0.0,1.0,0.0,0.0,0.0,0.0,0.0,0.0,6.578459231809892
1.8677910186782187,1.8415669924625249,1.8198914120312308,0.24978623339432163,1.175429517876345,-0.8176963349223229,-0.41730356211050534,0.0,0.0,0.0,0.0,0.0,0.0,0.0,0.0,0.0,0.0,0.0,0.0,0.0,0.0,0.0,0.0,0.0,0.0,0.0,0.0,0.0,0.0,0.0,0.0,1.0,0.0,10.131988328264013
-0.39088287116975506,-0.48002738267157985,-0.20983045890176158,0.24978623339432163,0.884149834718391,-0.2434609991548385,-0.03851106834099104,0.0,0.0,0.0,0.0,0.0,0.0,0.0,0.0,0.0,0.0,0.0,0.0,0.0,0.0,0.0,0.0,0.0,0.0,0.0,0.0,0.0,0.0,0.0,1.0,0.0,0.0,7.151986905559971
0.6612944067097358,0.6200641766234347,-0.20983045890176158,0.24978623339432163,-1.737367313703194,-0.2434609991548385,2.0968028819491016,0.0,0.0,0.0,0.0,0.0,0.0,0.0,0.0,0.0,0.0,0.0,0.0,0.0,0.0,0.0,0.0,0.0,0.0,0.0,0.0,0.0,0.0,0.0,1.0,0.0,0.0,8.190251791732328
-0.7696666912063718,-0.7740537735196236,-0.7172609266350096,0.24978623339432163,-1.154807947387286,-1.3919316706898073,-1.362454302593665,0.0,0.0,0.0,0.0,0.0,0.0,0.0,0.0,0.0,0.0,0.0,0.0,0.0,0.0,1.0,0.0,0.0,0.0,0.0,0.0,0.0,0.0,0.0,0.0,0.0,0.0,2.8361502037295256
-0.6293763874891063,-0.5196180098055175,-0.7172609266350096,0.24978623339432163,-0.5722485810713784,-0.8176963349223229,0.9793462071670281,0.0,1.0,0.0,0.0,0.0,0.0,0.0,0.0,0.0,0.0,0.0,0.0,0.0,0.0,0.0,0.0,0.0,0.0,0.0,0.0,0.0,0.0,0.0,0.0,0.0,0.0,6.177736623646287
-0.9239860252953638,-0.7793325238041486,-0.20983045890176158,0.24978623339432163,-1.154807947387286,0.9050096723801302,-1.4158978826919382,0.0,0.0,0.0,0.0,0.0,0.0,1.0,0.0,0.0,0.0,0.0,0.0,0.0,0.0,0.0,0.0,0.0,0.0,0.0,0.0,0.0,0.0,0.0,0.0,0.0,0.0,8.124251338973364
1.8677910186782187,1.8415669924625249,1.8198914120312308,0.24978623339432163,0.884149834718391,-0.2434609991548385,-0.40998721070526406,0.0,0.0,0.0,0.0,0.0,0.0,0.0,0.0,0.0,0.0,0.0,0.0,0.0,0.0,0.0,0.0,0.0,0.0,0.0,0.0,0.0,0.0,0.0,0.0,1.0,0.0,10.249507988246991
-0.6995215393477391,-0.6727017680567432,-0.7172609266350096,0.24978623339432163,-0.5722485810713784,-0.2434609991548385,-0.4296209045147168,0.0,0.0,0.0,0.0,0.0,0.0,0.0,0.0,0.0,1.0,0.0,0.0,0.0,0.0,0.0,0.0,0.0,0.0,0.0,0.0,0.0,0.0,0.0,0.0,0.0,0.0,5.929589143389895
-0.9239860252953638,-0.7772210236903386,-0.7172609266350096,0.24978623339432163,-1.154807947387286,-0.2434609991548385,-1.3916053462836322,0.0,0.0,0.0,0.0,0.0,0.0,0.0,0.0,0.0,0.0,0.0,0.0,0.0,0.0,1.0,0.0,0.0,0.0,0.0,0.0,0.0,0.0,0.0,0.0,0.0,0.0,2.791165107812717
-0.3207377193111223,0.7715643097893029,-0.7172609266350096,0.24978623339432163,-1.4460876305452401,-0.8176963349223229,2.0968028819491016,0.0,0.0,0.0,0.0,0.0,0.0,0.0,0.0,0.0,0.0,0.0,0.0,0.0,0.0,0.0,1.0,0.0,0.0,0.0,0.0,0.0,0.0,0.0,0.0,0.0,0.0,8.074866984074939
1.8677910186782187,1.8415669924625249,1.8198914120312308,0.24978623339432163,0.5928701515604371,-1.3919316706898073,-0.06210365031041365,0.0,0.0,0.0,0.0,0.0,0.0,0.0,0.0,0.0,0.0,0.0,0.0,0.0,0.0,0.0,0.0,0.0,0.0,0.0,0.0,0.0,0.0,0.0,0.0,1.0,0.0,10.162190507196863
0.7735266496835482,0.23471540585310813,1.3124609442979827,0.24978623339432163,0.884149834718391,-0.2434609991548385,0.4478255105532941,0.0,0.0,0.0,0.0,0.0,0.0,0.0,0.0,0.0,1.0,0.0,0.0,0.0,0.0,0.0,0.0,0.0,0.0,0.0,0.0,0.0,0.0,0.0,0.0,0.0,0.0,7.870780730713311
1.0541072571180792,-0.029749983401595476,1.3124609442979827,0.24978623339432163,0.010310785244529358,-0.8176963349223229,-0.038996919069157275,0.0,0.0,0.0,0.0,0.0,0.0,0.0,0.0,0.0,1.0,0.0,0.0,0.0,0.0,0.0,0.0,0.0,0.0,0.0,0.0,0.0,0.0,0.0,0.0,0.0,0.0,7.80339422312542
-0.8398118430650046,-0.7318237712434233,-0.7172609266350096,0.24978623339432163,1.4667092010342988,-1.3919316706898073,-0.97377372006077,0.0,0.0,0.0,0.0,0.0,0.0,0.0,0.0,0.0,0.0,0.0,0.0,0.0,0.0,0.0,0.0,1.0,0.0,0.0,0.0,0.0,0.0,0.0,0.0,0.0,0.0,4.997279839049098
